chembl_id,can_smiles,label,scaffold,MW,LogP,TPSA,HBD,HBA,RotB,Rings,AroRings,Fsp3,HeavyAtoms
CHEMBL1522677,CCC(Oc1ccccc1C)C(=O)Nc1ccc(S(=O)(=O)Nc2cc(C)on2)cc1,0,O=C(COc1ccccc1)Nc1ccc(S(=O)(=O)Nc2ccon2)cc1,429.4980000000001,3.888340000000002,110.53,2,6,8,3,3,0.23809523809523808,30
CHEMBL4802249,CC(C)(C#Cc1ccc(-c2ccc(Cl)c3c(NS(C)(=O)=O)nn(CC(F)(F)F)c23)c([C@H](Cc2cc(F)cc(F)c2)NC(=O)Cn2nc(C(F)(F)F)c3c2C(F)(F)[C@@H]2C[C@H]32)n1)S(C)(=O)=O,1,O=C(Cn1ncc2c1CC1CC21)NC(Cc1ccccc1)c1ncccc1-c1cccc2cn[nH]c12,968.296,7.662800000000007,157.94,2,8,11,7,5,0.38461538461538464,64
CHEMBL3502260,Cn1nccc1-c1nnn2c1COC(CNCc1nccs1)C2,0,c1cc(-c2nnn3c2COC(CNCc2nccs2)C3)[nH]n1,331.40500000000003,0.8237000000000001,82.68,1,7,5,4,3,0.42857142857142855,23
CHEMBL1442651,CCOC(=O)C1CCN(C(=O)CCc2c(C)nc3cc(-c4ccccc4)nn3c2C)CC1,0,O=C(CCc1cnc2cc(-c3ccccc3)nn2c1)N1CCCCC1,434.54000000000013,3.7474400000000028,76.8,0,5,6,4,3,0.44,32
CHEMBL1929396,Cc1cc2ncc(C(=O)NCC(C)(C)NCC(=O)N3CCC[C@H]3C#N)cn2n1,1,O=C(NCCNCC(=O)N1CCCC1)c1cnc2ccnn2c1,383.45600000000013,0.6503000000000008,115.42,2,6,6,3,2,0.5263157894736842,28
CHEMBL1089318,Cc1c(Cl)c(C)[n+]([O-])c(Cl)c1-c1noc(-c2cc(O)c(O)c([N+](=O)[O-])c2)n1,1,c1ccc(-c2nc(-c3ccc[nH+]c3)no2)cc1,413.1730000000002,3.2800400000000014,149.46000000000004,2,8,3,3,3,0.13333333333333333,27
CHEMBL3561076,COc1ccc(CN2CCNCC2)c(OC)c1OC,1,c1ccc(CN2CCNCC2)cc1,266.34099999999995,1.1176,42.96000000000001,1,5,5,2,1,0.5714285714285714,19
CHEMBL80117,OC(COc1cccc2ncccc12)CN1CCN(C2c3ccccc3C3C(c4ccccc42)C3(F)F)CC1,0,c1ccc2c(c1)C1CC1c1ccccc1C2N1CCN(CCCOc2cccc3ncccc23)CC1,527.615,5.211400000000005,48.830000000000005,1,5,6,7,4,0.34375,39
CHEMBL3754645,CCC(=O)N(CC1CCCCN1Cc1ccc2c(c1)CCC[C@@H]2O)c1ccc(F)c(F)c1,0,c1ccc(NCC2CCCCN2Cc2ccc3c(c2)CCCC3)cc1,442.5500000000002,5.132200000000006,43.78,1,3,6,4,2,0.5,32
CHEMBL3441207,Cc1nc(-c2cnn(C)c2)nc2c1CN(C(=O)c1cccn1C)CC2,0,O=C(c1ccc[nH]1)N1CCc2nc(-c3cn[nH]c3)ncc2C1,336.3990000000001,1.72252,68.84,0,4,2,4,3,0.3333333333333333,25
CHEMBL1797689,O=C1CC[C@@]2(O)[C@H]3Cc4ccc(O)cc4[C@@]2(CCN3CC2CC2)C1,0,O=C1CCC2C3Cc4ccccc4C2(CCN3CC2CC2)C1,327.42400000000015,2.1544999999999996,60.77,2,4,2,5,1,0.65,24
CHEMBL1200561,COc1cc2nc(N3CCN(C(=O)C4COc5ccccc5O4)CC3)nc(N)c2cc1OC,1,O=C(C1COc2ccccc2O1)N1CCN(c2ncc3ccccc3n2)CC1,451.4830000000003,1.7177999999999993,112.27000000000001,1,9,4,5,3,0.34782608695652173,33
CHEMBL3963387,c1cc2c(ncn3nnc([C@H]4CC[C@H](CNC5CSC5)CC4)c23)[nH]1,0,c1cc2c(ncn3nnc(C4CCC(CNC5CSC5)CC4)c23)[nH]1,342.4720000000001,2.5844000000000005,70.9,2,5,4,5,3,0.5882352941176471,24
CHEMBL5314588,CCCCCCCCC(F)(F)C(F)(F)C(F)(F)C(F)(F)C(F)(F)C(F)(F)F,1,,432.26399999999995,7.475800000000005,0.0,0,0,11,0,0,1.0,27
CHEMBL186563,Cc1c(-c2cccs2)c(=O)n(C[C@H](N)c2ccccc2)c(=O)n1Cc1c(F)cccc1F,0,O=c1c(-c2cccs2)cn(Cc2ccccc2)c(=O)n1CCc1ccccc1,453.5140000000001,4.073420000000003,70.02000000000001,1,4,6,4,4,0.16666666666666666,32
CHEMBL2228293,Cc1ccc(/N=C2/N=NC3(CCCCCCCCCCC(=O)NCCC3)S2)c(C)c1,0,O=C1CCCCCCCCCCC2(CCCN1)N=NC(=Nc1ccccc1)S2,428.6460000000002,6.997240000000007,66.17999999999999,1,4,1,3,1,0.6666666666666666,30
CHEMBL1201171,CCCCOc1ccc(OCCCN2CCOCC2)cc1,1,c1ccc(OCCCN2CCOCC2)cc1,293.4069999999999,2.9666000000000015,30.930000000000003,0,4,9,2,1,0.6470588235294118,21
CHEMBL464847,COc1c(O[C@H]2O[C@H](C(=O)O)[C@@H](O)[C@H](O)[C@H]2O)cc2oc(-c3ccccc3)cc(=O)c2c1O,0,O=c1cc(-c2ccccc2)oc2cc(OC3CCCCO3)ccc12,460.39100000000025,0.4452000000000003,176.12,5,10,5,4,3,0.2727272727272727,33
CHEMBL566534,CO[C@H]1O[C@@H]2O[C@@]3(C)CC[C@H]4[C@H](C)CC[C@@H]([C@H]1C)[C@@]24OO3,1,C1CC2CCOC3OC4CCC(C1)C23OO4,298.379,2.8408000000000015,46.150000000000006,0,5,1,5,0,1.0,21
CHEMBL1189742,N=C(N)NCCNC(=N)N,0,,144.18200000000002,-2.047459999999999,123.8,6,2,3,0,0,0.5,10
CHEMBL2218896,CCCCCCC(C)(C)c1cc(O)c2c(c1)OC(C)(C)C1CCC(=O)CC21,1,O=C1CCC2COc3ccccc3C2C1,372.5490000000002,6.264000000000007,46.53,1,3,6,3,1,0.7083333333333334,27
CHEMBL3544973,CCO/N=C(\C(=O)N[C@@H]1C(=O)N2C(C(=O)[O-])=C(Sc3nc(-c4cc[n+](C)cc4)cs3)CS[C@H]12)c1nsc(NP(=O)(O)O)n1,1,N=C(C(=O)NC1C(=O)N2C=C(Sc3nc(-c4cc[nH+]cc4)cs3)CSC12)c1ncsn1,684.7000000000002,-0.11499999999999982,223.23999999999995,4,14,11,5,3,0.2727272727272727,43
CHEMBL3489160,Cc1nnc2n1CCN(Cc1csc(-c3ncccn3)n1)C2,0,c1cnc(-c2nc(CN3CCn4cnnc4C3)cs2)nc1,313.39000000000004,1.5158200000000002,72.62,0,7,3,4,3,0.35714285714285715,22
CHEMBL107788,NC(=O)/C=C/c1ccc(Nc2c3ccccc3nc3ccccc23)cc1,0,c1ccc(Nc2c3ccccc3nc3ccccc23)cc1,339.398,4.630100000000002,68.01,2,3,4,4,4,0.0,26
CHEMBL3291398,C=C[C@]1(C)C[C@@H](OC(=O)CS[C@@H]2CC[C@@H](N)C[C@H]2O)[C@]2(C)[C@H](C)CC[C@]3(CCC(=O)[C@H]32)[C@@H](C)[C@@H]1O,1,O=C(CSC1CCCCC1)OC1CCCCC23CCCC1C2C(=O)CC3,507.7370000000003,3.8668000000000036,109.85000000000001,3,7,5,4,0,0.8571428571428571,35
CHEMBL2402315,CN1CCN(CCCn2c3c(sc4ncccc43)c(=O)n3nnc(-c4ccccc4)c23)CC1,0,O=c1c2sc3ncccc3c2n(CCCN2CCNCC2)c2c(-c3ccccc3)nnn12,459.5790000000003,2.958400000000001,71.56,0,7,5,6,5,0.3333333333333333,33
CHEMBL5095401,CCO[C@H]1CCN(Cc2c(OC)cc(C)c3[nH]ccc23)[C@H](c2ccc(C(=O)O)cc2)C1,1,c1ccc(C2CCCCN2Cc2cccc3[nH]ccc23)cc1,422.5250000000002,4.925320000000004,74.79,2,4,7,4,3,0.4,31
CHEMBL568824,CCCCOC(=O)N1CCN(C(=O)[C@H](CCC(=O)O)NC(=O)c2cc(OCC3CCNCC3)nc(-c3ccccc3)n2)CC1,0,O=C(NCC(=O)N1CCNCC1)c1cc(OCC2CCNCC2)nc(-c2ccccc2)n1,610.7120000000002,2.5661000000000023,163.28999999999996,3,9,13,4,2,0.5483870967741935,44
CHEMBL1407048,CCOC(=O)C(CCSC)NC(=O)CN,0,,234.32099999999997,-0.253899999999999,81.42,2,5,7,0,0,0.7777777777777778,15
CHEMBL510143,CC(C)C(=O)OCC1(CO)C/C(=C/c2ccc(Cl)c(F)c2)C(=O)O1,0,O=C1OCCC1=Cc1ccccc1,356.7770000000001,2.739700000000001,72.83,1,5,5,2,1,0.4117647058823529,24
CHEMBL363912,N=C(NCCc1cccnc1)c1cccs1,0,N=C(NCCc1cccnc1)c1cccs1,231.324,2.30077,48.77,2,3,4,2,2,0.16666666666666666,16
CHEMBL1603180,CCOC(=O)N1CCN(CC(=O)Nc2nc3ccccc3s2)CC1,0,O=C(CN1CCNCC1)Nc1nc2ccccc2s1,348.4280000000001,2.0088999999999997,74.77000000000001,1,6,4,3,2,0.4375,24
CHEMBL94081,C=CCOc1ccc(CC(=O)O)cc1Cl,1,c1ccccc1,226.659,2.5319000000000003,46.53,1,2,5,1,1,0.18181818181818182,15
CHEMBL1198875,O=C(NCCCNCCCCNCCCNC(=O)NCCC(c1ccccc1)c1ccccc1)NCCC(c1ccccc1)c1ccccc1,0,O=C(NCCCNCCCCNCCCNC(=O)NCCC(c1ccccc1)c1ccccc1)NCCC(c1ccccc1)c1ccccc1,676.9500000000003,6.768800000000008,106.32,6,4,23,4,4,0.38095238095238093,50
CHEMBL539943,c1ccc(C2CCN(C[C@@H]3[C@@H](c4ccccc4)CN4OC5(CCCCC5)C[C@@H]34)CC2)cc1,0,c1ccc(C2CCN(CC3C(c4ccccc4)CN4OC5(CCCCC5)CC34)CC2)cc1,430.6360000000004,5.988400000000007,15.71,0,3,4,6,2,0.5862068965517241,32
CHEMBL1741134,O=S(=O)(O)Oc1ccc(C(c2ccc(OS(=O)(=O)O)cc2)c2ccccn2)cc1,1,c1ccc(C(c2ccccc2)c2ccccn2)cc1,437.4510000000001,2.625000000000001,140.09,2,7,7,3,3,0.05555555555555555,29
CHEMBL1830432,CC(C)Cc1c2[nH]c3ccccc3nc-2c2c(c1=O)CCCC2,0,O=c1cc2[nH]c3ccccc3nc-2c2c1CCCC2,306.40900000000016,4.105200000000003,45.75,1,2,2,4,1,0.4,23
CHEMBL538780,CN(C)C(=O)C1CCCN(CCOC(c2ccc(Cl)cc2)c2ccc(Cl)cc2)C1,0,c1ccc(C(OCCN2CCCCC2)c2ccccc2)cc1,435.3950000000001,4.899600000000005,32.78,0,3,7,3,2,0.43478260869565216,29
CHEMBL3208392,COc1ccc(/C=N/NC(=O)c2ccc(CSc3nc(C)cc(C)n3)cc2)cc1O,0,O=C(NN=Cc1ccccc1)c1ccc(CSc2ncccn2)cc1,422.51000000000016,3.8638400000000037,96.7,2,7,7,3,3,0.18181818181818182,30
CHEMBL3503036,CCN1CCn2c(C)cnc2C12CCN(C(=O)COC)CC2,0,c1cn2c(n1)C1(CCNCC1)NCC2,306.4100000000001,0.9911200000000002,50.60000000000001,0,4,3,3,1,0.75,22
CHEMBL1349900,COc1ccc(S(=O)(=O)N2CCCCC2)cc1-n1cnnn1,0,O=S(=O)(c1cccc(-n2cnnn2)c1)N1CCCCC1,323.37799999999993,0.8454999999999997,90.21000000000001,0,6,4,3,2,0.46153846153846156,22
CHEMBL3446559,CO[C@H]1CN(C(=O)c2cccc(C)n2)CC[C@@]12CCCO2,0,O=C(c1ccccn1)N1CCC2(CCCO2)CC1,290.36300000000006,1.80012,51.66,0,4,2,3,1,0.625,21
CHEMBL1402684,CC(=O)Oc1ccc(C2(c3ccc(OC(C)=O)cc3)C(=O)Nc3ccccc32)cc1,1,O=C1Nc2ccccc2C1(c1ccccc1)c1ccccc1,401.41800000000006,3.8237000000000023,81.7,1,5,4,4,3,0.125,30
CHEMBL465369,C[C@H](CCC(=O)O)[C@H]1CC(=O)[C@@]2(C)C3=C(C(=O)[C@@H](O)[C@]12C)[C@@]1(C)CC[C@H](O)C(C)(C)[C@@H]1C[C@@H]3O,0,O=C1CC2CCC(=O)C2C2=C1C1CCCCC1CC2,476.61000000000024,2.8971000000000013,132.13,4,6,4,4,0,0.8148148148148148,34
CHEMBL3453913,Cn1cc(CCCN2CCCC(c3cc(C(F)(F)F)[nH]n3)C2)cn1,0,c1cc(C2CCCN(CCCc3cn[nH]c3)C2)n[nH]1,341.38100000000003,2.9742000000000015,49.74,1,3,5,3,2,0.625,24
CHEMBL1201275,CCN(CC)c1ccc(C(=C2C=CC(=[N+](CC)CC)C=C2)c2cc(S(=O)(=O)[O-])ccc2S(=O)(=O)O)cc1,1,[N+]=C1C=CC(=C(c2ccccc2)c2ccccc2)C=C1,544.6950000000002,4.104800000000004,117.82000000000001,1,6,9,3,2,0.2962962962962963,37
CHEMBL2115353,CC[C@@](O)(C(=O)O[C@H]1CC[N+]2([O-])CC=C(CO)[C@H]12)c1ccccc1,0,O=C(Cc1ccccc1)OC1CC[NH+]2CC=CC12,333.38399999999996,1.2151999999999996,89.82000000000001,2,5,5,3,1,0.5,24
CHEMBL37958,NS(=O)(=O)c1nc2ccc(NC(=O)CN(CC(=O)O)CC(=O)O)cc2s1,0,c1ccc2scnc2c1,402.41000000000014,-0.6466000000000001,179.98999999999998,4,8,8,2,2,0.23076923076923078,26
CHEMBL100311,CN(C)c1ncnc2c1ncn2CCOCCOC(=O)N[C@@H](CCCNC(=N)N)C(=O)O,0,c1ncc2nc[nH]c2n1,451.48800000000017,-0.6484299999999945,193.6,5,9,13,2,2,0.5555555555555556,32
CHEMBL3674037,O=C(c1cccc(C(F)(F)F)c1Cl)N1CCc2c(ncnc2-c2ccccc2)C1,0,O=C(c1ccccc1)N1CCc2c(ncnc2-c2ccccc2)C1,417.8180000000001,5.014300000000005,46.09,0,3,2,4,3,0.19047619047619047,29
CHEMBL750,NS(=O)(=O)Cc1noc2ccccc12,1,c1ccc2oncc2c1,212.23000000000002,0.6163,86.19000000000001,1,4,2,2,2,0.125,14
CHEMBL1332098,CC(C)CCn1c(SCCc2ccccc2)nc2c1c(=O)[nH]c(=O)n2C,0,O=c1[nH]c(=O)c2[nH]c(SCCc3ccccc3)nc2[nH]1,372.49400000000014,2.8042000000000007,72.68,1,4,7,3,3,0.42105263157894735,26
CHEMBL1200424,O=C(O)CN(CCN(CC(=O)O)CC(=O)O)CCN(CC(=O)O)CC(=O)O,1,,393.3490000000002,-2.6845999999999934,196.21999999999997,5,8,16,0,0,0.6428571428571429,27
CHEMBL1574999,O=C(O)c1ccc(NC(=S)NC(=O)c2ccc3ccccc3c2)cc1,0,O=C(NC(=S)Nc1ccccc1)c1ccc2ccccc2c1,350.39900000000006,3.6648000000000014,78.43,3,3,3,3,3,0.0,25
CHEMBL2095209,CC/C=C\C/C=C\C/C=C\C/C=C\C/C=C\CCCC(=O)OCC,1,,330.5120000000001,6.471200000000007,26.3,0,2,14,0,0,0.5,24
CHEMBL1201042,CC(O)(P(=O)(O)O)P(=O)(O)O,1,,206.027,-0.9922000000000002,135.29000000000002,5,3,2,0,0,1.0,11
CHEMBL1604,CC1=C(C(=O)O)N2C(=O)[C@@H](NC(=O)[C@H](N)C3=CCC=CC3)[C@H]2SC1,1,O=C(CC1=CCC=CC1)NC1C(=O)N2C=CCSC12,349.4120000000001,0.34860000000000113,112.73,3,5,4,3,0,0.4375,24
CHEMBL1434513,NC[C@H](O)c1ccc(O)c(O)c1,1,c1ccccc1,169.17999999999998,0.08989999999999998,86.71000000000001,4,4,2,1,1,0.25,12
CHEMBL2107260,Cc1ccnc(NS(=O)(=O)c2ccc(N)cc2)n1,1,O=S(=O)(Nc1ncccn1)c1ccccc1,264.31,1.16802,97.97,2,5,3,2,2,0.09090909090909091,18
CHEMBL3125157,C[C@@]1(Cc2ccccc2)CC(c2ccc3c(=O)n(-c4ccc(F)cc4)c(CCCCC(=O)O)nc3c2)=NO1,0,O=c1c2ccc(C3=NOC(Cc4ccccc4)C3)cc2ncn1-c1ccccc1,513.5690000000003,5.448000000000005,93.78,1,5,9,5,4,0.26666666666666666,38
CHEMBL1200463,O=C(O)CCc1nc(-c2ccccc2)c(-c2ccccc2)o1,1,c1ccc(-c2ncoc2-c2ccccc2)cc1,293.32200000000006,4.025800000000003,63.33,1,3,5,3,3,0.1111111111111111,22
CHEMBL141378,CCNCCCNCc1ccccc1CNCCCNCC,0,c1ccccc1,306.4980000000001,1.865,48.12,4,4,14,1,1,0.6666666666666666,22
CHEMBL443648,COc1ccc(N/C(=N\C(=O)C2CCN(C(=O)c3ccccc3)CC2)N[C@H]2CCCCN(CC(=O)N3CCCC3)C2=O)cc1,0,O=C(N=C(Nc1ccccc1)NC1CCCCN(CC(=O)N2CCCC2)C1=O)C1CCN(C(=O)c2ccccc2)CC1,602.7360000000002,3.135200000000001,123.65,2,5,7,5,2,0.48484848484848486,44
CHEMBL3719499,N#Cc1ccc2nc(NC3CC3)c(N3CCN(S(=O)(=O)c4ccc(Cl)cc4)CC3)nc2c1,0,O=S(=O)(c1ccccc1)N1CCN(c2nc3ccccc3nc2NC2CC2)CC1,468.97000000000014,3.2400800000000025,102.22000000000001,1,7,5,5,3,0.3181818181818182,32
CHEMBL1201198,Cc1cccn2c(=O)c(-c3nnn[nH]3)cnc12,1,O=c1c(-c2nnn[nH]2)cnc2ccccn12,228.21500000000003,0.1830199999999999,88.83,1,5,1,3,3,0.1,17
CHEMBL1237066,O=C(O)C(O)[C@H](O)[C@@H](O)[C@H](O)[C@H](O)CO,1,,226.181,-4.132199999999999,158.68,7,7,6,0,0,0.8571428571428571,15
CHEMBL9225,CC[C@H](c1ccc(O)cc1)[C@@H](CC)c1ccc(O)cc1,1,c1ccc(CCc2ccccc2)cc1,270.37199999999996,4.785200000000004,40.46,2,2,5,2,2,0.3333333333333333,20
CHEMBL640,CCN(CC)CCNC(=O)c1ccc(N)cc1,1,c1ccccc1,235.33100000000002,1.3403999999999996,58.36,2,3,6,1,1,0.46153846153846156,17
CHEMBL1200810,C=C1/C(=C\C=C2/CCC[C@]3(C)[C@@H]([C@H](C)/C=C/[C@H](C)C(C)C)CC[C@@H]23)C[C@@H](O)C[C@@H]1O,1,C=C1CCCCC1=CC=C1CCCC2CCCC12,412.65800000000024,6.6118000000000094,40.46,2,2,5,3,0,0.7142857142857143,30
CHEMBL2063090,C=C[C@@H]1C[C@]1(NC(=O)[C@@H]1C[C@@H]2CN1C(=O)[C@H](C(C)(C)C)NC(=O)O[C@@H]1C[C@H]1CCCCCc1nc3ccc(OC)cc3nc1O2)C(=O)NS(=O)(=O)C1CC1,1,O=C1NCC(=O)N2CC(CC2C(=O)NC2(C(=O)NS(=O)(=O)C3CC3)CC2)Oc2nc3ccccc3nc2CCCCCC2CC2O1,766.9180000000002,3.3019000000000016,195.22,3,11,7,7,2,0.631578947368421,54
CHEMBL2357490,COc1ccc(NC(=O)Nc2ccc3c(c2)CC(=O)N([C@@H](C)CO)C[C@@H](C)[C@H](CN(C)Cc2ccc(C(F)(F)F)cc2)O3)cc1,0,O=C1Cc2cc(NC(=O)Nc3ccccc3)ccc2OC(CNCc2ccccc2)CCN1,628.6920000000005,5.639000000000006,103.37,3,6,9,4,3,0.3939393939393939,45
CHEMBL1618845,CN(C)CCCN(C(=O)c1ccc2c(c1)CCCC2)c1nc2ccc(F)cc2s1,0,O=C(Nc1nc2ccccc2s1)c1ccc2c(c1)CCCC2,411.5460000000001,4.912700000000005,36.44,0,4,6,4,3,0.391304347826087,29
CHEMBL1485660,CC1=NN(c2ccccc2)C(=O)/C1=C\c1cc(C)n(-c2cccnc2)c1C,0,O=C1C(=Cc2ccn(-c3cccnc3)c2)C=NN1c1ccccc1,356.42900000000003,4.295240000000003,50.49,0,3,3,4,3,0.13636363636363635,27
CHEMBL496239,CC1=CC(=O)O[C@@H]1[C@@H](O)/C=C(\C)CC[C@@H]1[C@@]2(C)CCC[C@@]3(C)CO[C@@H](C[C@@]1(C)O)[C@@H]32,0,O=C1C=CC(CC=CCCC2CCC3OCC4CCCC2C43)O1,418.57400000000024,3.927900000000003,75.99000000000001,2,5,5,4,0,0.8,30
CHEMBL3989519,CCN1CC(CCN2CCOCC2)C(c2ccccc2)(c2ccccc2)C1=O,1,O=C1NCC(CCN2CCOCC2)C1(c1ccccc1)c1ccccc1,378.5160000000001,3.173300000000001,32.78,0,3,6,4,2,0.4583333333333333,28
CHEMBL43452,Nc1cccc2c1C(=O)N(C1CCC(=O)NC1=O)C2=O,1,O=C1CCC(N2C(=O)c3ccccc3C2=O)C(=O)N1,273.248,-0.3299999999999998,109.57,2,5,1,3,1,0.23076923076923078,20
CHEMBL65225,CN1C(=O)CC2(C(=O)N(Cc3ccc(Br)cc3F)C(=O)c3ccccc32)C(=O)N1C,0,O=C1CC2(C(=O)NN1)C(=O)N(Cc1ccccc1)C(=O)c1ccccc12,474.2860000000002,2.2440999999999995,78.0,0,4,2,4,2,0.23809523809523808,30
CHEMBL1550,CC1=C(C/C=C(\C)CCC[C@H](C)CCC[C@H](C)CCCC(C)C)C(=O)c2ccccc2C1=O,1,O=C1C=CC(=O)c2ccccc21,450.7070000000002,9.1576,34.14,0,2,14,2,1,0.6129032258064516,33
CHEMBL1201747,CN1CCC(=C2c3ccccc3CCn3c(C=O)cnc32)CC1,1,c1ccc2c(c1)CCn1ccnc1C2=C1CCNCC1,307.39700000000005,2.7792000000000012,38.13,0,3,1,4,2,0.3684210526315789,23
CHEMBL141305,CC(=O)Oc1ccc(C(=C2CCCCC2)c2ccc(OC(C)=O)cc2)cc1,1,c1ccc(C(=C2CCCCC2)c2ccccc2)cc1,364.44100000000003,5.303200000000005,52.6,0,4,4,3,2,0.30434782608695654,27
CHEMBL2237848,O=C1CC(CCl)=NN1c1ccc([N+](=O)[O-])cc1[N+](=O)[O-],0,O=C1CC=NN1c1ccccc1,298.64200000000005,1.8344999999999998,118.95000000000002,0,6,4,2,1,0.2,20
CHEMBL2269604,O=C(CCl)NC(Cc1ccco1)C(=O)Nc1ncc([N+](=O)[O-])s1,0,O=C(CCc1ccco1)Nc1nccs1,358.7630000000001,1.5491000000000001,127.37,2,7,7,2,2,0.25,23
CHEMBL535,CCN(CC)CCNC(=O)c1c(C)[nH]c(/C=C2\C(=O)Nc3ccc(F)cc32)c1C,1,O=C1Nc2ccccc2C1=Cc1ccc[nH]1,398.48200000000014,3.3349400000000013,77.23,3,3,7,3,2,0.36363636363636365,29
CHEMBL2374231,CC[C@H]1OC(=O)CC(=O)[C@H](C)[C@@H](O[C@@H]2O[C@@H](C)[C@@H](O)[C@@H](N(C)C)[C@H]2O)[C@H]2C[C@@H](O)[C@](C)(C2)C(=O)/C=C/C(C)=C/[C@@H]1CO[C@@H]1O[C@@H](C)[C@@H](O)[C@@H](OC)[C@@H]1OC,0,O=C1CC(=O)OCC(COC2CCCCO2)C=CC=CC(=O)C2CCC(C2)C(OC2CCCCO2)C1,769.9260000000003,1.316400000000006,199.97999999999996,4,15,9,4,0,0.8205128205128205,54
CHEMBL1201340,C[N+]1(C)CCC(=C(c2ccccc2)c2ccccc2)CC1,1,c1ccc(C(=C2CC[NH2+]CC2)c2ccccc2)cc1,278.4190000000001,4.358700000000004,0.0,0,0,2,3,2,0.3,21
CHEMBL1526726,CC(=O)Nc1ccc(NC(=O)CSc2nc3ccccc3nc2N2CCCCC2)cc1,0,O=C(CSc1nc2ccccc2nc1N1CCCCC1)Nc1ccccc1,435.5530000000003,4.309300000000003,87.22,2,6,6,4,3,0.30434782608695654,31
CHEMBL3647317,CC(=O)OCCOc1ccc(C(F)(F)F)cc1C(=O)/N=c1\sc(C(C)(C)C)cn1CC(C)C,0,O=C(N=c1[nH]ccs1)c1ccccc1,486.55600000000027,5.204900000000006,69.89000000000001,0,5,7,2,2,0.5217391304347826,33
CHEMBL1200340,CCOC(=O)C1=C[C@@H](OC(CC)CC)[C@H](NC(C)=O)[C@@H](N)C1,1,C1=CCCCC1,312.41,1.2853999999999997,90.64999999999999,2,5,7,1,0,0.75,22
CHEMBL1908847,C1CCN2C[C@@H]3C[C@@H](CN4CCCC[C@@H]34)[C@H]2C1,1,C1CCN2CC3CC(CN4CCCCC34)C2C1,234.38699999999992,2.3451000000000004,6.48,0,2,0,4,0,1.0,17
CHEMBL2364638,C[C@@H]1[C@H](c2ccccc2)C[C@H](NC(=O)c2cnc3c(c2)C[C@@]2(C3)C(=O)Nc3ncccc32)C(=O)N1CC(F)(F)F,1,O=C(NC1CC(c2ccccc2)CNC1=O)c1cnc2c(c1)CC1(C2)C(=O)Nc2ncccc21,549.5530000000003,3.5306000000000024,104.29,2,5,4,6,3,0.3448275862068966,40
CHEMBL1201327,CC(=O)Nc1c(I)cc(I)c(C(=O)O)c1I,1,c1ccccc1,556.863,3.157000000000001,66.4,2,2,2,1,1,0.1111111111111111,16
CHEMBL3084912,COc1cc(N)c(Cl)cc1C(=O)N[C@@H]1C[C@H]2CCC[C@@H](C1)N2Cc1ccc(F)cc1,0,O=C(NC1CC2CCCC(C1)N2Cc1ccccc1)c1ccccc1,431.93900000000025,4.385400000000004,67.58999999999999,2,4,5,4,2,0.43478260869565216,30
CHEMBL182095,CC(C)[C@H](O)C(=O)N[C@H](C(=O)N[C@@H](CC(=O)O)C(=O)CSCc1ccccc1)C(C)C,0,c1ccccc1,452.5730000000002,1.6061000000000005,132.8,4,6,13,1,1,0.5454545454545454,31
CHEMBL2105827,CC(I)C1OCC(CO)O1,1,C1COCO1,258.055,0.5436999999999999,38.69,1,3,2,1,0,1.0,10
CHEMBL1200654,CCCCOc1cc(C(=O)OCCN(CC)CC)ccc1N,1,c1ccccc1,308.42199999999997,2.946300000000001,64.79,1,5,10,1,1,0.5882352941176471,22
CHEMBL341812,CC(C)Cc1ccc(CC(=O)O)cc1,1,c1ccccc1,192.25799999999998,2.5122,37.3,1,1,4,1,1,0.4166666666666667,14
CHEMBL3439347,CC(C)NC(=O)Cn1cc(OCc2ccc(F)cc2)c(=O)cc1CO,0,O=c1cc[nH]cc1OCc1ccccc1,348.3740000000001,1.5832999999999997,80.56,2,4,7,2,2,0.3333333333333333,25
CHEMBL3326722,CC(C)(C)n1nnnc1C(c1ccccc1Cl)N1CCN(C2=NC(=O)/C(=C/c3ccccc3)S2)CC1,0,O=C1N=C(N2CCN(C(c3ccccc3)c3nnn[nH]3)CC2)SC1=Cc1ccccc1,522.0780000000003,4.459000000000004,79.51,0,7,4,5,3,0.34615384615384615,36
CHEMBL576127,O=C1NCC2(CCN(CCc3ccccc3)CC2)O1,1,O=C1NCC2(CCN(CCc3ccccc3)CC2)O1,260.337,1.8034999999999997,41.57000000000001,1,3,3,3,1,0.5333333333333333,19
CHEMBL3989921,CCOc1cc2ncc(C#N)c(Nc3ccc(OCc4ccccn4)c(Cl)c3)c2cc1NC(=O)/C=C/CN(C)C,1,c1ccc(COc2ccc(Nc3ccnc4ccccc34)cc2)nc1,557.054,5.932480000000005,112.39999999999999,2,8,11,4,4,0.2,40
CHEMBL106828,C=Cc1cncc(-c2ccc(C(C)C(=O)O)cc2)c1,0,c1ccc(-c2cccnc2)cc1,253.301,3.5797000000000017,50.19,1,2,4,2,2,0.125,19
CHEMBL1528839,N=C(N)NC(=N)NCCc1ccccc1,1,c1ccccc1,205.26500000000001,0.23654000000000086,97.78,5,2,3,1,1,0.2,15
CHEMBL1085725,NCCCCCNc1ccn(O)c(=O)n1,0,O=c1nccc[nH]1,212.25300000000001,0.021500000000000186,93.17,3,5,6,1,1,0.5555555555555556,15
CHEMBL3272759,O=C(O)c1ccc(SCc2c(Cl)cccc2Cl)cn1,0,c1ccc(CSc2cccnc2)cc1,314.193,4.3789000000000025,50.19,1,3,4,2,2,0.07692307692307693,19
CHEMBL1880144,CCC(C)(C(=O)Nc1c(C)cccc1C)N(C)C(=O)c1ccc2ccccc2n1,0,O=C(CNC(=O)c1ccc2ccccc2n1)Nc1ccccc1,389.4990000000001,4.731040000000004,62.300000000000004,1,3,5,3,3,0.2916666666666667,29
CHEMBL551101,O=S(=O)(Nc1sccc1-c1nc2ccccc2s1)c1ccc(Cl)cc1,0,O=S(=O)(Nc1sccc1-c1nc2ccccc2s1)c1ccccc1,406.94100000000014,5.479000000000002,59.06,1,5,4,4,4,0.0,25
CHEMBL1625,COc1ccc(C(=O)c2ccccc2)c(O)c1,1,O=C(c1ccccc1)c1ccccc1,228.247,2.631800000000001,46.53,1,3,3,2,2,0.07142857142857142,17
CHEMBL1194121,c1ccc(Cc2ccccc2OCCCCN2CCOCC2)cc1,0,c1ccc(Cc2ccccc2OCCCCN2CCOCC2)cc1,325.452,3.768600000000003,21.700000000000003,0,3,8,3,2,0.42857142857142855,24
CHEMBL3740643,CC(C)Cn1c(-c2c(F)ccc(F)c2F)c(Cl)nc(-n2cccn2)c1=O,0,O=c1[nH]c(-c2ccccc2)cnc1-n1cccn1,382.7730000000001,3.822700000000003,52.71,0,3,4,3,3,0.23529411764705882,26
CHEMBL2171651,COc1ccc(C2=NN(C3CCCCCC3)C(=O)C2(C)C)cc1Cl,0,O=C1CC(c2ccccc2)=NN1C1CCCCCC1,348.874,4.643900000000005,41.9,0,3,3,3,1,0.5789473684210527,24
CHEMBL3989917,Cc1ccccc1-c1cc(N2CC[N+](C)(COP(=O)([O-])O)CC2)ncc1N(C)C(=O)C(C)(C)c1cc(C(F)(F)F)cc(C(F)(F)F)c1,1,O=C(Cc1ccccc1)Nc1cnc(N2CC[NH2+]CC2)cc1-c1ccccc1,688.6060000000004,5.736620000000006,106.03,1,6,8,4,3,0.41935483870967744,47
CHEMBL1200773,Cc1cccc(C)c1NC(=O)C(C)N,1,c1ccccc1,192.262,1.58914,55.120000000000005,2,2,2,1,1,0.36363636363636365,14
CHEMBL1201152,C=C1CC[C@@]2(O)[C@H]3Cc4ccc(O)c5c4[C@@]2(CCN3CC2CC2)[C@H]1O5,1,C=C1CCC2C3Cc4cccc5c4C2(CCN3CC2CC2)C1O5,339.4350000000001,2.512500000000001,52.93000000000001,2,4,2,6,1,0.6190476190476191,25
CHEMBL1615369,CCCCCCOC(=O)NC(=N)c1ccc(NCc2nc3cc(C(=O)N(CCC(=O)OCC)c4ccccn4)ccc3n2C)cc1,1,O=C(Nc1ccccn1)c1ccc2[nH]c(CNc3ccccc3)nc2c1,627.7460000000003,5.812270000000005,151.52999999999997,3,9,15,4,4,0.35294117647058826,46
CHEMBL502012,CN(C)c1ccc(-c2cc(-c3ccc(-c4ccccc4)cc3)ccc2C=O)cc1,0,c1ccc(-c2ccc(-c3cccc(-c4ccccc4)c3)cc2)cc1,377.4870000000001,6.566100000000006,20.310000000000002,0,2,5,4,4,0.07407407407407407,29
CHEMBL3963124,Nc1ccccc1NC(=O)CCCCCNC(=O)c1ccccc1-c1ccccc1,0,O=C(CCCCCNC(=O)c1ccccc1-c1ccccc1)Nc1ccccc1,401.51000000000005,4.864700000000004,84.22,3,3,9,3,3,0.2,30
CHEMBL1200381,N=C(N)NCCC[C@H](N)C(=O)O,1,,174.204,-1.338429999999999,125.22000000000001,5,3,5,0,0,0.6666666666666666,12
CHEMBL1773,CCCCCOC(=O)Nc1nc(=O)n([C@@H]2O[C@H](C)[C@@H](O)[C@H]2O)cc1F,1,O=c1ncccn1C1CCCO1,359.35400000000004,0.7601999999999995,122.91000000000001,3,7,6,2,1,0.6666666666666666,25
CHEMBL1201244,C=CC[N+]1([C@H]2C[C@H]3[C@@H]4CC[C@H]5C[C@H](O)[C@@H](N6CCOCC6)C[C@]5(C)[C@H]4CC[C@]3(C)[C@H]2OC(C)=O)CCCC1,1,C1CC[NH+](C2CC3CCC4C5CC(N6CCOCC6)CCC5CCC4C3C2)C1,529.7860000000004,4.407500000000003,59.00000000000001,1,5,5,6,0,0.90625,38
CHEMBL2107381,CC(=O)OC[C@H]1O[C@@H](n2ccc(=O)[nH]c2=O)[C@H](OC(C)=O)[C@@H]1OC(C)=O,1,O=c1ccn(C2CCCO2)c(=O)[nH]1,370.31400000000014,-1.1394999999999988,142.99,1,9,5,2,1,0.5333333333333333,26
CHEMBL6965,COc1ccc2ccc3oc([N+](=O)[O-])cc3c2c1OC,0,c1ccc2c(c1)ccc1occc12,273.24399999999997,3.511400000000002,74.74000000000001,0,5,3,3,3,0.14285714285714285,20
CHEMBL173306,CCOC(=O)c1c(O)c2cc(F)ccc2[n+]2ccccc12,0,c1ccc2c(c1)ccc1cccc[n+]12,286.28200000000004,2.5999000000000008,50.63,1,3,2,3,3,0.125,21
CHEMBL26,CCN1CCCC1CNC(=O)c1cc(S(N)(=O)=O)ccc1OC,1,O=C(NCC1CCCN1)c1ccccc1,341.4330000000001,0.5567000000000012,101.73,2,5,6,2,1,0.5333333333333333,23
CHEMBL2355497,C[C@H]1CN([C@@H](C)CO)C(=O)c2cc(NS(=O)(=O)c3ccc(Cl)cc3)ccc2O[C@H]1CN(C)Cc1ccc(Cl)c(Cl)c1,0,O=C1NCCC(CNCc2ccccc2)Oc2ccc(NS(=O)(=O)c3ccccc3)cc21,641.0170000000002,5.799700000000006,99.18,2,6,9,4,3,0.3448275862068966,41
CHEMBL4206516,CC(=O)NCCN(C)c1cccc(OCCCCOc2cccc(O)c2)c1,0,c1ccc(OCCCCOc2ccccc2)cc1,372.46500000000003,3.2025000000000023,71.03000000000002,2,5,11,2,2,0.38095238095238093,27
CHEMBL1605481,O=C(NCCN1CCOCC1)C1CC(=O)N(c2ccc(F)c(Cl)c2)C1,0,O=C(NCCN1CCOCC1)C1CC(=O)N(c2ccccc2)C1,369.82400000000007,1.2803999999999998,61.88000000000001,1,4,5,3,1,0.5294117647058824,25
CHEMBL272860,Cc1ccc(CN(C)[C@H]2CCCC[C@@H]2NC(=O)CNC(=O)c2cccc(C(F)(F)F)c2)c(C)c1,0,O=C(CNC(=O)c1ccccc1)NC1CCCCC1NCc1ccccc1,475.5550000000001,4.611440000000003,61.440000000000005,2,3,7,3,2,0.46153846153846156,34
CHEMBL1237135,CNCCCC12CCC(c3ccccc31)c1ccccc12,1,c1ccc2c(c1)C1CCC2c2ccccc21,277.41100000000006,4.211400000000004,12.03,1,1,4,5,2,0.4,21
CHEMBL609565,O=[N+]([O-])c1ccccc1-c1cc2ccccc2s1,0,c1ccc(-c2cc3ccccc3s2)cc1,255.298,4.4765000000000015,43.14,0,3,2,3,3,0.0,18
CHEMBL2287208,CC1(C)SC(N2CCCc3ccccc32)=NC1=O,0,O=C1CSC(N2CCCc3ccccc32)=N1,260.362,2.847200000000001,32.67,0,3,0,3,1,0.42857142857142855,18
CHEMBL544423,CCCCCCCCCCCCCC1CC(=O)NCCCNCCCNCCCN1,0,O=C1CCNCCCNCCCNCCCN1,424.7180000000003,4.515100000000002,65.19,4,4,12,1,0,0.96,30
CHEMBL123016,CC(C)[C@H](NC(=O)OCc1ccccc1)C(=O)N[C@@H](Cc1ccc(OCc2ccccc2)cc1)C(=O)C(F)(F)C(=O)NCc1ccccc1,0,O=C(CC(=O)C(Cc1ccc(OCc2ccccc2)cc1)NC(=O)CNC(=O)OCc1ccccc1)NCc1ccccc1,671.7410000000002,5.764700000000006,122.82999999999998,3,6,16,4,4,0.2631578947368421,49
CHEMBL1201274,CC(C)NC[C@H](O)COc1ccc(CCOCC2CC2)cc1,1,c1ccc(CCOCC2CC2)cc1,307.434,2.3933999999999997,50.72,2,4,11,2,1,0.6666666666666666,22
CHEMBL1874932,CCOc1ccccc1CNC(=O)CC(C)n1ccc(C)n1,0,O=C(CCn1cccn1)NCc1ccccc1,301.39,2.8577200000000014,56.15,1,3,7,2,2,0.4117647058823529,22
CHEMBL3451824,Cc1nc(CN(C)c2nccc(N(C)C)n2)cs1,0,c1cnc(NCc2cscn2)nc1,263.37,1.9439199999999999,45.150000000000006,0,6,4,2,2,0.4166666666666667,18
CHEMBL1479,C#C[C@]1(O)CC[C@H]2[C@@H]3CCC4=Cc5oncc5C[C@]4(C)[C@H]3CC[C@@]21C,1,C1=C2CCC3C4CCCC4CCC3C2Cc2cnoc21,337.46300000000014,4.221000000000004,46.260000000000005,1,3,0,5,1,0.6818181818181818,25
CHEMBL3742259,C/C(COc1cc(=O)oc2ccccc12)=N\O,0,O=c1ccc2ccccc2o1,233.223,2.0219,72.03,1,5,3,2,2,0.16666666666666666,17
CHEMBL1626223,CN1CCCN=C1/C=C/c1cccs1,1,C(=Cc1cccs1)C1=NCCCN1,206.31400000000002,2.4953000000000003,15.6,0,3,2,2,1,0.36363636363636365,14
CHEMBL256361,COC(=O)c1cccc(Cn2ncc3c(-c4ccco4)nc(N)nc32)c1,0,c1ccc(Cn2ncc3c(-c4ccco4)ncnc32)cc1,349.3500000000001,2.5034,109.06,1,7,4,4,4,0.1111111111111111,26
CHEMBL503,CC[C@H](C)C(=O)O[C@H]1C[C@@H](C)C=C2C=C[C@H](C)[C@H](CC[C@@H]3C[C@@H](O)CC(=O)O3)[C@H]21,1,O=C1CCCC(CCC2CC=CC3=CCCCC32)O1,404.54700000000025,4.195500000000004,72.83,1,5,6,3,0,0.75,29
CHEMBL659,COc1ccc2c3c1O[C@H]1C[C@@H](O)C=C[C@@]31CCN(C)C2,1,C1=CC23CCNCc4cccc(c42)OC3CC1,287.35900000000004,1.8503,41.93,1,4,1,4,1,0.5294117647058824,21
CHEMBL1200374,C=C1C[C@@H]2[C@H](CC[C@]3(C)C(=O)CC[C@@H]23)[C@@]2(C)C=CC(=O)C=C12,1,C=C1CC2C(CCC3C(=O)CCC32)C2C=CC(=O)C=C12,296.41,4.029500000000003,34.14,0,2,0,4,0,0.6,22
CHEMBL1006,NCCCNCCSP(=O)(O)O,1,,214.22699999999998,-0.2492999999999997,95.58,4,4,7,0,0,1.0,12
CHEMBL178803,CCN1CCN(c2cc(-c3ccc(F)cc3)c3c(n2)CCCCCC3)CC1,1,c1ccc(-c2cc(N3CCNCC3)nc3c2CCCCCC3)cc1,367.51200000000034,4.6886000000000045,19.37,0,3,3,4,2,0.5217391304347826,27
CHEMBL553149,COC(=O)[C@H]1NC(=O)C(Cc2ccccc2)CCCNC(=O)[C@@H](NC(=O)[C@@H](N)Cc2c(C)cc(O)cc2C)C(C)(C)SSC1(C)C,0,O=C(CCc1ccccc1)NC1CSSCCNC(=O)C(Cc2ccccc2)CCCNC1=O,672.9140000000001,3.728940000000004,159.85,5,9,7,3,2,0.5294117647058824,46
CHEMBL504122,CC#CCOc1ccc(S(=O)(=O)NC(Cc2c(C)n(Cc3ccccc3OC(F)(F)F)c3ccc(OC)cc23)C(=O)O)cc1,0,O=S(=O)(NCCc1cn(Cc2ccccc2)c2ccccc12)c1ccccc1,630.6410000000002,5.281520000000004,116.09000000000002,2,6,12,4,4,0.25806451612903225,44
CHEMBL426559,CS(=O)(=O)c1cc(F)cc2c3c(n(Cc4ccc(Cl)cc4)c12)[C@@H](CC(=O)O)CC3,1,c1ccc(Cn2c3c(c4ccccc42)CCC3)cc1,435.90400000000017,4.390100000000004,76.37,1,3,5,4,3,0.2857142857142857,29
CHEMBL28218,O=C(CCCN1CCC(O)(c2ccc(Br)cc2)CC1)c1ccc(F)cc1,1,O=C(CCCN1CCC(c2ccccc2)CC1)c1ccccc1,420.3220000000002,4.5347000000000035,40.540000000000006,1,3,6,3,2,0.38095238095238093,26
CHEMBL1164729,Cc1nc(-c2ccc(OCC(C)C)c(C#N)c2)sc1C(=O)O,1,c1ccc(-c2nccs2)cc1,316.382,3.723200000000002,83.21,1,5,5,2,2,0.3125,22
CHEMBL1398126,N=C(N)NC(=O)c1nc(Cl)c(N)nc1N,1,c1cnccn1,229.63099999999997,-1.0823299999999998,156.79,5,6,1,1,1,0.0,15
CHEMBL1951095,CN(C)[C@@H]1C(O)=C(C(N)=O)C(=O)[C@@]2(O)C(O)=C3C(=O)c4c(O)c(NC(=O)CN5CCCC5)cc(F)c4C[C@H]3C[C@@H]12,1,O=C(CN1CCCC1)Nc1ccc2c(c1)C(=O)C1=CC3C(=O)C=CCC3CC1C2,558.5630000000002,0.29400000000000115,193.73,6,10,5,5,1,0.48148148148148145,40
CHEMBL1407831,Cc1ccc(CCNC(=O)c2ccc3c(c2)c(C)c(C)n3Cc2ccccc2)cc1,0,O=C(NCCc1ccccc1)c1ccc2c(ccn2Cc2ccccc2)c1,396.5340000000001,5.587360000000005,34.03,1,1,6,4,4,0.2222222222222222,30
CHEMBL3394626,COc1ccc(OC)c(SC2CC(=O)N2)c1,0,O=C1CC(Sc2ccccc2)N1,239.296,1.6419,47.56,1,4,4,2,1,0.36363636363636365,16
CHEMBL1946573,CCCCCCCCCCCCCCC(O)CN1CCOCC1,0,C1COCCN1,327.5530000000001,4.770700000000004,32.7,1,3,15,1,0,1.0,23
CHEMBL1652248,COC(=O)c1ccc(Cl)cc1OC(=O)COc1cc(O)c2c(=O)cc(-c3ccccc3)oc2c1,0,O=C(COc1ccc2c(=O)cc(-c3ccccc3)oc2c1)Oc1ccccc1,480.85600000000017,4.5900000000000025,112.27,1,8,6,4,4,0.08,34
CHEMBL1589733,Cc1ccc(Sc2ccc(NC(=O)c3ccc(F)cc3)cc2C#N)cc1,0,O=C(Nc1ccc(Sc2ccccc2)cc1)c1ccccc1,362.4290000000001,5.4093000000000035,52.89,1,3,4,3,3,0.047619047619047616,26
CHEMBL2442888,CC(C)OC(=O)Nc1ccc(Oc2ccc(S(=O)(=O)CC3CS3)cc2)cc1,0,O=S(=O)(CC1CS1)c1ccc(Oc2ccccc2)cc1,407.51300000000015,4.324900000000003,81.69999999999999,1,6,7,3,2,0.3157894736842105,27
CHEMBL25105,N=C(N)c1ccc(OCCCCCCOc2ccc(C(=N)N)cc2)cc1,1,c1ccc(OCCCCCCOc2ccccc2)cc1,354.454,3.272940000000001,118.2,4,4,11,2,2,0.3,26
CHEMBL1725404,COc1ccc(N2CCN(C(=O)CCNC(=O)c3ccc(Br)cc3)CC2)cc1,0,O=C(NCCC(=O)N1CCN(c2ccccc2)CC1)c1ccccc1,446.3450000000001,2.926400000000001,61.88,1,4,6,3,2,0.3333333333333333,28
CHEMBL3247620,NCCCCCCS[C@@H]1O[C@H](CO)[C@@H](O)[C@H](O)[C@@H]1O[C@H]1O[C@H](CO)[C@@H](O)[C@H](O)[C@@H]1O,0,C1CCC(OC2CCCOC2)OC1,457.54200000000014,-3.137199999999996,195.32,8,12,11,2,0,1.0,30
CHEMBL252556,COC1=C(OC)C(=O)C(CCCCCCCCCCO)=C(C)C1=O,1,O=C1C=CC(=O)C=C1,338.444,3.4623000000000026,72.83000000000001,1,5,12,1,0,0.6842105263157895,24
CHEMBL1200503,CC(C)C[C@H]1C(=O)N2CCC[C@H]2[C@]2(O)O[C@](NC(=O)[C@@H]3C=C4c5cccc6[nH]c(Br)c(c56)C[C@H]4N(C)C3)(C(C)C)C(=O)N12,1,O=C(NC1OC2C3CCCN3C(=O)CN2C1=O)C1C=C2c3cccc4[nH]cc(c34)CC2NC1,654.6059999999999,3.192800000000001,118.21,3,6,5,7,2,0.59375,43
CHEMBL2207480,C[C@@H]1C[C@H]([C@H](O)C(C)(C)O)O[C@H]2[C@H]1[C@@]1(C)CC[C@@]34C[C@@]35CC[C@H](OC(=O)NCCN(C)C)C(C)(C)[C@@H]5CC[C@H]4[C@]1(C)[C@H]2O,0,C1COC2CC3C(CCC45CC46CCCCC6CCC35)C2C1,604.8730000000003,4.5880000000000045,111.49000000000001,4,7,6,6,0,0.9714285714285714,43
CHEMBL1201295,Cc1ccc(C(=O)Oc2ccc(C(O)CNC(C)(C)C)cc2OC(=O)c2ccc(C)cc2)cc1,1,O=C(Oc1ccccc1OC(=O)c1ccccc1)c1ccccc1,461.5580000000003,5.163340000000004,84.86000000000001,2,6,7,3,3,0.2857142857142857,34
CHEMBL1744110,CC(C)N1CCN(CCN2CCN(C3CC(c4ccccc4F)c4cc(Cl)ccc43)CC2)C1=O,0,O=C1NCCN1CCN1CCN(C2CC(c3ccccc3)c3ccccc32)CC1,485.04700000000025,4.819400000000004,30.03,0,3,6,5,2,0.5185185185185185,34
CHEMBL3989521,CC(C)NCC(O)c1ccc(O)c(O)c1,1,c1ccccc1,211.261,1.1291999999999998,72.72,4,4,4,1,1,0.45454545454545453,15
CHEMBL106,OC(Cn1cncn1)(Cn1cncn1)c1ccc(F)cc1F,1,c1ccc(C(Cn2cncn2)Cn2cncn2)cc1,306.276,0.7357999999999993,81.64999999999999,1,5,5,3,3,0.23076923076923078,22
CHEMBL1463345,C[C@]12CCC(=O)C=C1C=C[C@@H]1[C@@H]2CC[C@@]2(C)[C@H]1CC[C@@]21CCC(=O)O1,1,O=C1C=C2C=CC3C(CCC4C3CCC43CCC(=O)O3)C2CC1,340.46300000000014,4.370100000000003,43.370000000000005,0,3,0,5,0,0.7272727272727273,25
CHEMBL1200985,Nc1nc(/C(=C/CC(=O)O)C(=O)N[C@@H]2C(=O)N3C(C(=O)O)=CCS[C@H]23)cs1,1,C=C(C(=O)NC1C(=O)N2C=CCSC12)c1cscn1,410.4330000000001,-0.0481999999999998,162.92,4,8,6,3,1,0.26666666666666666,27
CHEMBL3989403,Cc1cc(CC(=O)O)n(C)c1C(=O)c1ccc(Cl)cc1,1,O=C(c1ccccc1)c1ccc[nH]1,291.73400000000004,2.8450200000000017,59.3,1,2,4,2,2,0.2,20
CHEMBL428112,O=C(c1cccs1)[C@@H]1CN(c2ccccc2)C[C@H]1c1ccccc1,0,O=C(c1cccs1)C1CN(c2ccccc2)CC1c1ccccc1,333.456,4.8510000000000035,20.310000000000002,0,3,4,4,3,0.19047619047619047,24
CHEMBL446,Cc1cc(C)nc(NS(=O)(=O)c2ccc(N)cc2)n1,1,O=S(=O)(Nc1ncccn1)c1ccccc1,278.337,1.4764399999999998,97.97,2,5,3,2,2,0.16666666666666666,19
CHEMBL2234862,CCN(CC)C(=O)Sc1nnc(CCCCc2nnc(SC(=O)N(CC)CC)n2-c2ccc(C)cc2)n1-c1ccc(C)cc1,0,c1ccc(-n2cnnc2CCCCc2nncn2-c2ccccc2)cc1,634.8760000000002,7.138040000000008,102.03999999999999,0,8,13,4,4,0.4375,44
CHEMBL256907,Cc1nnc(C(C)C)n1[C@H]1C[C@H]2CC[C@@H](C1)N2CC[C@H](NC(=O)C1CCC(F)(F)CC1)c1ccccc1,1,O=C(NC(CCN1C2CCC1CC(n1cnnc1)C2)c1ccccc1)C1CCCCC1,513.6770000000002,5.950920000000006,63.050000000000004,1,4,8,5,2,0.6896551724137931,37
CHEMBL188921,COc1cc(OC)c(C(=O)CCCN2CCCC2)c(OC)c1,1,O=C(CCCN1CCCC1)c1ccccc1,307.39,2.7711000000000015,48.0,0,5,8,2,1,0.5882352941176471,22
CHEMBL1213250,Cn1c(N)c(NC(=O)NCCN)c[n+]1CC1=C(C(=O)O)N2C(=O)[C@@H](NC(=O)/C(=N\OC(C)(C)C(=O)[O-])c3nsc(N)n3)[C@H]2SC1,1,N=C(C(=O)NC1C(=O)N2C=C(C[n+]3ccc[nH]3)CSC12)c1ncsn1,666.703,-3.9032999999999953,302.2099999999999,7,15,12,4,2,0.43478260869565216,45
CHEMBL3913440,Cc1cccc(C)c1N1C[C@@](CN(C)CC(F)(F)F)(C(=O)Nc2cc(C#N)cc(C(F)(F)F)c2)[C@H](C)C1=O,0,O=C(Nc1ccccc1)C1CC(=O)N(c2ccccc2)C1,540.508,5.295820000000005,76.44,1,4,6,3,2,0.4230769230769231,38
CHEMBL471,CC(C)NCC(O)c1ccc(NS(C)(=O)=O)cc1,1,c1ccccc1,272.37,1.0895000000000001,78.43,3,4,6,1,1,0.5,18
CHEMBL1201049,Clc1ccc(COC(Cn2ccnc2)c2ccc(Cl)cc2Cl)cc1,1,c1ccc(COC(Cn2ccnc2)c2ccccc2)cc1,381.69000000000005,5.801400000000003,27.05,0,2,6,3,3,0.16666666666666666,24
CHEMBL1385938,CC(C)Cc1n[nH]c(SCC(=O)NCc2ccccc2)n1,0,O=C(CSc1ncn[nH]1)NCc1ccccc1,304.419,2.4117000000000006,70.67,2,4,7,2,2,0.4,21
CHEMBL3490453,CN(C)CC(=O)N1CCN(CC(O)c2ccc(F)cc2)CC1,0,c1ccc(CCN2CCNCC2)cc1,309.38500000000005,0.5649000000000004,47.02000000000001,1,4,5,2,1,0.5625,22
CHEMBL1201345,CCCCC(CC)CCC(CC(C)C)OS(=O)(=O)O,1,,294.45700000000005,4.217100000000003,63.60000000000001,1,3,11,0,0,1.0,19
CHEMBL515387,O=C([C@@H]1C[C@H](N2CCN(c3ncccn3)CC2)CN1)N1CCC(F)(F)C1,1,O=C(C1CC(N2CCN(c3ncccn3)CC2)CN1)N1CCCC1,366.4160000000001,0.19670000000000054,64.60000000000001,1,6,3,4,1,0.7058823529411765,26
CHEMBL1200836,Clc1ccc(CO/N=C(\Cn2ccnc2)c2ccc(Cl)cc2Cl)c(Cl)c1,1,c1ccc(CON=C(Cn2ccnc2)c2ccccc2)cc1,429.1340000000001,6.117800000000003,39.41,0,3,6,3,3,0.1111111111111111,26
CHEMBL1789559,Cc1cc(NCCN(C)C)c2ccc3c(ccc4c(NCCN(C)C)cc(C)nc43)c2n1,0,c1cnc2c(c1)ccc1c2ccc2cccnc21,430.60000000000025,4.500040000000004,56.32,2,6,8,4,4,0.38461538461538464,32
CHEMBL4279047,C[C@@H](Nc1nc(N[C@H](C)C(F)(F)F)nc(-c2cccc(Cl)n2)n1)C(F)(F)F,1,c1ccc(-c2ncncn2)nc1,414.741,4.312400000000001,75.62,2,6,5,2,2,0.42857142857142855,27
CHEMBL1201073,O=C(O)[C@@H](S)[C@@H](S)C(=O)O,1,,182.222,-0.2476000000000001,74.6,4,4,3,0,0,0.5,10
CHEMBL126,CC(=O)NC[C@H]1CN(c2ccc(N3CCOCC3)c(F)c2)C(=O)O1,1,O=C1OCCN1c1ccc(N2CCOCC2)cc1,337.35100000000006,1.1235999999999997,71.11,1,5,4,3,1,0.5,24
CHEMBL1200973,C[C@]12CC[C@@H]3c4ccc(O)cc4CC[C@H]3[C@@H]1CC[C@@H]2OC(=O)CCC1CCCC1,1,O=C(CCC1CCCC1)OC1CCC2C1CCC1c3ccccc3CCC12,396.57100000000025,6.130500000000006,46.53,1,3,4,5,1,0.7307692307692307,29
CHEMBL4297211,CC(C)(O/N=C(\C(=O)N[C@@H]1C(=O)N2C(C(=O)O)=C(C[N+]3(CCNC(=O)c4ccc(O)c(O)c4Cl)CCCC3)CS[C@H]12)c1csc(N)n1)C(=O)O,1,N=C(C(=O)NC1C(=O)N2C=C(C[N+]3(CCNC(=O)c4ccccc4)CCCC3)CSC12)c1cscn1,753.2359999999999,1.1530000000000022,254.06999999999996,7,13,13,5,2,0.43333333333333335,50
CHEMBL281672,O=C(N[C@@H](Cc1ccccc1)C(=O)N[C@H]1CNC1=O)OCc1ccccc1,0,O=C(NC(Cc1ccccc1)C(=O)NC1CNC1=O)OCc1ccccc1,367.40500000000014,1.1387000000000007,96.53000000000002,3,4,7,3,2,0.25,27
CHEMBL3770039,CNC(=O)c1cc2c(=O)n(C)cc(-c3ccc(OC)c(OC)c3)c2s1,0,O=c1[nH]cc(-c2ccccc2)c2sccc12,358.41900000000004,2.6438000000000006,69.56,1,5,4,3,3,0.2222222222222222,25
CHEMBL1184360,CCN(CC)CCOc1ccc2nc(N(C)C)sc2c1,1,c1ccc2scnc2c1,293.43600000000004,3.0829000000000013,28.6,0,5,7,2,2,0.5333333333333333,20
CHEMBL1391202,Cn1c(SCc2ccc(Cl)cc2)nc(C(F)(F)F)cc1=O,0,O=c1ccnc(SCc2ccccc2)[nH]1,334.75000000000006,3.7448000000000023,34.89,0,3,3,2,2,0.23076923076923078,21
CHEMBL1200794,CN1CC[C@]23c4c5ccc(O)c4O[C@H]2C(=O)CC[C@@]3(O)[C@H]1C5,1,O=C1CCC2C3Cc4cccc5c4C2(CCN3)C1O5,301.342,0.7451999999999999,70.0,2,5,0,5,1,0.5882352941176471,22
CHEMBL1541,C=CC1=C(C(=O)O)N2C(=O)[C@@H](NC(=O)/C(=N\OCC(=O)O)c3csc(N)n3)[C@H]2SC1,1,N=C(C(=O)NC1C(=O)N2C=CCSC12)c1cscn1,453.45800000000014,-0.5447999999999991,184.51,4,10,8,3,1,0.25,30
CHEMBL3437544,O=C(NC[C@H]1OC[C@@H](NCc2ccccc2F)[C@@H]1O)Nc1ccccc1,0,O=C(NCC1CC(NCc2ccccc2)CO1)Nc1ccccc1,359.401,1.865299999999999,82.62,4,4,6,3,2,0.3157894736842105,26
CHEMBL3483086,CN(C)C(=O)NCC(=O)N(C)Cc1cc(-c2ccccc2)no1,0,c1ccc(-c2ccon2)cc1,316.361,1.5712000000000002,78.68,1,4,5,2,2,0.3125,23
CHEMBL1414320,CCCCC1(COC(=O)CCC(=O)O)C(=O)N(c2ccccc2)N(c2ccccc2)C1=O,1,O=C1CC(=O)N(c2ccccc2)N1c1ccccc1,438.4800000000001,3.5660000000000025,104.22,1,5,10,3,2,0.3333333333333333,32
CHEMBL3981035,COc1cc(N2CCN(C(C)=O)CC2)ccc1Nc1ncc(F)c(Nc2ccc(N3CCN(C(=O)CO)CC3)cc2OC)n1,0,c1cc(Nc2ccc(N3CCNCC3)cc2)nc(Nc2ccc(N3CCNCC3)cc2)n1,608.6750000000001,2.4295,135.63,3,11,9,5,3,0.4,44
CHEMBL400599,CC(Cc1cccc(C(F)(F)F)c1)NCCOC(=O)c1ccccc1,1,O=C(OCCNCCc1ccccc1)c1ccccc1,351.368,4.083000000000003,38.33,1,3,7,2,2,0.3157894736842105,25
CHEMBL420762,Cc1ccccc1C(=O)Nc1ccc(C(=O)N2CCCC(N(C)C)c3ccccc32)cc1,1,O=C(Nc1ccc(C(=O)N2CCCCc3ccccc32)cc1)c1ccccc1,427.5480000000001,5.290620000000005,52.650000000000006,1,3,4,4,3,0.25925925925925924,32
CHEMBL3183453,CO[C@@H]1[C@@H](OC(N)=O)[C@@H](O)[C@H](Oc2ccc3c(O)c(NC(=O)c4ccc(O)c(CC=C(C)C)c4)c(=O)oc3c2C)OC1(C)C,1,O=C(Nc1cc2ccc(OC3CCCCO3)cc2oc1=O)c1ccccc1,612.6320000000002,3.6271200000000023,200.00999999999996,5,11,8,4,3,0.3870967741935484,44
CHEMBL3120956,C[C@H]1[C@@H]([C@H](C[C@H]2O[C@@H]3O[C@@]4(C)CC[C@H]5[C@H](C)CC[C@@H]([C@H]2C)[C@@]35OO4)OC(=O)Nc2ccc([N+](=O)[O-])cc2)O[C@@H]2O[C@@]3(C)CC[C@H]4[C@H](C)CC[C@@H]1[C@@]24OO3,0,O=C(Nc1ccccc1)OC(CC1CC2CCCC3CCC4OOC32C(O1)O4)C1CC2CCCC3CCC4OOC32C(O4)O1,742.8629999999999,7.4030000000000085,155.31,1,12,6,11,1,0.8205128205128205,53
CHEMBL3694401,COc1cccc(F)c1-c1cc(NC(=O)C2CCCNC2)ncn1,0,O=C(Nc1cc(-c2ccccc2)ncn1)C1CCCNC1,330.36300000000006,2.2294,76.14,2,5,4,3,2,0.35294117647058826,24
CHEMBL1515611,CC(C)C(Br)C(=O)NC(N)=O,1,,223.07,0.6008000000000002,72.19,2,2,2,0,0,0.6666666666666666,11
CHEMBL1413298,O=C(Cc1ccc(Cl)c(Cl)c1)Nc1ccc(S(=O)(=O)Nc2ncccn2)cc1,0,O=C(Cc1ccccc1)Nc1ccc(S(=O)(=O)Nc2ncccn2)cc1,437.3080000000001,3.7654000000000014,101.05,2,5,6,3,3,0.05555555555555555,28
CHEMBL1200541,CC[N+](CC)(CCNC(=O)C(=O)NCC[N+](CC)(CC)Cc1ccccc1Cl)Cc1ccccc1Cl,1,O=C(NCC[NH2+]Cc1ccccc1)C(=O)NCC[NH2+]Cc1ccccc1,537.5760000000002,4.639200000000005,58.2,2,2,14,2,2,0.5,36
CHEMBL1201006,COc1ccc(CN(CCN(C)C)c2ccccn2)cc1,1,c1ccc(CNc2ccccn2)cc1,285.391,2.658400000000001,28.6,0,4,7,2,2,0.35294117647058826,21
CHEMBL870,NCCCC(O)(P(=O)(O)O)P(=O)(O)O,1,,249.096,-1.2731999999999999,161.30999999999997,6,4,5,0,0,1.0,14
CHEMBL2325741,NC1(C(=O)N[C@@H](CCO)c2ccc(Cl)cc2)CCN(c2nc[nH]c3nccc2-3)CC1,1,O=C(NCc1ccccc1)C1CCN(c2nc[nH]c3nccc2-3)CC1,428.9240000000002,2.1004999999999994,120.16000000000001,4,6,6,4,1,0.38095238095238093,30
CHEMBL159226,CC(=O)Oc1cc(C(C)C)c(OCCN(C)C)cc1C,1,c1ccccc1,279.38,2.9841200000000017,38.77,0,4,6,1,1,0.5625,20
CHEMBL391788,CCCCCCn1cc(CC(N)=O)c2cc(-c3cccc(C)c3)ccc21,0,c1ccc(-c2ccc3[nH]ccc3c2)cc1,348.49000000000007,5.224820000000005,48.019999999999996,1,1,8,3,3,0.34782608695652173,26
CHEMBL606811,Cc1cc(-c2nnn(C[C@H]3CC[C@H](C(=O)O)CC3)n2)cc(C(=O)NCc2cccc(F)c2)n1,0,O=C(NCc1ccccc1)c1cc(-c2nnn(CC3CCCCC3)n2)ccn1,452.4900000000001,3.0036200000000006,122.89,2,6,7,4,3,0.391304347826087,33
CHEMBL4108922,Cc1ccc(NC(=O)N2CC(CC#N)(n3cc(C(N)=O)c(Nc4ccccc4)n3)C2)c(C)c1,0,O=C(Nc1ccccc1)N1CC(n2ccc(Nc3ccccc3)n2)C1,443.51100000000014,3.4991200000000022,129.07,3,5,6,4,3,0.25,33
CHEMBL83121,CC(=O)NC[C@H]1CN(c2ccc(C(C)O)cc2)C(=O)O1,0,O=C1OCCN1c1ccccc1,278.30800000000005,1.2011999999999998,78.87000000000002,2,4,4,2,1,0.42857142857142855,20
CHEMBL3728184,Cc1cnc(Cl)nc1-c1ccc(N(Cc2ccc(CNC(=O)[C@@H]3CCCN3)cc2)C(=O)c2ccc(O)cc2O)cc1,0,O=C(NCc1ccc(CN(C(=O)c2ccccc2)c2ccc(-c3ccncn3)cc2)cc1)C1CCCN1,572.0650000000004,4.731820000000005,127.68,4,7,8,5,4,0.22580645161290322,41
CHEMBL1401,CC(=O)Oc1ccccc1C(=O)Nc1ncc([N+](=O)[O-])s1,1,O=C(Nc1nccs1)c1ccccc1,307.28700000000003,2.2289000000000003,111.43,1,7,4,2,2,0.08333333333333333,21
CHEMBL540012,COc1ccc2c(c1)C13CCN(CC4CCC4)C(C2)[C@@H]1C[C@H](C)C(=O)C3,0,O=C1CCC2C3Cc4ccccc4C2(CCN3CC2CCC2)C1,353.5060000000001,3.9787000000000035,29.54,0,3,3,5,1,0.6956521739130435,26
CHEMBL2106794,NC(=O)N/N=C1\C=Cc2ccccc2C1=O,1,N=C1C=Cc2ccccc2C1=O,215.212,0.9204000000000003,84.55000000000001,2,3,1,2,1,0.0,16
CHEMBL970,O=C1CN=C(c2ccccc2)c2cc(Cl)ccc2N1CC(F)(F)F,1,O=C1CN=C(c2ccccc2)c2ccccc2N1,352.743,4.086300000000002,32.67,0,2,2,3,2,0.17647058823529413,24
CHEMBL3484418,O=C(c1cc(Br)ccc1Cl)N1CCN(Cc2ccco2)CC1,0,O=C(c1ccccc1)N1CCN(Cc2ccco2)CC1,383.67300000000023,3.653500000000003,36.690000000000005,0,3,3,3,2,0.3125,22
CHEMBL3556564,COc1cccc(CN2CCc3nc4ccsc4c(=O)n3CC2)c1,0,O=c1c2sccc2nc2n1CCN(Cc1ccccc1)CC2,341.43600000000015,2.5249000000000006,47.36,0,5,3,4,3,0.3333333333333333,24
CHEMBL1201149,O=C1CC[C@@]2(O)[C@H]3Cc4ccc(O)c5c4[C@@]2(CCN3CC2CC2)[C@H]1O5,1,O=C1CCC2C3Cc4cccc5c4C2(CCN3CC2CC2)C1O5,341.4070000000001,1.5253999999999999,70.0,2,5,2,6,1,0.65,25
CHEMBL1200600,CC(=O)[C@@]1(O)CC[C@H]2[C@@H]3C[C@H](C)C4=CC(=O)C=C[C@]4(C)[C@@]3(F)[C@@H](O)C[C@@]21C,1,O=C1C=CC2C(=C1)CCC1C3CCCC3CCC21,376.46800000000013,2.923300000000001,74.6,2,4,1,4,0,0.7272727272727273,27
CHEMBL65375,N=C1CCCN1Cc1[nH]c(=O)[nH]c(=O)c1Cl,1,N=C1CCCN1Cc1cc(=O)[nH]c(=O)[nH]1,242.666,0.28967,92.81,3,3,2,2,1,0.4444444444444444,16
CHEMBL515606,CCOC(=O)[C@H](CCc1ccccc1)N[C@H]1CCCN2CCC[C@@H](C(=O)O)N2C1=O,1,O=C1C(NCCCc2ccccc2)CCCN2CCCCN12,417.5060000000003,1.5955,99.18,2,6,8,3,1,0.5909090909090909,30
CHEMBL923,O=P(O)(O)C(O)(Cc1cccnc1)P(=O)(O)O,1,c1ccncc1,283.113,-0.3744000000000002,148.18,5,4,4,1,1,0.2857142857142857,17
CHEMBL373248,COC(=O)c1ccc(C(=O)OC)c(NC(=O)c2ccc(C)c([N+](=O)[O-])c2)c1,0,O=C(Nc1ccccc1)c1ccccc1,372.3330000000001,2.728720000000001,124.84000000000003,1,7,5,2,2,0.16666666666666666,27
CHEMBL3,CN1CCC[C@H]1c1cccnc1,1,c1cncc(C2CCCN2)c1,162.236,1.8483,16.130000000000003,0,2,1,2,1,0.5,12
CHEMBL1201314,CC(C)[C@H](N)C(=O)OCC(CO)OCn1cnc2c(=O)[nH]c(N)nc21,1,O=c1[nH]cnc2[nH]cnc12,354.3670000000001,-1.4366999999999974,171.37,4,9,8,2,2,0.5714285714285714,25
CHEMBL1200530,CO[C@@]1(NC(=O)Cc2cccs2)C(=O)N2C(C(=O)O)=C(COC(N)=O)CS[C@@H]21,1,O=C(Cc1cccs1)NC1C(=O)N2C=CCSC12,427.4600000000002,0.09859999999999991,148.26000000000002,3,8,7,3,1,0.375,28
CHEMBL1388497,Cc1ccc(C(=O)Cn2nnc3ccccc32)cc1C,0,O=C(Cn1nnc2ccccc21)c1ccccc1,265.31600000000003,2.931040000000001,47.78,0,3,3,3,3,0.1875,20
CHEMBL2325989,CC(NC(=O)C1(N)CCN(c2ncnc3[nH]ccc23)CC1)c1ccccn1,0,O=C(NCc1ccccn1)C1CCN(c2ncnc3[nH]ccc23)CC1,365.4410000000002,1.5279999999999998,112.82000000000001,3,6,4,4,3,0.3684210526315789,27
CHEMBL3746708,CC(=O)Oc1ccc(/C=C/C(=O)OCCSc2nc(-c3ccc(S(N)(=O)=O)cc3)n(-c3ccc(Br)cc3)n2)cc1OC(C)=O,0,O=C(C=Cc1ccccc1)OCCSc1nc(-c2ccccc2)n(-c2ccccc2)n1,701.5770000000001,4.543500000000003,169.77,1,11,11,4,4,0.13793103448275862,44
CHEMBL809,CN[C@H]1CC[C@@H](c2ccc(Cl)c(Cl)c2)c2ccccc21,1,c1ccc(C2CCCc3ccccc32)cc1,306.236,5.179600000000004,12.03,1,1,2,3,2,0.29411764705882354,20
CHEMBL1077345,CCCCc1cnc(C(CCC)Cc2ccc(-c3ccccc3C(=O)O)cc2)[nH]1,0,c1ccc(-c2ccc(CCc3ncc[nH]3)cc2)cc1,390.52700000000004,6.243900000000007,65.97999999999999,2,2,10,3,3,0.36,29
CHEMBL7728,CN1C(=O)NC(=O)C(C)(C2=CCCCC2)C1=O,1,O=C1NC(=O)C(C2=CCCCC2)C(=O)N1,236.27099999999993,1.2012999999999998,66.48,1,3,1,2,0,0.5833333333333334,17
CHEMBL212481,CC#CCOc1ccc(S(=O)(=O)CC2(C(=O)NO)CCN(C(=O)c3ccccc3)CC2)cc1,0,O=C(c1ccccc1)N1CCC(CS(=O)(=O)c2ccccc2)CC1,470.54700000000025,2.2904,113.00999999999999,2,6,7,3,2,0.3333333333333333,33
CHEMBL2107214,CN(C(=O)CO)c1c(I)c(C(=O)NCC(O)CO)c(I)c(C(=O)NCC(O)CO)c1I,1,c1ccccc1,777.0880000000001,-1.3784999999999996,179.66,7,8,10,1,1,0.47058823529411764,31
CHEMBL1381200,O=C(NCCc1ccccc1)C(=O)NN=C1CCCC1,0,O=C(NCCc1ccccc1)C(=O)NN=C1CCCC1,273.33600000000007,1.391499999999999,70.56,2,3,4,2,1,0.4,20
CHEMBL1415541,O=C(CN1CCCC1)Nc1sc2c(c1C(=O)Nc1ccccc1)CCCC2,0,O=C(CN1CCCC1)Nc1sc2c(c1C(=O)Nc1ccccc1)CCCC2,383.5170000000002,3.9135000000000035,61.440000000000005,2,4,5,4,2,0.42857142857142855,27
CHEMBL15023,O=C(CCCN1CCC(O)(c2cccc(C(F)(F)F)c2)CC1)c1ccc(F)cc1,1,O=C(CCCN1CCC(c2ccccc2)CC1)c1ccccc1,409.4230000000002,4.791000000000004,40.540000000000006,1,3,6,3,2,0.4090909090909091,29
CHEMBL517206,O=S(=O)(c1ccc2ccccc2c1)n1c2ccccc2c2ccccc21,0,O=S(=O)(c1ccc2ccccc2c1)n1c2ccccc2c2ccccc21,357.4340000000001,5.184700000000003,39.07,0,2,2,5,5,0.0,26
CHEMBL861,CCC1(c2ccccc2)NC(=O)N(C)C1=O,1,O=C1NC(=O)C(c2ccccc2)N1,218.25599999999994,1.4735000000000003,49.410000000000004,1,2,2,2,1,0.3333333333333333,16
CHEMBL206253,Cc1ccccc1-c1cc(N2CCN(C)CC2)ncc1N(C)C(=O)C(C)(C)c1cc(C(F)(F)F)cc(C(F)(F)F)c1,1,O=C(Cc1ccccc1)Nc1cnc(N2CCNCC2)cc1-c1ccccc1,578.6010000000003,6.787020000000006,39.68,0,4,5,4,3,0.4,41
CHEMBL347921,CNc1nc(Cl)nc2c1ncn2CC(COC(=O)C(C)(C)C)COC(=O)C(C)(C)C,0,c1ncc2nc[nH]c2n1,439.9440000000003,3.316200000000002,108.23000000000002,1,8,7,2,2,0.65,30
CHEMBL4297528,Cc1cn2nc(-c3cc(=O)n4cc(N5CCNC6(CC6)C5)ccc4n3)cc(C)c2n1,1,O=c1cc(-c2ccc3nccn3n2)nc2ccc(N3CCNC4(CC4)C3)cn12,401.47400000000016,1.9632399999999994,79.83,1,6,2,6,4,0.36363636363636365,30
CHEMBL802,Nc1cc(N2CCCCC2)nc(N)[n+]1[O-],1,c1cc(N2CCCCC2)nc[nH+]1,209.25300000000001,-0.13029999999999975,95.11,2,5,1,2,1,0.5555555555555556,15
CHEMBL3273299,c1ccc2c3c([nH]c2c1)CCC(N1CCOCC1)C3,0,c1ccc2c3c([nH]c2c1)CCC(N1CCOCC1)C3,256.34899999999993,2.3574,28.26,1,2,1,4,2,0.5,19
CHEMBL261210,COc1cc(OC)c(/C=C/C(=O)c2c(OC)cc(N)cc2OC)c(OC)c1,0,O=C(C=Cc1ccccc1)c1ccccc1,373.40500000000014,3.2079000000000013,89.24000000000001,1,7,8,2,2,0.25,27
CHEMBL1998790,C[S+](C)([O-])=Nn1c(=O)n2n(c1=O)[C@H]1c3ccccc3[C@@H]2c2ccccc21,0,O=c1[nH]c(=O)n2n1C1c3ccccc3C2c2ccccc21,368.4180000000001,1.2044000000000001,84.35,0,4,1,6,3,0.2222222222222222,26
CHEMBL1874750,COc1cc(/C=C/C(=O)N2CCN(CC(=O)N3CCCC3)CC2)cc(OC)c1OC,1,O=C(C=Cc1ccccc1)N1CCN(CC(=O)N2CCCC2)CC1,417.50600000000026,1.4922000000000002,71.55000000000001,0,6,7,3,1,0.5454545454545454,30
CHEMBL2071024,CCOC(=O)c1[nH]nnc1C,0,c1c[nH]nn1,155.15699999999998,0.28982,67.87,1,4,2,1,1,0.5,11
CHEMBL1565175,COCCn1c(C)cc(C(=O)COC(=O)c2ccc(-n3nc(C)cc3C)cc2)c1C,0,O=C(COC(=O)c1ccc(-n2cccn2)cc1)c1cc[nH]c1,409.48600000000016,3.593580000000003,75.35,0,5,8,3,3,0.34782608695652173,30
CHEMBL730,O=[N+]([O-])OCC(CO[N+](=O)[O-])O[N+](=O)[O-],1,,227.08499999999998,-1.0200999999999996,157.11,0,9,8,0,0,1.0,15
CHEMBL2374220,COC(=O)N[C@H](C(=O)N1CC2(CC2)C[C@H]1c1nc(-c2ccc3c(c2)C(F)(F)c2cc(-c4ccc5[nH]c([C@@H]6[C@H]7CC[C@H](C7)N6C(=O)[C@@H](NC(=O)OC)C(C)C)nc5c4)ccc2-3)c[nH]1)C(C)C,1,c1cc2c(cc1-c1ccc3[nH]c(C4NC5CCC4C5)nc3c1)Cc1cc(-c3c[nH]c(C4CC5(CC5)CN4)n3)ccc1-2,889.0169999999996,8.607300000000006,174.63999999999996,4,8,10,10,5,0.46938775510204084,65
CHEMBL4291190,NCCc1cc(O)c(O)c2c1SSSSS2,0,c1ccc2c(c1)SSSSS2,311.5,3.6564000000000005,66.48,3,8,2,2,1,0.25,16
CHEMBL4287726,Cc1c(CN2CCOCC2)cc(-c2ccc(C(C)C)cc2)n1-c1cccc(C(=O)O)c1,0,c1ccc(-c2cc(CN3CCOCC3)cn2-c2ccccc2)cc1,418.5370000000001,5.106520000000004,54.7,1,3,6,4,3,0.34615384615384615,31
CHEMBL513845,COc1ccc(Cl)c(Nc2nc(-c3c(C)nc4ncccn34)cs2)c1,0,c1ccc(Nc2nc(-c3cnc4ncccn34)cs2)cc1,371.853,4.5668200000000025,64.34,1,6,4,4,4,0.11764705882352941,25
CHEMBL1201155,CN1CCN(C2=Nc3ccccc3Oc3ccc(Cl)cc32)CC1,1,c1ccc2c(c1)N=C(N1CCNCC1)c1ccccc1O2,327.8150000000001,3.7714000000000025,28.07,0,4,0,4,2,0.2777777777777778,23
CHEMBL1611900,O=C(CSCCc1ccccn1)Nc1cccnc1Cl,0,O=C(CSCCc1ccccn1)Nc1cccnc1,307.80600000000004,3.0444000000000013,54.88,1,4,6,2,2,0.21428571428571427,20
CHEMBL4294918,COc1ncc(-c2ccc(CNC34CC5CC(CC(O)(C5)C3)C4)s2)cn1,0,c1ncc(-c2ccc(CNC34CC5CC(CC(C5)C3)C4)s2)cn1,371.5060000000001,3.3870000000000022,67.27,2,6,5,6,2,0.6,26
CHEMBL1200701,Cc1onc(-c2c(Cl)cccc2Cl)c1C(=O)N[C@@H]1C(=O)N2[C@@H]1SC(C)(C)[C@@H]2C(=O)O,1,O=C(NC1C(=O)N2CCSC12)c1conc1-c1ccccc1,470.3340000000002,3.2021200000000007,112.74,2,6,4,4,2,0.3684210526315789,30
CHEMBL1200802,C=CCC1(C(C)CC)C(=O)NC(=O)NC1=O,1,O=C1CC(=O)NC(=O)N1,224.26,0.9609999999999999,75.27000000000001,2,3,4,1,0,0.5454545454545454,16
CHEMBL715,Cc1cc2c(s1)Nc1ccccc1N=C2N1CCN(C)CC1,1,c1ccc2c(c1)N=C(N1CCNCC1)c1ccsc1N2,312.4420000000001,3.4392200000000033,30.870000000000005,1,5,0,4,2,0.35294117647058826,22
CHEMBL1201112,COc1nc(N)nc2c1ncn2[C@@H]1O[C@H](CO)[C@@H](O)[C@@H]1O,1,c1ncc2ncn(C3CCCO3)c2n1,297.271,-1.9713999999999994,148.76999999999998,4,9,3,3,2,0.5454545454545454,21
CHEMBL1201101,C[C@]12CC[C@H]3[C@@H](CCC4=CC(=O)CC[C@@]43C)[C@@H]1CC[C@@H]2OC(=O)CCC1CCCC1,1,O=C1C=C2CCC3C(CCC4C(OC(=O)CCC5CCCC5)CCC43)C2CC1,412.6140000000003,6.400500000000007,43.370000000000005,0,3,4,5,0,0.8518518518518519,30
CHEMBL1200358,O=C(O)Cc1ccccc1,1,c1ccccc1,136.14999999999998,1.3137,37.3,1,1,2,1,1,0.125,10
CHEMBL1201261,CCCC(=O)Nc1c(I)cc(I)c(CC(CC)C(=O)O)c1I,1,c1ccccc1,641.0250000000002,4.892300000000003,66.4,2,2,7,1,1,0.4666666666666667,22
CHEMBL1097137,O=C(OCc1ccccc1)c1coc(-c2ccccc2Cl)n1,0,O=C(OCc1ccccc1)c1coc(-c2ccccc2)n1,313.73999999999995,4.352000000000003,52.33,0,4,4,3,3,0.058823529411764705,22
CHEMBL2030250,C[C@H]1[C@@H](OCCCCCCO)O[C@@H]2O[C@@]3(C)CC[C@H]4[C@H](C)CC[C@@H]1[C@@]24OO3,0,C1CC2CCOC3OC4CCC(C1)C23OO4,384.5130000000002,3.7637000000000027,66.38000000000001,1,6,7,5,0,1.0,27
CHEMBL1551704,O=C(c1cnc(N2CCOCC2)c2ccccc12)N1CCN(c2ccccc2)CC1,0,O=C(c1cnc(N2CCOCC2)c2ccccc12)N1CCN(c2ccccc2)CC1,402.4980000000002,3.033800000000001,48.91000000000001,0,5,3,5,3,0.3333333333333333,30
CHEMBL1338906,COc1ccc(-c2nc3c4cnn(C)c4ncn3n2)cc1,0,c1ccc(-c2nc3c4cn[nH]c4ncn3n2)cc1,280.291,1.6865999999999994,70.13000000000001,0,5,2,4,4,0.14285714285714285,21
CHEMBL1345420,O=C(c1ccncc1)N1N=C(c2ccc(Br)cc2)CC1c1ccccc1O,0,O=C(c1ccncc1)N1N=C(c2ccccc2)CC1c1ccccc1,422.2820000000001,4.5412000000000035,65.79,1,4,3,4,3,0.09523809523809523,27
CHEMBL488912,CNCc1ccccc1Oc1ccc(Cl)c(Cl)c1,0,c1ccc(Oc2ccccc2)cc1,282.16999999999996,4.505100000000002,21.259999999999998,1,2,4,2,2,0.14285714285714285,18
CHEMBL3545062,COC[C@H]1C[C@@H](c2nc(-c3ccc4c(c3)COc3cc5c(ccc6nc([C@@H]7CC[C@H](C)N7C(=O)[C@@H](NC(=O)OC)C(C)C)[nH]c65)cc3-4)c[nH]2)N(C(=O)[C@H](NC(=O)OC)c2ccccc2)C1,1,O=C(Cc1ccccc1)N1CCCC1c1nc(-c2ccc3c(c2)COc2cc4c(ccc5nc(C6CCCN6)[nH]c54)cc2-3)c[nH]1,883.019,7.731500000000008,193.1,4,10,11,9,6,0.3877551020408163,65
CHEMBL1788132,CC(Oc1c(Cl)cccc1Cl)C1=NCCN1,1,c1ccc(OCC2=NCCN2)cc1,259.13599999999997,2.7624000000000004,33.62,1,3,3,2,1,0.36363636363636365,16
CHEMBL4228371,CC(C)c1cc2c(cc1Br)[C@@]1(C)CCC[C@@](C)(C(=O)O)[C@@H]1C/C2=N\OCCNS(=O)(=O)c1ccc(Br)c(C(F)(F)F)c1,0,O=S(=O)(NCCON=C1CC2CCCCC2c2ccccc21)c1ccccc1,738.4610000000002,7.605400000000007,105.06,2,5,8,4,2,0.5172413793103449,42
CHEMBL4247751,Cc1nc2ccc(-c3ccnc4ccccc34)c(C)c2c(=O)[nH]1,0,O=c1[nH]cnc2ccc(-c3ccnc4ccccc34)cc12,301.34900000000005,3.7551400000000017,58.64,1,3,1,4,4,0.10526315789473684,23
CHEMBL3981703,C#CCOC(=O)C1=C(C)Nc2nc3c(c(N)c2C1c1cccc([N+](=O)[O-])c1)CC(C)(C)CC3,0,C1=CC(c2ccccc2)c2cc3c(nc2N1)CCCC3,446.50700000000023,4.094700000000003,120.38,2,7,4,4,2,0.36,33
CHEMBL3417449,C=C(C)[C@@H]1CC[C@]2(C(=O)O)CC[C@]3(C)[C@H](CC[C@@H]4[C@@]5(C)CC[C@H](NC(=O)C6CCCN6)C(C)(C)[C@@H]5CC[C@]43C)[C@@H]12,0,O=C(NC1CCC2C(CCC3C2CCC2C4CCCC4CCC23)C1)C1CCCN1,552.8440000000003,6.965400000000008,78.43,3,3,4,6,0,0.8857142857142857,40
CHEMBL2106195,Cc1cccc([C@H](C)c2c[nH]cn2)c1C,1,c1ccc(Cc2c[nH]cn2)cc1,200.28500000000003,3.1783400000000013,28.68,1,1,2,2,2,0.3076923076923077,15
CHEMBL354777,Cn1ncn(-c2ccc(N3CCN(c4ccc(OC[C@@H]5COC(Cn6ccnc6)(c6ccc(Cl)cc6Cl)O5)cc4)CC3)cc2)c1=O,0,O=c1[nH]ncn1-c1ccc(N2CCN(c3ccc(OCC4COC(Cn5ccnc5)(c5ccccc5)O4)cc3)CC2)cc1,662.5780000000001,4.748300000000004,91.81000000000003,0,8,9,7,5,0.30303030303030304,46
CHEMBL2203782,Cc1ccc(C2Sc3ccccc3N=C3c4ccccc4C(c4ccccc4)C32)cc1,0,c1ccc(C2Sc3ccccc3N=C3c4ccccc4C(c4ccccc4)C32)cc1,417.5770000000001,7.724520000000007,12.36,0,2,2,6,4,0.13793103448275862,31
CHEMBL515,O=C(O)CCCc1ccc(N(CCCl)CCCl)cc1,1,c1ccccc1,304.217,3.377900000000002,40.54,1,2,9,1,1,0.5,19
CHEMBL1702586,COc1ccccc1NC(=O)CN1CCC(c2nc3ccccc3[nH]2)CC1,0,O=C(CN1CCC(c2nc3ccccc3[nH]2)CC1)Nc1ccccc1,364.44900000000007,3.3896000000000015,70.25,2,4,5,4,3,0.3333333333333333,27
CHEMBL1518740,COCC(=O)Nc1nnc(COc2ccccc2)s1,0,c1ccc(OCc2nncs2)cc1,279.32099999999997,1.7019999999999997,73.34,1,6,6,2,2,0.25,19
CHEMBL3137301,CCOC(=O)[C@H](C)C[C@@H](Cc1ccc(-c2ccccc2)cc1)NC(=O)CCC(=O)O,1,c1ccc(-c2ccccc2)cc1,411.49800000000016,3.8350000000000017,92.7,2,4,11,2,2,0.375,30
CHEMBL4594250,Cc1ccc(C(=O)OCc2ccc([C@@H](CN)C(=O)Nc3ccc4cnccc4c3)cc2)c(C)c1,1,O=C(Cc1ccc(COC(=O)c2ccccc2)cc1)Nc1ccc2cnccc2c1,453.54200000000014,4.8896400000000035,94.31,2,5,7,4,4,0.17857142857142858,34
CHEMBL3493616,COc1ccc(Cl)cc1CS(=O)(=O)CC(=O)N(C)Cc1ccccc1F,0,O=C(CS(=O)(=O)Cc1ccccc1)NCc1ccccc1,399.8710000000001,3.0611000000000015,63.68000000000001,0,4,7,2,2,0.2777777777777778,26
CHEMBL2107430,Fc1ccc(C(c2ccccc2)(c2ccccc2F)n2ccnc2)cc1,1,c1ccc(C(c2ccccc2)(c2ccccc2)n2ccnc2)cc1,346.38000000000005,5.001500000000004,17.82,0,1,4,4,4,0.045454545454545456,26
CHEMBL1688768,Oc1ccc(-c2ccc(-c3cn(CCCc4ccccc4)nn3)cc2)cc1,0,c1ccc(CCCn2cc(-c3ccc(-c4ccccc4)cc3)nn2)cc1,355.441,4.950500000000005,50.94,1,3,6,4,4,0.13043478260869565,27
CHEMBL1597661,COc1ccc(-c2cn(-c3ccc(C)cc3)c(=O)n2CC(=O)Nc2ccc(OC)c(OC)c2)cc1,0,O=C(Cn1c(-c2ccccc2)cn(-c2ccccc2)c1=O)Nc1ccccc1,473.5290000000003,4.278920000000003,83.72,1,5,8,4,4,0.18518518518518517,35
CHEMBL1983350,CC(C)(C)C(O)/C=C/c1ccc2c(c1)OCO2,1,c1ccc2c(c1)OCO2,234.29499999999996,2.8355000000000015,38.69,1,3,2,2,1,0.42857142857142855,17
CHEMBL378411,O=C(CC1Cc2ccccc2N1)N[C@H](Cc1ccc(Cl)cc1)C(=O)N1CCN(C(CN2C(=O)CCC2=O)C2CCCCC2)CC1,0,O=C(CC1Cc2ccccc2N1)NC(Cc1ccccc1)C(=O)N1CCN(C(CN2C(=O)CCC2=O)C2CCCCC2)CC1,634.2209999999999,4.036300000000002,102.06,2,6,10,6,2,0.5428571428571428,45
CHEMBL1042,C=C1CC[C@H](O)C/C1=C/C=C1\CCC[C@]2(C)[C@@H]([C@H](C)CCCC(C)C)CC[C@@H]12,1,C=C1CCCCC1=CC=C1CCCC2CCCC12,384.6480000000002,7.619000000000008,20.23,1,1,6,3,0,0.7777777777777778,28
CHEMBL3894860,CN1CCN(c2ccc(Nc3ncc4cc5n(c4n3)C3(CCCCC3)CNC5=O)nc2)CC1,1,O=C1NCC2(CCCCC2)n2c1cc1cnc(Nc3ccc(N4CCNCC4)cn3)nc12,446.55900000000037,2.724500000000001,91.21,2,7,3,6,3,0.5,33
CHEMBL1201773,CC(=O)Oc1cc2c(s1)CCN(C(C(=O)C1CC1)c1ccccc1F)C2,1,O=C(C1CC1)C(c1ccccc1)N1CCc2sccc2C1,373.44900000000007,3.8910000000000036,46.61,0,5,5,4,2,0.4,26
CHEMBL1200759,O=C1CN2Cc3c(ccc(Cl)c3Cl)N=C2N1,1,O=C1CN2Cc3ccccc3N=C2N1,256.092,1.9263000000000001,44.7,1,3,0,3,1,0.2,16
CHEMBL1564,CN1CCC(OC(c2ccccc2)c2ccccc2)CC1,1,c1ccc(C(OC2CCNCC2)c2ccccc2)cc1,281.3990000000001,3.8868000000000027,12.47,0,2,4,3,2,0.3684210526315789,21
CHEMBL1201733,Cc1ccc(Nc2nccc(N(C)c3ccc4c(C)n(C)nc4c3)n2)cc1S(N)(=O)=O,1,c1ccc(Nc2nccc(Nc3ccc4c[nH]nc4c3)n2)cc1,437.52900000000017,3.1390400000000005,119.03,2,7,5,4,4,0.19047619047619047,31
CHEMBL1152,CC(=O)OCC(=O)[C@@]1(O)CC[C@H]2[C@@H]3CCC4=CC(=O)C=C[C@]4(C)[C@H]3[C@@H](O)C[C@@]21C,1,O=C1C=CC2C(=C1)CCC1C3CCCC3CCC21,402.48700000000014,2.1284,100.90000000000002,2,6,3,4,0,0.6956521739130435,29
CHEMBL218650,C[C@]1(COc2ccc(N3CCC(Oc4ccc(OC(F)(F)F)cc4)CC3)cc2)Cn2cc([N+](=O)[O-])nc2O1,1,c1ccc(OC2CCN(c3ccc(OCC4Cn5ccnc5O4)cc3)CC2)cc1,534.4910000000002,4.967800000000004,101.12,0,8,8,5,3,0.4,38
CHEMBL1201093,COC(=O)CCC(=O)CN,1,,145.158,-0.5326000000000002,69.39,1,4,4,0,0,0.6666666666666666,10
CHEMBL114755,C/C(=N/Nc1ccc([N+](=O)[O-])cc1)C1C(=O)NC(=O)NC1=O,0,O=C1NC(=O)C(C=NNc2ccccc2)C(=O)N1,305.25000000000006,0.3647999999999999,142.79999999999998,3,7,4,2,1,0.16666666666666666,22
CHEMBL632,C[C@H]1C[C@H]2[C@@H]3CCC4=CC(=O)C=C[C@]4(C)[C@@]3(F)[C@@H](O)C[C@]2(C)[C@@]1(O)C(=O)CO,1,O=C1C=CC2C(=C1)CCC1C3CCCC3CCC21,392.4670000000002,1.8957000000000002,94.83,3,5,2,4,0,0.7272727272727273,28
CHEMBL429503,CCOC(=O)/C=C/[C@H](C[C@@H]1CCNC1=O)NC(=O)[C@H](CC(C)C)NC(=O)[C@H](CC(C)C)NC(=O)[C@H](CC(C)C)NC(=O)OC(C)(C)C,0,O=C1CCCN1,665.8730000000002,3.117900000000006,181.02999999999997,5,8,18,1,0,0.7647058823529411,47
CHEMBL1371602,COc1ccc(N2CCN(C(=O)CCc3nnc4ccc(N5CCCC5)nn34)CC2)cc1,0,O=C(CCc1nnc2ccc(N3CCCC3)nn12)N1CCN(c2ccccc2)CC1,435.53200000000027,2.0144999999999995,79.1,0,7,6,5,3,0.4782608695652174,32
CHEMBL1449676,Cc1ncc([N+](=O)[O-])n1CC(O)CCl,1,c1c[nH]cn1,219.628,0.6994199999999999,81.19,1,4,4,1,1,0.5714285714285714,14
CHEMBL3138055,C[C@]12CC[C@@H](OCCC(=O)O)CC1CC[C@@H]1[C@@H]2CC[C@]2(C)C(=O)CC[C@@H]12,0,O=C1CCC2C1CCC1C3CCCCC3CCC21,362.51000000000016,4.458100000000004,63.6,1,3,4,4,0,0.9090909090909091,26
CHEMBL2105611,C=C1/C(=C\C=C2/CCC[C@]3(C)[C@@H]([C@H](C)CC[C@@H](O)C(C)C)CC[C@@H]23)C[C@@H](O)C[C@@H]1O,1,C=C1CCCCC1=CC=C1CCCC2CCCC12,416.64600000000024,5.560600000000006,60.69,3,3,6,3,0,0.7777777777777778,30
CHEMBL1201224,CO/N=C(\C(=O)N[C@@H]1C(=O)N2C(C(=O)O)=C(CSc3nnnn3C)CS[C@H]12)c1csc(N)n1,1,N=C(C(=O)NC1C(=O)N2C=C(CSc3nnn[nH]3)CSC12)c1cscn1,511.57100000000014,-0.8697999999999984,190.81,3,13,8,4,2,0.375,33
CHEMBL4281157,C[C@H](NC(=O)CCC[C@H](NC(=O)N[C@@H](CCC(=O)O)C(=O)O)C(=O)O)c1ccc(F)nc1,0,c1ccncc1,456.42700000000013,0.6386000000000012,195.01999999999998,6,6,13,1,1,0.47368421052631576,32
CHEMBL1864933,Cc1cccc(C(=O)NCCNC(=O)c2ccco2)c1,0,O=C(NCCNC(=O)c1ccco1)c1ccccc1,272.30400000000003,1.7478200000000002,71.34,2,3,5,2,2,0.2,20
CHEMBL1201774,C[C@H](O)[C@H](O)[C@H]1CNc2nc(N)[nH]c(=O)c2N1,1,O=c1[nH]cnc2c1NCCN2,241.251,-1.7002000000000006,136.29,6,7,2,2,1,0.5555555555555556,17
CHEMBL130,O=C(N[C@H](CO)[C@H](O)c1ccc([N+](=O)[O-])cc1)C(Cl)Cl,1,c1ccccc1,323.13199999999995,0.9089999999999998,112.70000000000002,3,5,6,1,1,0.36363636363636365,20
CHEMBL1593558,N=C(N)N1CCc2ccccc2C1,1,c1ccc2c(c1)CCNC2,175.23499999999999,0.9381699999999995,53.11000000000001,2,1,0,2,1,0.3,13
CHEMBL84404,CC(CCC(c1ccccc1)c1ccccc1)(c1ccc(O)c(CN2CCCCCC2)c1)c1ccc(O)c(CN2CCCCCC2)c1,0,c1ccc(C(CCC(c2cccc(CN3CCCCCC3)c2)c2cccc(CN3CCCCCC3)c2)c2ccccc2)cc1,630.9169999999999,9.768099999999997,46.940000000000005,2,4,11,6,4,0.4418604651162791,47
CHEMBL1201286,CC[N+](C)(CC)CCOC(=O)C(O)(c1ccccc1)C1CCCCC1,1,c1ccc(CC2CCCCC2)cc1,348.50700000000023,3.4841000000000015,46.53,1,3,8,2,1,0.6666666666666666,25
CHEMBL14376,COc1cc(C(C)=O)ccc1OCCCN1CCC(c2noc3cc(F)ccc23)CC1,1,c1ccc(OCCCN2CCC(c3noc4ccccc34)CC2)cc1,426.4880000000001,4.826600000000004,64.80000000000001,0,6,8,4,3,0.4166666666666667,31
CHEMBL667,CC(=O)OCC[N+](C)(C)C,1,,146.21,0.25570000000000004,26.3,0,2,3,0,0,0.8571428571428571,10
CHEMBL1534525,COCC(=O)O[C@]1(CCN(C)CCCc2nc3ccccc3[nH]2)CCc2cc(F)ccc2[C@@H]1C(C)C,1,c1ccc2c(c1)CCC(CCNCCCc1nc3ccccc3[nH]1)C2,495.6390000000002,5.270900000000005,67.45,1,5,11,4,3,0.5172413793103449,36
CHEMBL4216379,Cc1ccc(-c2nc3ccccc3c(=O)n2C/C=C/c2ccc(C(=O)CN3C(=O)COc4ccccc43)cc2)cc1,0,O=C(CN1C(=O)COc2ccccc21)c1ccc(C=CCn2c(-c3ccccc3)nc3ccccc3c2=O)cc1,541.6070000000004,5.6936200000000055,81.50000000000001,0,5,7,6,5,0.11764705882352941,41
CHEMBL3301594,COc1cnc(-n2cnc(C)n2)c2c1c(C(=O)C(=O)N1CCN(C(=O)c3ccccc3)CC1)cn2COP(=O)(O)O,1,O=C(C(=O)N1CCN(C(=O)c2ccccc2)CC1)c1c[nH]c2c(-n3cncn3)nccc12,583.4980000000005,1.1681199999999994,182.20999999999998,2,9,8,5,4,0.28,41
CHEMBL3891743,CC(C)COC(=O)Nc1nc2cc(C3(O)c4ccccc4C(=O)N3Cc3ccccc3)ccc2[nH]1,0,O=C1c2ccccc2C(c2ccc3[nH]cnc3c2)N1Cc1ccccc1,470.52900000000017,4.616800000000003,107.55000000000001,3,5,6,5,4,0.2222222222222222,35
CHEMBL3319383,Cn1c(-c2cccc(NC(=O)CCC(=O)Nc3ccc(-c4ccsc4)cc3)c2)c(I)c2cc(C(=O)O)c(O)cc21,0,O=C(CCC(=O)Nc1cccc(-c2cc3ccccc3[nH]2)c1)Nc1ccc(-c2ccsc2)cc1,665.509,6.939600000000005,120.66000000000001,4,5,8,5,5,0.1,40
CHEMBL770,c1ccc(CC2=NCCN2)cc1,1,c1ccc(CC2=NCCN2)cc1,160.22000000000003,1.2308,24.39,1,2,2,2,1,0.3,12
CHEMBL1474963,CCc1oc2ccccc2c1C(=O)c1ccc(O)cc1,1,O=C(c1ccccc1)c1coc2ccccc12,266.29599999999994,3.9318000000000026,50.44,1,3,3,3,3,0.11764705882352941,20
CHEMBL21333,O=C(Nc1cccc2c(=O)cc(-c3nnn[nH]3)oc12)c1ccc(OCCCCc2ccccc2)cc1,1,O=C(Nc1cccc2c(=O)cc(-c3nnn[nH]3)oc12)c1ccc(OCCCCc2ccccc2)cc1,481.51200000000034,4.627100000000003,123.0,2,7,9,5,5,0.14814814814814814,36
CHEMBL3717859,O=C(c1ccncc1)c1cc(Cl)ccc1NS(=O)(=O)c1ccc(-c2ccccc2)cc1,0,O=C(c1ccncc1)c1ccccc1NS(=O)(=O)c1ccc(-c2ccccc2)cc1,448.93100000000015,5.433800000000003,76.13,1,4,6,4,4,0.0,31
CHEMBL1537606,CCCCC(O)=NS(=O)(=O)c1ccc(N=NN(C)C)cc1,0,c1ccccc1,312.39500000000004,3.082300000000002,94.69,1,4,7,1,1,0.46153846153846156,21
CHEMBL3311228,O[C@@](Cn1cnnn1)(c1ccc(F)cc1F)C(F)(F)c1ccc(-c2ccc(OCC(F)(F)F)cc2)cn1,1,c1ccc(-c2ccc(CC(Cn3cnnn3)c3ccccc3)nc2)cc1,527.4000000000002,4.6342000000000025,85.95,1,6,8,4,4,0.21739130434782608,37
CHEMBL3191917,CC(NC(=O)c1ccccc1)C(=O)N/N=C/c1cccc([N+](=O)[O-])c1,0,O=C(CNC(=O)c1ccccc1)NN=Cc1ccccc1,340.33900000000006,1.8634000000000002,113.70000000000002,2,5,6,2,2,0.11764705882352941,25
CHEMBL4066936,COC(=O)Nc1c(N)nc(-c2nn(Cc3ccccc3F)c3ncc(F)cc23)nc1N,1,c1ccc(Cn2nc(-c3ncccn3)c3cccnc32)cc1,426.3870000000001,2.557499999999999,146.86,3,8,4,4,4,0.10526315789473684,31
CHEMBL1675,CCCCCCCCCCCCCCCC(=O)OC/C=C(C)/C=C/C=C(C)/C=C/C1=C(C)CCCC1(C)C,1,C1=CCCCC1,524.8740000000004,11.542499999999986,26.3,0,2,20,1,0,0.6944444444444444,38
CHEMBL340588,CC1(C)C2CC[C@@]1(CS(=O)(=O)N1CCC3(C=Cc4ccc(Cl)cc43)CC1)C(=O)C2,0,O=C1CC2CCC1(CS(=O)(=O)N1CCC3(C=Cc4ccccc43)CC1)C2,434.0010000000002,4.425600000000004,54.45,0,3,3,5,1,0.6086956521739131,29
CHEMBL4594382,[2H]C1([2H])C([C@@H](CC#N)n2cc(-c3ncnc4[nH]ccc34)cn2)C([2H])([2H])C([2H])([2H])C1([2H])[2H],1,c1nc(-c2cnn(CC3CCCC3)c2)c2cc[nH]c2n1,314.42181422400006,3.466380000000002,83.17999999999999,1,4,4,4,3,0.4117647058823529,23
CHEMBL229706,C/C(=C\CNC=O)CC/C=C(\C)CCC/C(C)=C/C(=O)CC(C)C,0,,333.5160000000001,5.137000000000006,46.17,1,2,13,0,0,0.6190476190476191,24
CHEMBL1201300,CNC(=O)c1c(I)c(NC(C)=O)c(I)c(C(=O)O)c1I,1,c1ccccc1,613.9150000000002,2.5166000000000004,95.50000000000001,3,3,3,1,1,0.18181818181818182,20
CHEMBL54976,N[C@@H](Cc1c[nH]c2ccccc12)C(=O)O,1,c1ccc2[nH]ccc2c1,204.22899999999998,1.1223000000000003,79.11,3,2,3,2,2,0.18181818181818182,15
CHEMBL3471026,COCCN1C(=O)[C@]2(CC[C@@H]3CN(S(=O)(=O)CC(C)C)C[C@@H]32)N=C1C,0,O=C1NC=NC12CCC1CNCC12,371.50300000000016,0.9598000000000011,79.28,0,5,6,3,0,0.8823529411764706,25
CHEMBL3668014,COc1cc(F)c(-n2c(=O)[nH]c3csc(C(=O)O)c3c2=O)cc1OCc1c(OC)ccc(F)c1F,1,O=c1[nH]c2cscc2c(=O)n1-c1cccc(OCc2ccccc2)c1,508.4300000000003,3.452200000000002,119.85000000000002,2,7,7,4,4,0.13636363636363635,35
CHEMBL1533051,COc1ccc(OCCOC(=O)CNC(=O)c2ccc(Cl)cc2Cl)cc1,0,O=C(CNC(=O)c1ccccc1)OCCOc1ccccc1,398.2420000000001,3.354000000000002,73.86000000000001,1,5,8,2,2,0.2222222222222222,26
CHEMBL305809,Cc1nc2c(Oc3cc(C(=N)N)ccc3O)nc(Oc3cccc(C(=O)N(C)C)c3)nc2n1Cc1ccccc1,0,c1ccc(Cn2cnc3c(Oc4ccccc4)nc(Oc4ccccc4)nc32)cc1,537.5800000000004,4.459090000000003,152.47000000000003,3,8,8,5,5,0.13793103448275862,40
CHEMBL1200436,C[C@]12COC(=O)C[C@@H]1CC[C@@H]1[C@@H]2CC[C@@]2(C)[C@H]1CC[C@]2(C)O,1,O=C1CC2CCC3C4CCCC4CCC3C2CO1,306.446,3.543100000000003,46.53,1,3,0,4,0,0.9473684210526315,22
CHEMBL2364607,O=C(c1ccc(F)c(F)c1Nc1ccc(I)cc1F)N1CC(O)([C@@H]2CCCCN2)C1,1,O=C(c1ccccc1Nc1ccccc1)N1CC(C2CCCCN2)C1,531.3160000000003,3.781100000000002,64.60000000000001,3,4,4,4,2,0.38095238095238093,30
CHEMBL3353410,C=CC(=O)Nc1cc(Nc2nccc(-c3cn(C)c4ccccc34)n2)c(OC)cc1N(C)CCN(C)C,1,c1ccc(Nc2nccc(-c3c[nH]c4ccccc34)n2)cc1,499.6190000000003,4.509800000000003,87.55,2,7,10,4,4,0.25,37
CHEMBL1243,Nc1ccc(S(=O)(=O)NC(=O)c2ccccc2)cc1,1,O=C(NS(=O)(=O)c1ccccc1)c1ccccc1,276.317,1.3875,89.25999999999999,2,4,3,2,2,0.0,19
CHEMBL1146,Cn1nnnc1SCC1=C(C(=O)O)N2C(=O)[C@@H](NC(=O)[C@H](O)c3ccccc3)[C@H]2SC1,1,O=C(Cc1ccccc1)NC1C(=O)N2C=C(CSc3nnn[nH]3)CSC12,462.5130000000001,-0.2255999999999989,150.54,3,9,7,4,2,0.3333333333333333,31
CHEMBL1017,CCCc1nc2c(C)cc(-c3nc4ccccc4n3C)cc2n1Cc1ccc(-c2ccccc2C(=O)O)cc1,1,c1ccc(-c2ccc(Cn3cnc4ccc(-c5nc6ccccc6[nH]5)cc43)cc2)cc1,514.6290000000004,7.2644200000000065,72.94,1,3,7,6,6,0.18181818181818182,39
CHEMBL39736,CCCCNC(=N)NC(=N)N,1,,157.22099999999998,-0.20605999999999913,97.78,5,2,3,0,0,0.6666666666666666,11
CHEMBL1201019,CO/N=C(\C(=O)N[C@@H]1C(=O)N2C(C(=O)O)=CCS[C@H]12)c1csc(N)n1,1,N=C(C(=O)NC1C(=O)N2C=CCSC12)c1cscn1,383.41100000000006,-0.5557999999999992,147.20999999999998,3,9,5,3,1,0.3076923076923077,25
CHEMBL3343002,CCN(Cc1cc(C(F)(F)F)ccc1-c1nn(CC(=O)O)c2ccc(F)c(Cl)c12)C(=O)C1CC1,0,O=C(NCc1ccccc1-c1n[nH]c2ccccc12)C1CC1,497.8760000000002,5.357700000000003,75.43,1,3,7,4,3,0.34782608695652173,34
CHEMBL1082407,CNC(=O)c1ccc(N2C(=S)N(c3ccc(C#N)c(C(F)(F)F)c3)C(=O)C2(C)C)cc1F,1,O=C1CN(c2ccccc2)C(=S)N1c1ccccc1,464.44400000000013,3.992480000000003,76.44,1,4,3,3,2,0.23809523809523808,32
CHEMBL1697856,CCOc1ccc(NC(=O)CC(C)O)cc1,1,c1ccccc1,223.272,1.7946999999999997,58.56,2,3,5,1,1,0.4166666666666667,16
CHEMBL2180944,CCCOc1ccc(S(=O)(=O)N2CCN(C)CC2)cc1-c1nc(CC)c(C)c(=O)[nH]1,0,O=c1ccnc(-c2cccc(S(=O)(=O)N3CCNCC3)c2)[nH]1,434.56200000000024,2.0326199999999996,95.6,1,6,7,3,2,0.5238095238095238,30
CHEMBL3895167,CC(=O)N1CCN(c2ccc(CN(CC(C)C)S(=O)(=O)Cc3ccccc3)cn2)CC1,0,O=S(=O)(Cc1ccccc1)NCc1ccc(N2CCNCC2)nc1,444.6010000000002,2.738100000000001,73.82000000000001,0,5,8,3,2,0.4782608695652174,31
CHEMBL1331248,CCCCCCN1C(=O)NC(=O)/C(=C\NC2CCN(Cc3ccccc3)CC2)C1=O,0,O=C1NC(=O)C(=CNC2CCN(Cc3ccccc3)CC2)C(=O)N1,412.5340000000002,2.783200000000001,81.75,2,5,9,3,1,0.5217391304347826,30
CHEMBL2338329,Cc1nc(C(=O)NCC(=O)O)c(O)c2ccc(Oc3ccccc3)cc12,1,c1ccc(Oc2ccc3ccncc3c2)cc1,352.34600000000006,2.8555200000000003,108.75000000000001,3,5,5,3,3,0.10526315789473684,26
CHEMBL1410,CCCCCCCCCc1ccc(OCCOCCOCCOCCOCCOCCOCCOCCOCCO)cc1,1,c1ccccc1,616.8330000000004,4.483600000000006,103.30000000000003,1,10,35,1,1,0.8181818181818182,43
CHEMBL3544985,COc1c(-c2ccc3cc(NS(C)(=O)=O)ccc3c2)cc(-n2ccc(=O)[nH]c2=O)cc1C(C)(C)C,1,O=c1ccn(-c2cccc(-c3ccc4ccccc4c3)c2)c(=O)[nH]1,493.58500000000026,4.023600000000002,110.25999999999999,2,5,5,4,4,0.23076923076923078,35
CHEMBL515980,CC(C)[C@H](C(=O)NO)N(CC(=O)O)S(=O)(=O)c1ccc(Oc2ccccc2)cc1,0,c1ccc(Oc2ccccc2)cc1,422.4590000000001,2.084199999999999,133.23999999999998,3,6,9,2,2,0.2631578947368421,29
CHEMBL2269120,O=C(/C=C/c1ccccc1)c1nc2ccccc2[nH]1,0,O=C(C=Cc1ccccc1)c1nc2ccccc2[nH]1,248.28500000000003,3.4590000000000014,45.75,1,2,3,3,3,0.0,19
CHEMBL2206395,Clc1cccc(Cl)c1Cc1ncc[nH]1,0,c1ccc(Cc2ncc[nH]2)cc1,227.094,3.3073000000000015,28.68,1,1,2,2,2,0.1,14
CHEMBL1363918,CC(C)c1ccc(S(=O)(=O)c2nnn3c2nc(NCCc2ccccc2)c2sccc23)cc1,0,O=S(=O)(c1ccccc1)c1nnn2c1nc(NCCc1ccccc1)c1sccc12,477.6150000000002,4.949800000000004,89.25,1,7,7,5,5,0.20833333333333334,33
CHEMBL3656516,Cc1cncc(Nc2ccc(CC[C@H]3COC(N)=N3)cc2)n1,0,C1=NC(CCc2ccc(Nc3cnccn3)cc2)CO1,297.36199999999997,2.1747199999999998,85.42,2,6,5,3,2,0.3125,22
CHEMBL1229517,CCCS(=O)(=O)Nc1ccc(F)c(C(=O)c2c[nH]c3ncc(-c4ccc(Cl)cc4)cc23)c1F,1,O=C(c1ccccc1)c1c[nH]c2ncc(-c3ccccc3)cc12,489.9310000000001,5.544200000000004,91.92,2,4,7,4,4,0.13043478260869565,33
CHEMBL196459,CCCCC1(CCCC)CS(=O)(=O)c2ccc(N(C)C)cc2[C@@H](c2ccc(OC)c(F)c2)[C@H]1O,0,O=S1(=O)CCCC(c2ccccc2)c2ccccc21,491.6690000000002,5.547200000000007,66.84,1,5,9,3,2,0.5555555555555556,34
CHEMBL16476,CC(C)NCC(O)c1ccc2ccccc2c1,1,c1ccc2ccccc2c1,229.323,2.871200000000001,32.26,2,2,4,2,2,0.3333333333333333,17
CHEMBL1201138,Nc1nc(=O)c2c([nH]1)NCC(CNc1ccc(C(=O)N[C@@H](CCC(=O)O)C(=O)O)cc1)N2C=O,1,O=c1nc[nH]c2c1NC(CNc1ccccc1)CN2,473.4460000000002,-0.7310999999999974,219.83999999999997,7,9,10,3,2,0.3,34
CHEMBL43,COc1cc(NS(C)(=O)=O)ccc1Nc1c2ccccc2nc2ccccc12,1,c1ccc(Nc2c3ccccc3nc3ccccc23)cc1,393.46800000000013,4.511700000000003,80.32,2,5,5,4,4,0.09523809523809523,28
CHEMBL4594273,CCNCCc1ccc(CN(CC)c2cc(OC)ccc2[C@@H]2CCc3cc(O)ccc3C2)cc1,1,c1ccc(CNc2ccccc2C2CCc3ccccc3C2)cc1,458.6460000000002,5.851800000000007,44.730000000000004,2,4,10,4,3,0.4,34
CHEMBL374478,CO[C@H]1/C=C/O[C@@]2(C)Oc3c(C)c(O)c4c(O)c(c(/C=N/N5CCN(C)CC5)c(O)c4c3C2=O)NC(=O)/C(C)=C\C=C\[C@H](C)[C@H](O)[C@@H](C)[C@@H](O)[C@@H](C)[C@H](OC(C)=O)[C@@H]1C,1,O=C1C=CC=CCCCCCCCCC=COC2Oc3ccc4cc(c(C=NN5CCNCC5)cc4c3C2=O)N1,822.9530000000003,4.335420000000004,220.14999999999995,6,15,4,6,2,0.5348837209302325,59
CHEMBL197084,C[C@@]1(C(=O)N[C@@H](CCC(=O)O)C(=O)O)CCCN1C(=O)CN,1,C1CCNC1,315.3260000000001,-1.2395999999999974,150.03,4,5,7,1,0,0.6923076923076923,22
CHEMBL1697841,CNC(C)CCC=C(C)C,1,,141.25799999999998,2.3407,12.03,1,1,4,0,0,0.7777777777777778,10
CHEMBL315985,NC(=O)N1c2ccccc2C[C@H](O)c2ccccc21,1,c1ccc2c(c1)CCc1ccccc1N2,254.289,2.4929000000000006,66.56,2,2,0,3,2,0.13333333333333333,19
CHEMBL4073706,FC(F)(F)c1ccc(-n2cc(COc3ccc(-c4ccccc4)cc3)nn2)cc1,0,c1ccc(-c2ccc(OCc3cn(-c4ccccc4)nn3)cc2)cc1,395.384,5.532100000000004,39.94,0,3,5,4,4,0.09090909090909091,29
CHEMBL1357239,COc1ccccc1CNC(=O)c1ccc(N2CCCC2)c(NC(=O)NCc2ccccc2)c1,0,O=C(NCc1ccccc1)Nc1cc(C(=O)NCc2ccccc2)ccc1N1CCCC1,458.5620000000002,4.547100000000003,82.7,3,4,8,4,3,0.25925925925925924,34
CHEMBL340978,CC(C(=O)O)c1ccc2oc(-c3ccc(Cl)cc3)nc2c1,1,c1ccc(-c2nc3ccccc3o2)cc1,301.729,4.336300000000002,63.33,1,3,3,3,3,0.125,21
CHEMBL3545368,Cc1[nH]c2ccccc2c1CCNCc1ccc(/C=C/C(=O)NO)cc1,1,c1ccc(CNCCc2c[nH]c3ccccc23)cc1,349.43399999999997,3.3272200000000014,77.15,4,3,7,3,3,0.19047619047619047,26
CHEMBL1201782,C[C@@H](O[C@H]1OCCN(Cc2nn(P(=O)(O)O)c(=O)[nH]2)[C@H]1c1ccc(F)cc1)c1cc(C(F)(F)F)cc(C(F)(F)F)c1,1,O=c1[nH]nc(CN2CCOC(OCc3ccccc3)C2c2ccccc2)[nH]1,614.4110000000003,4.366300000000003,129.91,3,6,7,4,3,0.391304347826087,41
CHEMBL2251940,COc1ccn2nc(S(=O)(=O)Nc3ccc(OC(F)(F)F)cc3)nc2n1,0,O=S(=O)(Nc1ccccc1)c1nc2ncccn2n1,389.31500000000005,1.8323,107.71000000000001,1,7,5,3,3,0.15384615384615385,26
CHEMBL1166,CC1CNc2c(cccc2S(=O)(=O)N[C@@H](CCCNC(=N)N)C(=O)N2CC[C@@H](C)C[C@@H]2C(=O)O)C1,1,O=C(CNS(=O)(=O)c1cccc2c1NCCC2)N1CCCCC1,508.6450000000003,0.9125700000000025,177.71,6,6,9,3,1,0.6086956521739131,35
CHEMBL841,CN(C)C(=O)C(CCN1CCC(O)(c2ccc(Cl)cc2)CC1)(c1ccccc1)c1ccccc1,1,c1ccc(C2CCN(CCC(c3ccccc3)c3ccccc3)CC2)cc1,477.0480000000002,5.088000000000005,43.78,1,3,7,4,3,0.3448275862068966,34
CHEMBL1206119,O=C(CCCCCC/N=c1/c(S)c(O)c1=O)Nc1ccccc1,0,O=C(CCCCCCN=c1ccc1=O)Nc1ccccc1,332.42500000000007,2.4066,78.75999999999999,3,5,8,2,2,0.35294117647058826,23
CHEMBL1224,Cc1ccc(/C(=C\CN2CCCC2)c2cccc(/C=C/C(=O)O)n2)cc1,1,C(CN1CCCC1)=C(c1ccccc1)c1ccccn1,348.446,4.015320000000003,53.43000000000001,1,3,6,3,2,0.2727272727272727,26
CHEMBL1587,CN1C(CSCC(F)(F)F)Nc2cc(Cl)c(S(N)(=O)=O)cc2S1(=O)=O,1,O=S1(=O)NCNc2ccccc21,439.8900000000002,1.655,109.57,2,6,4,2,1,0.45454545454545453,25
CHEMBL1111,COC(c1ccccc1)(c1ccccc1)[C@H](Oc1nc(C)cc(C)n1)C(=O)O,1,c1ccc(C(COc2ncccn2)c2ccccc2)cc1,378.4280000000001,3.515640000000001,81.54,1,5,7,3,3,0.22727272727272727,28
CHEMBL3678851,CCc1cc2c(C(N)=O)nn(CC(=O)N3C[C@H](F)[C@@H](OC)[C@H]3C(=O)Nc3cccc(OC(F)(F)F)c3F)c2cn1,0,O=C(Nc1ccccc1)C1CCCN1C(=O)Cn1ncc2ccncc21,570.4750000000001,2.3329000000000004,141.67000000000002,2,7,8,4,3,0.375,40
CHEMBL3331130,CCCCCCCCCCCCc1c2[n+](cc3c4c(ccc13)OCO4)CCc1cc3c(cc1-2)OCO3,0,c1c2c(cc3c1OCO3)-c1cc3ccc4c(c3c[n+]1CC2)OCO4,488.64800000000037,7.271200000000007,40.8,0,4,11,6,3,0.5161290322580645,36
CHEMBL72370,OCc1csc(-c2ccc(-c3ccc(CO)s3)s2)c1,0,c1csc(-c2ccc(-c3cccs3)s2)c1,308.449,4.189700000000003,40.46,2,5,4,3,3,0.14285714285714285,19
CHEMBL1199080,CC[N+](C)(C)Cc1ccccc1Br,1,c1ccccc1,243.16799999999998,3.0454000000000017,0.0,0,0,3,1,1,0.45454545454545453,13
CHEMBL119703,CCNCCNc1ccc2ncnc3c2c1C(=O)c1c(O)ccc(O)c1-3,0,O=C1c2ccccc2-c2ncnc3cccc1c23,350.37800000000004,2.2738,107.37,4,7,5,4,3,0.21052631578947367,26
CHEMBL4582651,CO[C@]1(C(=O)N[C@@H](C)c2ccc(-n3cc(F)cn3)nc2)CC[C@H](c2nc(C)cc(Nc3cc(C)[nH]n3)n2)CC1,1,O=C(NCc1ccc(-n2cccn2)nc1)C1CCC(c2nccc(Nc3cc[nH]n3)n2)CC1,533.6120000000002,4.200140000000003,135.53,3,8,8,5,4,0.4074074074074074,39
CHEMBL1201206,CC(=O)O[C@H]1C[C@@H]2CC[C@@H]3[C@H](CC[C@@]4(C)[C@H]3C[C@H](N3CC[N+](C)(C)CC3)[C@@H]4OC(C)=O)[C@@]2(C)C[C@@H]1N1CC[N+](C)(C)CC1,1,C1CN(C2CCC3CCC4C5CC(N6CC[NH2+]CC6)CC5CCC4C3C2)CC[NH2+]1,602.9050000000001,3.633500000000006,59.08,0,6,4,6,0,0.9428571428571428,43
CHEMBL3315303,CC[C@@H](NC(=O)CO[C@H]1[C@H](O)[C@@H](CO)O[C@H](OCc2ccccc2)[C@@H]1NC(C)=O)C(=O)N[C@H](CCC(=O)NCCNc1ncnc2c1ncn2[C@@H]1O[C@H](CO)[C@@H](O)[C@H]1O)C(N)=O,0,O=C(CCCNC(=O)CNC(=O)COC1CCOC(OCc2ccccc2)C1)NCCNc1ncnc2c1ncn2C1CCCO1,874.9059999999998,-4.204200000000001,353.19,11,18,22,5,3,0.5789473684210527,62
CHEMBL598126,Cn1/c(=N/NC(=O)C23CC4CC(CC(C4)C2)C3)sc2ccccc21,0,O=C(NN=c1[nH]c2ccccc2s1)C12CC3CC(CC(C3)C1)C2,341.48,3.3881000000000014,46.39,1,3,2,6,2,0.5789473684210527,24
CHEMBL446929,Cc1cc(O)c2cc3c(c(O)c2c1)C(=O)c1ccc([C@H]2C[C@@H](O[C@@H]4CC[C@@H](O)[C@@H](C)O4)[C@H](O)[C@@H](C)O2)c(O)c1C3=O,0,O=C1c2ccc(C3CC(OC4CCCCO4)CCO3)cc2C(=O)c2cc3ccccc3cc21,564.5870000000003,3.5223200000000037,162.98000000000002,5,10,3,6,3,0.41935483870967744,41
CHEMBL111159,Cc1cc(C)cc(CCOCNS(=O)(=O)CCCNCCc2ccc(O)c3nc(O)sc23)c1,0,O=S(=O)(CCCNCCc1cccc2ncsc12)NCOCCc1ccccc1,493.65100000000024,2.9827400000000015,120.78,4,8,13,3,3,0.43478260869565216,33
CHEMBL3741191,Cc1ccc(S(=O)(=O)N(C(C)C)C2(C(=O)N[C@H]3C4CC5CC3C[C@](C(N)=O)(C5)C4)CC2)cc1F,0,O=C(NC1C2CC3CC(C2)CC1C3)C1(NS(=O)(=O)c2ccccc2)CC1,491.6290000000004,2.8622200000000007,109.57,2,4,7,6,1,0.68,34
CHEMBL19,CC(=O)/N=c1/sc(S(N)(=O)=O)nn1C,1,N=c1[nH]ncs1,236.278,-1.4237999999999997,107.41,1,5,1,1,1,0.4,14
CHEMBL1615438,C[C@@H]1CN([C@H]2CC[C@](C#N)(c3ccc(F)cc3)CC2)CC[C@]1(C(=O)O)c1ccccc1,1,c1ccc(C2CCC(N3CCC(c4ccccc4)CC3)CC2)cc1,420.5280000000002,4.894080000000004,64.33,1,3,4,4,2,0.46153846153846156,31
CHEMBL1201336,O=C1NC(c2ccccc2)(c2ccccc2)C(=O)N1COP(=O)(O)O,1,O=C1NC(=O)C(c2ccccc2)(c2ccccc2)N1,362.2780000000001,1.5488,116.17000000000002,3,4,5,3,2,0.125,25
CHEMBL1877662,Cc1cccc(OCC(=O)NCc2ccc3c(c2)CCN3C(=O)c2ccccc2)c1,0,O=C(COc1ccccc1)NCc1ccc2c(c1)CCN2C(=O)c1ccccc1,400.4780000000001,3.8931200000000032,58.64,1,3,6,4,3,0.2,30
CHEMBL1476022,CC(=O)O[C@]1(C(C)=O)CC[C@H]2[C@@H]3C=C(C)C4=CC(=O)CC[C@@H]4[C@H]3CC[C@@]21C,1,O=C1C=C2C=CC3C4CCCC4CCC3C2CC1,370.4890000000002,4.185200000000004,60.440000000000005,0,4,2,4,0,0.6956521739130435,27
CHEMBL3954980,c1ccc2[nH]c(Cc3ccncc3)nc2c1,0,c1ccc2[nH]c(Cc3ccncc3)nc2c1,209.252,2.5487,41.57,1,2,2,3,3,0.07692307692307693,16
CHEMBL2355456,CCCCCCCN(CC)CCCC(O)c1ccc(NS(C)(=O)=O)cc1,1,c1ccccc1,384.58600000000007,4.164000000000003,69.64,2,4,14,1,1,0.7,26
CHEMBL348442,COC(=O)CCC/C=C\C[C@@H]1[C@@H](/C=C/[C@@H](O)CSC2=CCCCC2)[C@H](O)C[C@@H]1O,0,C(=CC1CCCC1)CCSC1=CCCCC1,424.6030000000003,3.742100000000003,86.99000000000001,3,6,11,2,0,0.6956521739130435,29
CHEMBL1200817,CC[C@H](OC(C)=O)C(C[C@H](C)N(C)C)(c1ccccc1)c1ccccc1,1,c1ccc(Cc2ccccc2)cc1,353.50600000000003,4.654600000000005,29.54,0,3,8,2,2,0.43478260869565216,26
CHEMBL3991114,O=C(O)[C@]1(Cc2cccc(Nc3nccs3)n2)CC[C@@H]([S+]([O-])c2cccc(Cl)c2Cl)CC1,0,c1ccc([SH+]C2CCC(Cc3cccc(Nc4nccs4)n3)CC2)cc1,510.4680000000003,5.952400000000004,98.17,2,6,7,4,3,0.3181818181818182,32
CHEMBL38131,CC1(C)C(=O)Nc2cc3[nH]c(-c4cc5ccccc5[nH]4)nc3cc21,0,O=C1Cc2cc3nc(-c4cc5ccccc5[nH]4)[nH]c3cc2N1,316.36400000000003,3.940900000000002,73.57,3,2,1,5,4,0.15789473684210525,24
CHEMBL3902817,CC(C)Oc1ccc(S(=O)(=O)N2CCN(c3ccc(NC(=O)c4ccco4)c(OCC(=O)O)c3)CC2)cc1,0,O=C(Nc1ccc(N2CCN(S(=O)(=O)c3ccccc3)CC2)cc1)c1ccco1,543.5980000000002,3.293400000000002,138.62,2,8,10,4,3,0.3076923076923077,38
CHEMBL1200715,CC(CNC1CCCCC1)OC(=O)c1ccccc1,1,O=C(OCCNC1CCCCC1)c1ccccc1,261.365,3.154200000000002,38.33,1,3,5,2,1,0.5625,19
CHEMBL168125,COc1ccc(F)cc1C1OC(=O)NC1=O,0,O=C1NC(=O)C(c2ccccc2)O1,225.17499999999998,1.1418,64.63,1,4,2,2,1,0.2,16
CHEMBL595,CCc1ccc(CCOc2ccc(CC3SC(=O)NC3=O)cc2)nc1,1,O=C1NC(=O)C(Cc2ccc(OCCc3ccccn3)cc2)S1,356.44700000000006,3.159600000000001,68.28999999999999,1,5,7,3,2,0.3157894736842105,25
CHEMBL1311,O=[N+]([O-])O[C@@H]1CO[C@H]2[C@@H]1OC[C@@H]2O,1,C1CC2OCCC2O1,191.13899999999998,-1.2782000000000004,91.06000000000002,1,6,2,2,0,1.0,13
CHEMBL1983936,C[C@@H](NS(=O)(=O)c1ccc(NC(=O)c2ccccc2)cc1)C(=O)O,0,O=C(Nc1ccccc1)c1ccccc1,348.38000000000005,1.6903000000000004,112.57000000000001,3,4,6,2,2,0.125,24
CHEMBL612191,C[C@@H](CCc1ccc(O)cc1)O[C@@H]1O[C@H](CO[C@@H]2O[C@@H](CO)[C@H](O)[C@H]2O)[C@@H](O)[C@H](O)[C@H]1O,0,c1ccc(CCCOC2CCCC(COC3CCCO3)O2)cc1,460.4760000000001,-2.0068999999999986,178.53,7,11,9,3,1,0.7142857142857143,32
CHEMBL317094,CCOC(=O)[C@H](CCc1ccccc1)N[C@@H](C)C(=O)N1C(=O)N(C)C[C@H]1C(=O)O,1,O=C(CNCCCc1ccccc1)N1CCNC1=O,405.45100000000025,0.8762000000000008,116.25000000000001,2,6,9,2,1,0.5,29
CHEMBL220092,CC(C)N1CCN(C(CN2CCN(CCCc3ccccc3-c3ccc(-c4ccccc4)cc3)CC2)c2ccc(F)cc2)CC1,0,c1ccc(-c2ccc(-c3ccccc3CCCN3CCN(CC(c4ccccc4)N4CCNCC4)CC3)cc2)cc1,604.8580000000002,7.477200000000009,12.96,0,4,11,6,4,0.4,45
CHEMBL2042122,CNc1ccc(-c2nc3ccc(O)cc3s2)cc1[18F],1,c1ccc(-c2nc3ccccc3s2)cc1,273.322938,3.8497000000000012,45.150000000000006,2,4,2,3,3,0.07142857142857142,19
CHEMBL1222867,COc1ccc2c(c1)C(=O)N(C[C@@]1(c3ccc(-c4cccnc4)cc3)NC(=O)NC1=O)C2,0,O=C1NC(=O)C(CN2Cc3ccccc3C2=O)(c2ccc(-c3cccnc3)cc2)N1,428.4480000000001,2.4478999999999997,100.63,2,5,5,5,3,0.16666666666666666,32
CHEMBL1774461,CNc1ccc(/C=C/c2ccc(OCCOCCOCC[18F])nc2)cc1,1,C(=Cc1cccnc1)c1ccccc1,359.43193800000006,3.675200000000003,52.61,1,5,12,2,2,0.35,26
CHEMBL1201216,Cc1ccccc1N1CCN(CCc2nnc3n2CCCC3)CC1,1,c1ccc(N2CCN(CCc3nnc4n3CCCC4)CC2)cc1,325.46000000000015,2.2875200000000007,37.190000000000005,0,4,4,4,2,0.5789473684210527,24
CHEMBL2070698,NC(=O)Nc1sc(-c2ccccc2F)cc1C(=O)N[C@H]1CCCNC1,0,O=C(NC1CCCNC1)c1csc(-c2ccccc2)c1,362.4300000000002,2.5266,96.25,4,4,4,3,2,0.29411764705882354,25
CHEMBL1611855,Cc1cc2oc(C(=O)Nc3ccc(S(=O)(=O)N4CCCCCC4)cc3)cc(=O)c2cc1C,0,O=C(Nc1ccc(S(=O)(=O)N2CCCCCC2)cc1)c1cc(=O)c2ccccc2o1,454.5480000000004,4.226840000000004,96.69,1,5,4,4,3,0.3333333333333333,32
CHEMBL3137321,COc1ccc2c3c1O[C@H]1C(OC(=O)c4ccccc4)=CC[C@@H]4[C@@H](C2)N(C)CC[C@@]341,1,O=C(OC1=CCC2C3Cc4cccc5c4C2(CCN3)C1O5)c1ccccc1,403.47800000000024,3.7150000000000025,48.00000000000001,0,5,3,6,2,0.4,30
CHEMBL4107109,CC[C@@H](O)[C@H]1O[C@@H](n2cc(F)c3c(N)ncnc32)[C@](C)(O)[C@@H]1O,0,c1ncc2ccn(C3CCCO3)c2n1,326.32800000000003,-0.06719999999999993,126.65,4,7,3,3,2,0.5714285714285714,23
CHEMBL1165342,CC[C@]12CCCN3CCc4c(n(c5ccccc45)[C@@](O)(C(=O)OC)C1)[C@@H]32,1,c1ccc2c(c1)c1c3n2CCC2CCCN(CC1)C32,354.45000000000016,2.9525000000000015,54.7,1,4,2,5,2,0.5714285714285714,26
CHEMBL1200495,C[C@]12CCC(=O)C=C1CC[C@@H]1[C@@H]2[C@@H](O)C[C@@]2(C)[C@H]1CC[C@]2(O)C(=O)COC(=O)CCC(=O)O,1,O=C1C=C2CCC3C4CCCC4CCC3C2CC1,462.5390000000004,2.1973,138.2,3,7,6,4,0,0.76,33
CHEMBL1428277,CC1CCc2sc(C(=O)OCC(=O)NCc3ccc(F)cc3)cc2C1,0,O=C(COC(=O)c1cc2c(s1)CCCC2)NCc1ccccc1,361.43800000000005,3.4852000000000025,55.400000000000006,1,4,5,3,2,0.3684210526315789,25
CHEMBL3747873,Nc1nc(Cl)nc2c1ncn2[C@@H]1O[C@H](COP(=O)(S)OP(=O)(O)C(Cl)P(=O)(O)OP(=O)(S)OC[C@H]2O[C@@H](n3cnc4c(N)nc(Cl)nc43)[C@H](O)[C@@H]2O)[C@@H](O)[C@H]1O,0,O=[PH](C[PH](=O)O[PH](=O)OCC1CCC(n2cnc3cncnc32)O1)O[PH](=O)OCC1CCC(n2cnc3cncnc32)O1,969.89,1.4112000000000002,384.28,10,22,14,6,4,0.5238095238095238,56
CHEMBL1200705,CC(N)Cc1ccc(O)cc1,1,c1ccccc1,151.20899999999997,1.2819,46.25,2,2,2,1,1,0.3333333333333333,11
CHEMBL132101,CO[C@H]1C(=O)N2C(C(=O)C(C)(C)C)=C(CSc3nnnn3C)CS(=O)(=O)C12,0,O=C1CC2N1C=C(CSc1nnn[nH]1)CS2(=O)=O,415.4970000000001,-0.216799999999999,124.35,0,9,5,3,1,0.6666666666666666,27
CHEMBL5315120,CCCCC1(CCCC)CN(c2ccccc2)c2cc(SC)c(OCC(=O)N[C@@H](C(=O)N[C@@H](CC)C(=O)O)c3ccc(O)cc3)cc2S(=O)(=O)N1,1,O=C(COc1ccc2c(c1)S(=O)(=O)NCCN2c1ccccc1)NCc1ccccc1,740.9450000000004,5.879000000000006,174.37,5,9,17,4,3,0.43243243243243246,51
CHEMBL1879820,CCCCOC(=O)/C(C#N)=C/c1ccc(-c2ccc(Br)cc2)o1,0,c1ccc(-c2ccco2)cc1,374.23400000000004,4.959380000000004,63.230000000000004,0,4,6,2,2,0.2222222222222222,23
CHEMBL7568,CCN(CC)CCCC(C)Nc1c2ccc(Cl)cc2nc2ccc(OC)cc12,1,c1ccc2nc3ccccc3cc2c1,399.9660000000002,5.972400000000006,37.39,1,4,9,3,3,0.43478260869565216,28
CHEMBL1504703,Cc1nc(N)sc1C(=O)NN,0,c1cscn1,172.213,-0.36278000000000005,94.02999999999999,3,5,1,1,1,0.2,11
CHEMBL2103877,C=C1CCN([C@H](C)[C@](O)(Cn2cncn2)c2ccc(F)cc2F)CC1,1,C=C1CCN(CC(Cn2cncn2)c2ccccc2)CC1,348.3970000000001,2.4846000000000004,54.18,1,4,5,3,2,0.4444444444444444,25
CHEMBL1738797,CCc1cc2c(cc1N1CCC(N3CCOCC3)CC1)C(C)(C)c1[nH]c3cc(C#N)ccc3c1C2=O,1,O=C1c2ccc(N3CCC(N4CCOCC4)CC3)cc2Cc2[nH]c3ccccc3c21,482.62800000000027,4.773280000000004,72.36,1,5,3,6,3,0.4666666666666667,36
CHEMBL812,CN(C)C(=O)Oc1ccc[n+](C)c1,1,c1cc[nH+]cc1,181.21499999999997,0.5714999999999999,33.42,0,2,1,1,1,0.3333333333333333,13
CHEMBL4297603,[2H]C([2H])([2H])C(c1cc(C(C)(C)C)c(NC(=O)c2c[nH]c3ccccc3c2=O)cc1O)(C([2H])([2H])[2H])C([2H])([2H])[2H],1,O=C(Nc1ccccc1)c1c[nH]c2ccccc2c1=O,401.55391600200016,5.081000000000004,82.19,3,3,2,3,3,0.3333333333333333,29
CHEMBL1277158,O=C(CCCc1ccc(N(CCCl)CCCl)cc1)NN[C@@H]1O[C@H]2[C@H](OC(=O)[C@H]2O)[C@H]1O,0,O=C(CCCc1ccccc1)NNC1CC2OC(=O)CC2O1,476.357,0.2862000000000003,120.36000000000001,4,8,11,3,1,0.6,31
CHEMBL1200624,C#C[C@]1(OC(C)=O)CC[C@H]2[C@@H]3CCC4=C[C@@H](OC(C)=O)CC[C@@H]4[C@H]3CC[C@@]21C,1,C1=C2CCC3C4CCCC4CCC3C2CCC1,384.51600000000025,4.425900000000004,52.6,0,4,2,4,0,0.75,28
CHEMBL976,O=C(C1CCCCC1)N1CC(=O)N2CCc3ccccc3C2C1,1,O=C(C1CCCCC1)N1CC(=O)N2CCc3ccccc3C2C1,312.41300000000007,2.5349000000000004,40.620000000000005,0,2,1,4,1,0.5789473684210527,23
CHEMBL3415611,C#CCNCC(=C)c1cccc(OCc2cccc(F)c2)c1,0,c1ccc(COc2ccccc2)cc1,295.357,3.6407000000000025,21.259999999999998,1,2,7,2,2,0.15789473684210525,22
CHEMBL4077659,COc1cc(/C=C/C(=O)NO)ccc1OC[C@H](Cc1c[nH]c2ccccc12)NC(=O)c1ccc([N+](=O)[O-])cc1,0,O=C(NC(COc1ccccc1)Cc1c[nH]c2ccccc12)c1ccccc1,530.5370000000003,4.023400000000002,155.82000000000002,4,7,11,4,4,0.14285714285714285,39
CHEMBL1963683,CC(C)OC(=O)CCC/C=C\C[C@@H]1[C@@H](/C=C/C(F)(F)COc2ccccc2)[C@H](O)C[C@@H]1O,1,C(=CC1CCCC1)CCOc1ccccc1,452.5380000000002,4.683000000000005,75.99000000000001,2,5,12,2,1,0.56,32
CHEMBL299400,Oc1ccc2c(c1)[C@@]13CCCC[C@@]1(O)[C@@H](C2)N(CC1CCC1)CC3,1,c1ccc2c(c1)CC1C3CCCCC23CCN1CC1CCC1,327.46800000000013,3.3656000000000015,43.7,2,3,2,5,1,0.7142857142857143,24
CHEMBL4289687,Cc1ccc(OCCCCn2ccnc2)c(C(=O)Nc2ccc(C)c(Nc3nccc(-c4cccnc4)n3)c2)c1,0,O=C(Nc1cccc(Nc2nccc(-c3cccnc3)n2)c1)c1ccccc1OCCCCn1ccnc1,533.6360000000002,6.207040000000006,106.85000000000001,2,7,11,5,5,0.1935483870967742,40
CHEMBL4288300,COc1cccc(Nc2cc(Nc3cc(OC)ccc3OC)ncn2)c1,0,c1ccc(Nc2cc(Nc3ccccc3)ncn2)cc1,352.39400000000006,3.989600000000002,77.53,2,7,7,3,3,0.15789473684210525,26
CHEMBL991,Cc1cn([C@H]2C=C[C@@H](CO)O2)c(=O)[nH]c1=O,1,O=c1ccn(C2C=CCO2)c(=O)[nH]1,224.21599999999998,-0.7090799999999999,84.32,2,4,2,2,1,0.4,16
CHEMBL1201728,CN(C)CC(c1ccc(O)cc1)C1(O)CCCCC1,1,c1ccc(CC2CCCCC2)cc1,263.381,2.7326000000000006,43.7,2,3,4,2,1,0.625,19
CHEMBL19449,CC(C)C(=O)c1c(C(C)C)nn2ccccc12,1,c1ccn2nccc2c1,230.311,3.296400000000002,34.370000000000005,0,2,3,2,2,0.42857142857142855,17
CHEMBL1201302,C[C@@H]1C[C@H]2[C@@H]3CCC4=CC(=O)C=C[C@]4(C)[C@@]3(F)[C@@H](O)C[C@]2(C)[C@@]1(O)C(=O)COP(=O)(O)O,1,O=C1C=CC2C(=C1)CCC1C3CCCC3CCC21,472.44600000000025,2.0127000000000006,141.36,4,6,4,4,0,0.7272727272727273,32
CHEMBL6966,COc1ccc(CCN(C)CCCC(C#N)(c2ccc(OC)c(OC)c2)C(C)C)cc1OC,1,c1ccc(CCCCNCCc2ccccc2)cc1,454.6110000000002,5.093080000000005,63.95,0,6,13,2,2,0.5185185185185185,33
CHEMBL570121,N#Cc1c(-c2cc(F)cc(-c3no[n+]([O-])c3C#N)c2)no[n+]1[O-],0,c1cc(-c2c[nH+]on2)cc(-c2c[nH+]on2)c1,314.192,0.1458599999999998,153.52,0,8,2,3,3,0.0,23
CHEMBL1615350,CN(C)CCCC1c2ccccc2Nc2ccc(Cl)cc21,1,c1ccc2c(c1)Cc1ccccc1N2,300.833,4.870700000000004,15.27,1,2,4,3,2,0.3333333333333333,21
CHEMBL3115836,O=C(Nc1ccc(F)c(-c2nc3ncccc3o2)c1)c1cc2ccccc2o1,0,O=C(Nc1cccc(-c2nc3ncccc3o2)c1)c1cc2ccccc2o1,373.34300000000013,5.027400000000003,81.16000000000001,1,5,3,5,5,0.0,28
CHEMBL1364403,Cc1cccc(N(CC(=O)Nc2c(C)n(C)n(-c3ccccc3)c2=O)S(C)(=O)=O)c1,0,O=C(CNc1ccccc1)Nc1c[nH]n(-c2ccccc2)c1=O,428.5140000000002,2.19754,93.41,1,4,6,3,3,0.23809523809523808,30
CHEMBL1200532,CN1CCC(CN2c3ccccc3Sc3ccccc32)C1,1,c1ccc2c(c1)Sc1ccccc1N2CC1CCNC1,296.4390000000001,4.241000000000003,6.48,0,3,2,4,2,0.3333333333333333,21
CHEMBL2354795,COc1ccc(C(=O)Nc2nc(OCC(F)(F)F)cnc2/C=C\c2ccccc2)c(OC)c1,0,O=C(Nc1nccnc1C=Cc1ccccc1)c1ccccc1,459.42400000000015,4.857600000000004,82.57000000000001,1,6,8,3,3,0.17391304347826086,33
CHEMBL267744,O=C(O)COc1ccc(C(=O)c2cccs2)c(Cl)c1Cl,1,O=C(c1ccccc1)c1cccs1,331.17600000000004,3.7493000000000016,63.6,1,4,5,2,2,0.07692307692307693,20
CHEMBL1201227,OC(CCN1CCCCC1)(c1ccccc1)C1CCCC1,1,c1ccc(C(CCN2CCCCC2)C2CCCC2)cc1,287.4470000000001,3.940400000000003,23.47,1,2,5,3,1,0.6842105263157895,21
CHEMBL372796,C[C@H]1O[C@@H](n2cc(-c3ccccc3)c3c(NC(=O)C(=O)NC4CC4)ncnc32)[C@H](O)[C@@H]1O,0,O=C(Nc1ncnc2c1c(-c1ccccc1)cn2C1CCCO1)C(=O)NC1CC1,437.45600000000013,0.9544999999999992,138.6,4,7,4,5,3,0.36363636363636365,32
CHEMBL4594287,COc1cc2c(cc1OC)-c1c/c(=N\c3c(C)cc(C)cc3C)n(CCNC(N)=O)c(=O)n1CC2,1,O=c1[nH]c(=Nc2ccccc2)cc2n1CCc1ccccc1-2,477.56500000000034,2.7160599999999997,112.87,2,5,6,4,3,0.34615384615384615,35
CHEMBL1441059,CC(C)(C)NCC(O)c1ccc(O)c(CO)c1,1,c1ccccc1,239.315,1.3059999999999998,72.72,4,4,4,1,1,0.5384615384615384,17
CHEMBL1256400,Cc1cc(C(C)(C)C)cc(C)c1CC1=NCCN1,1,c1ccc(CC2=NCCN2)cc1,244.38199999999995,3.1451400000000014,24.39,1,2,2,2,1,0.5625,18
CHEMBL1113,Clc1ccc2c(c1)C(N1CCNCC1)=Nc1ccccc1O2,1,c1ccc2c(c1)N=C(N1CCNCC1)c1ccccc1O2,313.788,3.4292000000000025,36.86,1,4,0,4,2,0.23529411764705882,22
CHEMBL221663,COC(=O)c1ccc(-c2cccc(-c3cc(=O)cc(N4CCOCC4)s3)c2)cc1,0,O=c1cc(-c2cccc(-c3ccccc3)c2)sc(N2CCOCC2)c1,407.4910000000002,4.065500000000003,55.84,0,6,4,4,3,0.21739130434782608,29
CHEMBL3496702,CCc1nccn1C1CCCN(C(=O)c2csc(NC(C)=O)n2)C1,0,O=C(c1cscn1)N1CCCC(n2ccnc2)C1,347.4440000000001,2.3377,80.12,1,5,4,3,2,0.5,24
CHEMBL1204165,C[C@H](CCc1ccccc1)NC[C@H](O)c1ccc(O)c(C(N)=O)c1,1,c1ccc(CCCNCCc2ccccc2)cc1,328.4120000000001,2.1353999999999997,95.57999999999998,4,4,8,2,2,0.3157894736842105,24
CHEMBL3545689,Cc1[nH]c2ccccc2c1CCNCc1ccc(/C=C/CNO)cc1,0,c1ccc(CNCCc2c[nH]c3ccccc23)cc1,335.45099999999996,3.800620000000002,60.08,4,3,8,3,3,0.23809523809523808,25
CHEMBL390237,CCCCCCCCCCCCCCCCCCCCCCCCC(=O)N[C@@H](CO[C@H]1O[C@H](CO)[C@H](O)[C@H](O)[C@H]1O)[C@H](O)[C@@H](O)CCCCC,0,C1CCOCC1,718.0700000000003,6.5820000000000105,168.94,7,9,34,1,0,0.975,50
CHEMBL531842,FC(F)(F)c1ccc(-c2cncc(-c3ccc(C(F)(F)F)cc3)n2)cc1,0,c1ccc(-c2cncc(-c3ccccc3)n2)cc1,368.28000000000003,5.848200000000004,25.78,0,2,2,3,3,0.1111111111111111,26
CHEMBL473537,CCOC(=O)C[N+]12CCc3cc4c(cc3C1Cc1ccc(OC)c(OC)c1C2)OCO4,0,c1ccc2c(c1)CC1c3cc4c(cc3CC[NH+]1C2)OCO4,426.48900000000026,3.1659000000000015,63.22000000000001,0,6,5,5,2,0.4583333333333333,31
CHEMBL1201234,CNC(C)(C)Cc1ccccc1,1,c1ccccc1,163.264,2.2271,12.03,1,1,3,1,1,0.45454545454545453,12
CHEMBL485813,CCCC(/C=C/C=C/C=C/C#CC#CCCCOCOCCOC)OCOCCOC,0,,434.57300000000026,3.8849000000000027,55.38000000000001,0,6,19,0,0,0.6,31
CHEMBL4650215,C[C@H](Nc1ccc2c(c1)OCCn1cc(N3C(=O)OC[C@H]3C(F)F)nc1-2)C(N)=O,1,O=C1OCCN1c1cn2c(n1)-c1ccccc1OCC2,407.37700000000007,1.8184999999999996,111.71000000000001,2,6,5,4,2,0.3888888888888889,29
CHEMBL3655833,CC(=O)c1ccc(-c2c(-c3nc(C)n4ncnc(N5CCC5)c34)cnn2C)nc1,0,c1ccc(-c2[nH]ncc2-c2ncn3ncnc(N4CCC4)c23)nc1,388.4350000000002,2.30792,94.10000000000001,0,7,4,5,4,0.3,29
CHEMBL1899801,FC(F)(F)C(F)(F)C(F)(F)C(F)(F)C(F)(F)F,1,,288.03099999999995,4.0169,0.0,0,0,2,0,0,1.0,17
CHEMBL408,Cc1c(C)c2c(c(C)c1O)CCC(C)(COc1ccc(CC3SC(=O)NC3=O)cc1)O2,1,O=C1NC(=O)C(Cc2ccc(OCC3CCc4ccccc4O3)cc2)S1,441.54900000000015,4.374260000000002,84.86,2,6,5,4,2,0.4166666666666667,31
CHEMBL4297165,CCN(CC)CCCC(C)Nc1ccnc2cc(Cl)ccc12,1,c1ccc2ncccc2c1,319.88000000000005,4.810600000000004,28.16,1,3,8,2,2,0.5,22
CHEMBL1507753,CCCn1c(N2CCN(CC(=O)Nc3ccc4c(c3)OCCO4)CC2)nc2ccccc21,0,O=C(CN1CCN(c2nc3ccccc3[nH]2)CC1)Nc1ccc2c(c1)OCCO2,435.5280000000003,2.978200000000001,71.86,1,6,6,5,3,0.4166666666666667,32
CHEMBL1595786,S=C(NCc1ccccc1)NCc1cccc(CNC(=S)NCc2ccccc2)c1,0,S=C(NCc1ccccc1)NCc1cccc(CNC(=S)NCc2ccccc2)c1,434.6340000000001,4.015200000000003,48.12,4,2,8,3,3,0.16666666666666666,30
CHEMBL461495,COc1cccc(S(=O)(=O)N(C[C@H]2CCCO2)C[C@@H](O)[C@H](Cc2ccccc2)NC(=O)[C@@H]2CN(c3cccc(F)c3)C(=O)O2)c1,0,O=C(NC(CCN(CC1CCCO1)S(=O)(=O)c1ccccc1)Cc1ccccc1)C1CN(c2ccccc2)C(=O)O1,641.7180000000003,3.117800000000001,134.71,2,8,13,5,3,0.375,45
CHEMBL2313483,COc1cc(Sc2c(-c3cc4ccccc4[nH]3)[nH]c3ccccc23)cc(OC)c1OC,0,c1ccc(Sc2c(-c3cc4ccccc4[nH]3)[nH]c3ccccc23)cc1,430.5290000000002,6.493200000000005,59.27000000000001,2,4,6,5,5,0.12,31
CHEMBL1265,COc1ccc(-c2ccc3cc(C(=O)O)ccc3c2)cc1C12CC3CC(CC(C3)C1)C2,1,c1cc(-c2ccc3ccccc3c2)cc(C23CC4CC(CC(C4)C2)C3)c1,412.5290000000003,6.681400000000005,46.53,1,2,4,7,3,0.39285714285714285,31
CHEMBL3183409,CNC(=O)c1ccc(N2C(=S)N(c3cnc(C#N)c(C(F)(F)F)c3)C(=O)C23CCC3)cc1F,1,O=C1N(c2cccnc2)C(=S)N(c2ccccc2)C12CCC2,477.4430000000002,3.5315800000000026,89.33000000000001,1,5,3,4,2,0.2857142857142857,33
CHEMBL1650818,CC(C)(C)C(=O)OCOC(=O)[C@@H]1N2C(=O)[C@@H](/N=C/N3CCCCCC3)[C@H]2SC1(C)C,1,O=C1C(N=CN2CCCCCC2)C2SCCN12,439.5780000000003,2.4116,88.50999999999999,0,7,5,3,0,0.8095238095238095,30
CHEMBL3949269,COC(=O)N1CCC(C)(c2nc(Cl)c(-c3cc(C(=O)N4CC(c5ccc(C#N)cc5)C4)ccc3C)[nH]2)CC1,0,O=C(c1cccc(-c2cnc(C3CCNCC3)[nH]2)c1)N1CC(c2ccccc2)C1,532.0440000000001,5.269700000000005,102.32,1,5,4,5,3,0.3793103448275862,38
CHEMBL4303454,C[C@@H](O)[C@H]1C(=O)N2C(C(=O)O)=C(S[C@@H]3CN[C@H](CNS(N)(=O)=O)C3)[C@H](C)[C@H]12,1,O=C1CC2CC(SC3CCNC3)=CN12,420.5130000000002,-1.6030999999999969,162.06,5,7,7,3,0,0.7333333333333333,27
CHEMBL2364629,N[C@@H]1c2cccnc2[C@H](OC(=O)N2CCC(n3c(=O)[nH]c4ncccc43)CC2)CC[C@H]1c1cccc(F)c1F,1,O=C(OC1CCC(c2ccccc2)Cc2cccnc21)N1CCC(n2c(=O)[nH]c3ncccc32)CC1,534.5670000000003,4.490000000000004,119.12999999999998,2,6,3,6,4,0.35714285714285715,39
CHEMBL4214857,CCOc1ccc2c(c1)OC(N)=C1C(=O)N(CCc3ccc(Cl)cc3Cl)C(=O)CC12,0,O=C1CC2C(=COc3ccccc32)C(=O)N1CCc1ccccc1,447.31800000000015,4.040000000000003,81.86000000000001,1,5,5,4,2,0.2727272727272727,30
CHEMBL210979,CCOC(=O)c1c(N(C)C)[nH]c2ccc(O)cc12,0,c1ccc2[nH]ccc2c1,248.282,2.1162,65.56,2,4,3,2,2,0.3076923076923077,18
CHEMBL567044,c1ccc(CNCc2ccc(CN3CCNCCNCCc4cccc(c4)CC3)cc2)nc1,0,c1ccc(CNCc2ccc(CN3CCNCCNCCc4cccc(c4)CC3)cc2)nc1,443.6390000000002,3.1514000000000015,52.22,3,5,6,4,3,0.39285714285714285,33
CHEMBL511715,O=C(CCCCc1cc(C(=O)NO)no1)Nc1cnc2ccccc2c1,0,O=C(CCCCc1ccno1)Nc1cnc2ccccc2c1,354.3660000000001,2.6933000000000007,117.35000000000001,3,6,7,3,3,0.2222222222222222,26
CHEMBL473,CN(CCOc1ccc(NS(C)(=O)=O)cc1)CCc1ccc(NS(C)(=O)=O)cc1,1,c1ccc(CCNCCOc2ccccc2)cc1,441.57500000000016,1.9828999999999997,104.81,2,6,11,2,2,0.3684210526315789,29
CHEMBL1270371,C[C@@H](OC[C@@]1(c2ccccc2)CC[C@H](NS(C)(=O)=O)CN1)c1cc(C(F)(F)F)cc(C(F)(F)F)c1,0,c1ccc(COCC2(c3ccccc3)CCCCN2)cc1,524.5270000000002,4.998500000000004,67.42999999999999,2,4,7,3,2,0.4782608695652174,35
CHEMBL1201059,CC(C)NC(=N)NC(=N)Nc1ccc(Cl)cc1,1,c1ccccc1,253.73700000000002,2.209039999999999,83.79,5,2,2,1,1,0.2727272727272727,17
CHEMBL1256841,O=C(CCNNC(=O)c1ccncc1)NCc1ccccc1,1,O=C(CCNNC(=O)c1ccncc1)NCc1ccccc1,298.346,1.0224999999999989,83.12,3,4,7,2,2,0.1875,22
CHEMBL633,CCCCc1oc2ccccc2c1C(=O)c1cc(I)c(OCCN(CC)CC)c(I)c1,1,O=C(c1ccccc1)c1coc2ccccc12,645.3190000000002,6.936200000000007,42.68,0,4,11,3,3,0.4,31
CHEMBL162036,CC(=O)Nc1ccc(OC(=O)c2ccccc2OC(C)=O)cc1,1,O=C(Oc1ccccc1)c1ccccc1,313.309,2.789500000000001,81.69999999999999,1,5,4,2,2,0.11764705882352941,23
CHEMBL68639,Nc1ccc(S(=O)(=O)Nc2nnc(S(N)(=O)=O)s2)cc1F,0,O=S(=O)(Nc1nncs1)c1ccccc1,353.38200000000006,-0.29239999999999994,158.13,3,8,4,2,2,0.0,21
CHEMBL4103738,Cc1ccccc1SC1CCN(C(=O)c2ccc(N)nc2)CC1,0,O=C(c1cccnc1)N1CCC(Sc2ccccc2)CC1,327.4530000000001,3.3691200000000014,59.22,1,4,3,3,2,0.3333333333333333,23
CHEMBL606,CCCCC(C)(O)C/C=C/[C@H]1[C@H](O)CC(=O)[C@@H]1CCCCCCC(=O)OC,1,O=C1CCCC1,382.5410000000003,3.9536000000000033,83.83,2,5,13,1,0,0.8181818181818182,27
CHEMBL1200661,CCCCCCCC(=O)CC[C@@H]1[C@@H](C/C=C\CCCC(=O)OC(C)C)[C@@H](O)C[C@H]1O,1,C1CCCC1,424.6220000000002,5.122300000000006,83.83000000000001,2,5,16,1,0,0.84,30
CHEMBL3640418,COc1ccc2c(c1)C(=O)N(C[C@@]1(C#Cc3ccc(-c4nnc(N)o4)cc3)NC(=O)NC1=O)C2,0,O=C1NC(=O)C(C#Cc2ccc(-c3nnco3)cc2)(CN2Cc3ccccc3C2=O)N1,458.4340000000002,0.9130999999999998,152.68,3,8,4,5,3,0.17391304347826086,34
CHEMBL1237072,CC[C@H]1OC(=O)[C@H](C)[C@@H](O[C@H]2C[C@@](C)(OC)[C@@H](O)[C@H](C)O2)[C@H](C)[C@@H](O[C@@H]2O[C@H](C)C[C@H](N(C)C)[C@H]2O)[C@](C)(O)C[C@@H](C)[C@@H]2N[C@@H](COCCOC)O[C@H]([C@H]2C)[C@]1(C)O,1,O=C1CC(OC2CCCCO2)CC(OC2CCCCO2)CCCC2CC(CCO1)OCN2,835.086,2.201700000000009,196.32999999999998,5,16,12,4,0,0.9761904761904762,58
CHEMBL1316056,COc1cccc(-c2nc(NCc3cccs3)c3ccccc3n2)c1,0,c1ccc(-c2nc(NCc3cccs3)c3ccccc3n2)cc1,347.4430000000001,4.979000000000004,47.04,1,5,5,4,4,0.1,25
CHEMBL3348963,CCOC(=O)[C@@H](N)Cc1ccc(-c2cc(O[C@H](c3ccc(Cl)cc3-n3ccc(C)n3)C(F)(F)F)nc(N)n2)cc1,1,c1ccc(-c2cc(OCc3ccccc3-n3cccn3)ncn2)cc1,574.991,4.988620000000003,131.17,2,8,9,4,4,0.25925925925925924,40
CHEMBL2062264,CNC[C@H](O)c1cccc(O)c1,1,c1ccccc1,167.20799999999997,0.645,52.489999999999995,3,3,3,1,1,0.3333333333333333,12
CHEMBL208634,CN(C)CCN[C@H](C(=O)NCc1cccc(C(F)(F)F)c1)c1ccccc1,0,O=C(Cc1ccccc1)NCc1ccccc1,379.42600000000004,3.214100000000002,44.370000000000005,2,3,8,2,2,0.35,27
CHEMBL403552,COc1cn2c(c(Cc3c4n(cc(OC)c3=O)-c3c(ccnc3CC(C)C)C4=O)c1=O)C(=O)c1ccnc(CC(C)C)c1-2,0,O=C1c2ccncc2-n2ccc(=O)c(Cc3c4n(ccc3=O)-c3cnccc3C4=O)c21,580.6410000000002,3.872200000000003,122.37999999999998,0,8,8,6,4,0.3333333333333333,43
CHEMBL1200974,CN(C)CCOC(c1ccc(Cl)cc1)c1ccccn1,1,c1ccc(Cc2ccccn2)cc1,290.794,3.4026000000000023,25.36,0,3,6,2,2,0.3125,20
CHEMBL1200737,CCCCCCCCCCCCCCCC(=O)OC[C@H](COP(=O)([O-])OCC[N+](C)(C)C)OC(=O)CCCCCCCCCCCCCCC,1,,734.0529999999993,10.611799999999995,111.19,0,8,38,0,0,0.95,50
CHEMBL4303288,Nc1nc(NC2CC2)c2ncn([C@H]3C=C[C@@H](CO)C3)c2n1,1,C1=CC(n2cnc3c(NC4CC4)ncnc32)CC1,286.33900000000006,1.0922999999999998,101.88,3,6,4,4,2,0.5,21
CHEMBL285674,Clc1ccc2c(c1)C(c1ccccc1)=NCc1nncn1-2,1,c1ccc(C2=NCc3nncn3-c3ccccc32)cc1,294.745,3.2717000000000027,43.07,0,3,1,4,3,0.0625,21
CHEMBL2103739,CCOCCn1c(N2CCCN(C)CC2)nc2ccccc21,1,c1ccc2[nH]c(N3CCCNCC3)nc2c1,302.422,2.2146999999999997,33.53,0,4,5,3,2,0.5882352941176471,22
CHEMBL441774,CCNC(=O)[C@@H]1CCCN2C(=O)CC[C@H](NC(=O)[C@H](Cc3ccc(OP(=O)(O)O)cc3)NC(C)=O)C(=O)N12,0,O=C(CCc1ccccc1)NC1CCC(=O)N2CCCCN2C1=O,553.5090000000001,-0.6453999999999969,194.68,5,7,9,3,1,0.5217391304347826,38
CHEMBL2334234,CN(C)CCn1nc2c3c(c(NCCSCCO)ccc31)C(=O)c1ccncc1-2,0,O=C1c2ccncc2-c2n[nH]c3cccc1c23,411.5310000000001,2.3417000000000003,83.28000000000002,2,7,9,4,3,0.38095238095238093,29
CHEMBL119423,Sc1ncnc2[nH]ncc12,1,c1ncc2cn[nH]c2n1,152.18200000000002,0.6416,54.46,2,4,0,2,2,0.0,10
CHEMBL2048205,CC(=O)Oc1cc(C(=O)N[C@@H](Cc2ccccc2)[C@H](O)C(=O)Nc2cccc(-c3nn[nH]n3)c2)cc(C(=O)N2COC[C@@H]2c2ccccc2)c1,0,O=C(CC(Cc1ccccc1)NC(=O)c1cccc(C(=O)N2COCC2c2ccccc2)c1)Nc1cccc(-c2nn[nH]n2)c1,675.702,3.3039000000000014,188.73,4,10,11,6,5,0.19444444444444445,50
CHEMBL362920,CCc1nc2cc3c(cc2o1)C1CNCC3C1,0,c1nc2cc3c(cc2o1)C1CNCC3C1,228.29499999999996,2.564300000000001,38.06,1,3,1,4,2,0.5,17
CHEMBL1313422,CCOC(=O)c1ccc(S(=O)(=O)N(CCO)Cc2cc3cc(OC)c(OC)cc3nc2O)cc1,0,O=S(=O)(NCc1cnc2ccccc2c1)c1ccccc1,490.5340000000003,2.3175,135.49,2,9,10,3,3,0.30434782608695654,34
CHEMBL2109711,CO[C@H]1O[C@H](CNC(=O)CN(C(C)=O)C2CCCCC2)[C@@H](OS(=O)(=O)O)[C@H](OS(=O)(=O)O)[C@@H]1OS(=O)(=O)O,0,O=C(CNC1CCCCC1)NCC1CCCCO1,614.6260000000004,-1.7808999999999928,258.66999999999996,4,13,12,2,0,0.8823529411764706,38
CHEMBL3833319,CN(CCN1CCC(OC(=O)Nc2ccccc2-c2ccccc2)CC1)C(=O)c1ccc(CN2CCC(C(N)=O)CC2)cc1,1,O=C(Nc1ccccc1-c1ccccc1)OC1CCN(CCNC(=O)c2ccc(CN3CCCCC3)cc2)CC1,597.7600000000002,4.836000000000004,108.21000000000001,2,6,10,5,3,0.4,44
CHEMBL1768,CC(C[N+](C)(C)C)OC(N)=O,1,,161.22499999999997,0.1764,52.32,1,2,3,0,0,0.8571428571428571,11
CHEMBL5416410,Cc1nc(Nc2ncc(C(=O)Nc3c(C)cccc3Cl)s2)cc(N2CCN(CCO)CC2)n1,1,O=C(Nc1ccccc1)c1cnc(Nc2cc(N3CCNCC3)ncn2)s1,488.01700000000034,3.3135400000000015,106.50999999999999,3,9,7,4,3,0.36363636363636365,33
CHEMBL1201770,C[N+]1(CC2CC2)CC[C@]23c4c5ccc(O)c4O[C@H]2C(=O)CC[C@@]3(O)[C@H]1C5,1,O=C1CCC2C3Cc4cccc5c4C2(CC[NH+]3CC2CC2)C1O5,356.44200000000023,1.6699999999999997,66.76,2,4,2,6,1,0.6666666666666666,26
CHEMBL1201740,Cc1cn(-c2cc(NC(=O)c3ccc(C)c(Nc4nccc(-c5cccnc5)n4)c3)cc(C(F)(F)F)c2)cn1,1,O=C(Nc1cccc(-n2ccnc2)c1)c1cccc(Nc2nccc(-c3cccnc3)n2)c1,529.5260000000001,6.355840000000005,97.62,2,6,6,5,5,0.10714285714285714,39
CHEMBL1200586,CCCNC(C)C(=O)Nc1ccccc1C,1,c1ccccc1,220.316,2.3216200000000002,41.13,2,2,5,1,1,0.46153846153846156,16
CHEMBL847,CC(C)NCC1CCc2cc(CO)c([N+](=O)[O-])cc2N1,1,c1ccc2c(c1)CCCN2,279.34,1.8117999999999996,87.42999999999999,3,5,5,2,1,0.5714285714285714,20
CHEMBL231813,CCC[C@H](NC(=O)[C@@H]1[C@H]2CCC[C@H]2CN1C(=O)[C@@H](NC(=O)[C@@H](NC(=O)c1cnccn1)C1CCCCC1)C(C)(C)C)C(=O)C(=O)NC1CC1,1,O=C(CNC(=O)C1C2CCCC2CN1C(=O)CNC(=O)C(NC(=O)c1cnccn1)C1CCCCC1)C(=O)NC1CC1,679.8629999999999,2.4459000000000035,179.56,4,8,13,5,1,0.7222222222222222,49
CHEMBL1888335,CC(CCc1ccccc1)NC(=O)CN1CCOc2ccccc21,0,O=C(CN1CCOc2ccccc21)NCCCc1ccccc1,324.424,3.0229000000000017,41.57000000000001,1,3,6,3,2,0.35,24
CHEMBL3989944,COC(=O)/C=C/C(=O)OCCN1C(=O)CCC1=O,1,O=C1CCC(=O)N1,255.2259999999999,-0.592200000000001,89.98000000000002,0,6,5,1,0,0.45454545454545453,18
CHEMBL197376,COc1ccc(-c2nc3c(O)nc4ccc(C)cc4n3n2)cc1,0,c1ccc(-c2nc3cnc4ccccc4n3n2)cc1,306.325,2.9671200000000013,72.54,1,5,2,4,4,0.11764705882352941,23
CHEMBL2106076,CO/N=C(\C(=O)N[C@@H]1C(=O)N2C(C(=O)[O-])=C(C[n+]3cccc4c3CCC4)CS[C@H]12)c1csc(N)n1,1,N=C(C(=O)NC1C(=O)N2C=C(C[n+]3cccc4c3CCC4)CSC12)c1cscn1,514.5890000000003,-1.0438999999999956,153.92000000000002,2,10,7,5,2,0.36363636363636365,35
CHEMBL316157,O=C(Cc1cccs1)N[C@@H]1C(=O)N2C(C(=O)[O-])=C(C[n+]3ccccc3)CS[C@H]12,1,O=C(Cc1cccs1)NC1C(=O)N2C=C(C[n+]3ccccc3)CSC12,415.4960000000001,-0.3177999999999983,93.42,1,6,6,4,2,0.2631578947368421,28
CHEMBL1978200,Cc1nccn2c(-c3ccnc(NCCC(C)(C)O)n3)c(-c3ccc(F)cc3F)nc12,0,c1ccc(-c2nc3cnccn3c2-c2ccncn2)cc1,424.4550000000001,4.012820000000002,88.23,2,6,6,4,4,0.2727272727272727,31
CHEMBL54950,Oc1cc(Nc2ccc3c(c2)CCC3)nc(O)n1,0,c1cc(Nc2ccc3c(c2)CCC3)ncn1,243.26599999999996,2.1201000000000003,78.27,3,5,2,3,2,0.23076923076923078,18
CHEMBL504519,COC(=O)C1=CO[C@@H](O[C@@H]2O[C@H](CO)[C@@H](O)[C@H](O)[C@H]2O)[C@@H]2[C@@H](C)[C@@H](OC(=O)/C=C/c3ccc(OC)cc3)[C@@H](O)[C@H]12,0,O=C(C=Cc1ccccc1)OC1CC2C=COC(OC3CCCCO3)C2C1,566.5560000000004,-0.9070999999999976,190.67,5,13,8,4,1,0.5555555555555556,40
CHEMBL1201118,CO[C@@]1(NC(=O)CSCC#N)C(=O)N2C(C(=O)O)=C(CSc3nnnn3C)CS[C@@H]21,1,O=C1CC2SCC(CSc3nnn[nH]3)=CN12,471.54600000000016,-0.7283199999999983,163.32999999999998,2,11,9,3,1,0.5333333333333333,30
CHEMBL1709578,CC1CCC(C(O)(C(=O)O)C2CCCCC2)CC1C,0,C1CCC(CC2CCCCC2)CC1,268.39699999999993,3.4547000000000025,57.53,2,2,3,2,0,0.9375,19
CHEMBL487773,Cc1c(-c2nnc(C3(C(F)(F)F)CC3)o2)nn(-c2ccc(Cl)cc2Cl)c1-c1ccc(Cl)cc1,0,c1ccc(-c2cc(-c3nnc(C4CC4)o3)nn2-c2ccccc2)cc1,513.7340000000002,7.451820000000003,56.74,0,4,4,5,4,0.22727272727272727,33
CHEMBL1706485,O=S(=O)(c1ccc(F)cc1)N1CCN(CC(O)COCc2ccccc2)CC1,0,O=S(=O)(c1ccccc1)N1CCN(CCCOCc2ccccc2)CC1,408.4950000000002,1.7097,70.08000000000001,1,5,8,3,2,0.4,28
CHEMBL198362,O=C(NC[C@H]1CN(c2ccc(N3CCOCC3=O)cc2)C(=O)O1)c1ccc(Cl)s1,1,O=C(NCC1CN(c2ccc(N3CCOCC3=O)cc2)C(=O)O1)c1cccs1,435.8890000000001,2.5199000000000007,88.18,1,6,5,4,2,0.3157894736842105,29
CHEMBL1200449,CC(=O)OCC(=O)[C@@]1(O)[C@H](OC(C)=O)C[C@H]2[C@@H]3CCC4=CC(=O)C=C[C@]4(C)[C@@]3(F)[C@@H](O)C[C@@]21C,1,O=C1C=CC2C(=C1)CCC1C3CCCC3CCC21,478.5130000000003,1.7620999999999991,127.2,2,8,4,4,0,0.68,34
CHEMBL2347304,CCCCCCCCCCSc1ncnc2c1ncn2NC(C)=O,0,c1ncc2nc[nH]c2n1,349.5040000000001,4.149100000000003,72.7,1,5,11,2,2,0.6470588235294118,24
CHEMBL1480,CCOC(=O)C1=C(C)NC(C)=C(C(=O)OC)C1c1cccc(Cl)c1Cl,1,C1=CC(c2ccccc2)C=CN1,384.259,3.9643000000000033,64.63,1,5,4,2,1,0.3333333333333333,25
CHEMBL6067972,c1cnc2cc3c(cc2n1)[C@@H]1CNC[C@H]3C1,1,c1cnc2cc3c(cc2n1)C1CNCC3C1,211.26799999999994,1.8038999999999998,37.81,1,3,0,4,2,0.38461538461538464,16
CHEMBL3989401,NCCC(O)(P(=O)(O)O)P(=O)(O)O,1,,235.069,-1.6633000000000002,161.30999999999997,6,4,4,0,0,1.0,13
CHEMBL1621,Cc1nc2n(c(=O)c1CCN1CCC(c3noc4cc(F)ccc34)CC1)CCCC2O,1,O=c1c(CCN2CCC(c3noc4ccccc34)CC2)cnc2n1CCCC2,426.49200000000025,3.081320000000002,84.39,1,6,4,5,3,0.5217391304347826,31
CHEMBL2103883,O=C(Nc1nc(-c2cc(Cl)cs2)c(N2CCN(C3CCCCC3)CC2)s1)c1cnc(N2CCC(C(=O)O)CC2)c(Cl)c1,1,O=C(Nc1nc(-c2cccs2)c(N2CCN(C3CCCCC3)CC2)s1)c1ccc(N2CCCCC2)nc1,649.6700000000003,6.581400000000007,101.90000000000002,2,9,7,6,3,0.5172413793103449,42
CHEMBL1200692,CCCc1nc(C(C)(C)O)c(C(=O)OCc2oc(=O)oc2C)n1Cc1ccc(-c2ccccc2-c2nnn[nH]2)cc1,1,O=C(OCc1coc(=O)o1)c1cncn1Cc1ccc(-c2ccccc2-c2nnn[nH]2)cc1,558.5950000000003,4.170020000000003,162.16,2,10,10,5,5,0.3103448275862069,41
CHEMBL1201271,CC(C)(C)c1ccc(CN2CCN(C(c3ccccc3)c3ccc(Cl)cc3)CC2)cc1,1,c1ccc(CN2CCN(C(c3ccccc3)c3ccccc3)CC2)cc1,433.0390000000001,6.544700000000008,6.48,0,2,5,4,3,0.35714285714285715,31
CHEMBL20365,Cc1ccc2nc(Cn3nc(CC(=O)O)c4ccccc4c3=O)sc2c1F,0,O=c1c2ccccc2cnn1Cc1nc2ccccc2s1,383.4040000000001,3.1291200000000012,85.08000000000001,1,5,4,4,4,0.15789473684210525,27
CHEMBL1530428,CC(=O)OCC(=O)[C@@]1(O)[C@H](C)C[C@H]2[C@@H]3CCC4=CC(=O)C=C[C@]4(C)[C@@]3(F)[C@@H](O)C[C@@]21C,1,O=C1C=CC2C(=C1)CCC1C3CCCC3CCC21,434.5040000000002,2.466500000000001,100.90000000000002,2,6,3,4,0,0.7083333333333334,31
CHEMBL1774354,CCNC(=O)Nc1ccc(-c2nc(N3CCOCC3)c3c(n2)C(C)(C)OC3=O)cc1,0,O=C1OCc2nc(-c3ccccc3)nc(N3CCOCC3)c21,411.46200000000016,2.527100000000001,105.68,2,7,4,4,2,0.42857142857142855,30
CHEMBL470499,COc1ccc(C(OCCNCc2ccc(OC)c(O)c2)(c2ccc(OC)cc2)c2ccc(OC)cc2)cc1,0,c1ccc(CNCCOC(c2ccccc2)(c2ccccc2)c2ccccc2)cc1,529.6330000000003,5.524900000000005,78.41000000000001,2,7,13,4,4,0.25,39
CHEMBL24072,CC(Cc1ccccc1)NCCC(c1ccccc1)c1ccccc1,1,c1ccc(CCNCCC(c2ccccc2)c2ccccc2)cc1,329.487,5.4294000000000056,12.03,1,1,8,3,3,0.25,25
CHEMBL1650431,N#Cc1cc(F)ccc1Cn1c(N2CCC[C@@H](N)C2)ncc(F)c1=O,0,O=c1ccnc(N2CCCCC2)n1Cc1ccccc1,345.35300000000007,1.3689799999999996,87.94,1,5,3,3,2,0.35294117647058826,25
CHEMBL251940,N#Cc1ccc2c(c1)N(CCCN1CCC(O)CC1)c1ccccc1S2,1,c1ccc2c(c1)Sc1ccccc1N2CCCN1CCCCC1,365.502,4.007780000000003,50.5,1,5,4,4,2,0.38095238095238093,26
CHEMBL1576312,O=C(c1ccco1)N1CCN(C(=O)c2cc(-c3ccccn3)nc3ccc(Cl)cc23)CC1,0,O=C(c1ccco1)N1CCN(C(=O)c2cc(-c3ccccn3)nc3ccccc23)CC1,446.8940000000002,4.1414000000000035,79.54,0,5,3,5,4,0.16666666666666666,32
CHEMBL1200494,N=C(N)NC(=O)Cc1c(Cl)cccc1Cl,1,c1ccccc1,246.097,1.5455700000000003,78.97,3,2,2,1,1,0.1111111111111111,15
CHEMBL3928222,C=C1C(=O)[C@]23[C@H](OC(=O)CC(CCCCCCCCCCCC)C(=O)O)[C@H]1CC[C@H]2[C@@]12CO[C@@]3(O)[C@@H](O)[C@@H]1C(C)(C)CC[C@@H]2O,0,C=C1C(=O)C23CC1CCC2C12CCCCC1CC3OC2,632.8350000000003,5.328400000000008,150.59,4,8,15,6,0,0.8611111111111112,45
CHEMBL3247062,COC1CCN(S(=O)(=O)c2cc(C)c(S(N)(=O)=O)c(C)c2)CC1,0,O=S(=O)(c1ccccc1)N1CCCCC1,362.4730000000002,0.7503400000000008,106.76999999999998,1,5,4,2,1,0.5714285714285714,23
CHEMBL1200397,CN(Cc1ccc(C(C)(C)C)cc1)Cc1cccc2ccccc12,1,c1ccc(CNCc2cccc3ccccc23)cc1,317.476,5.769300000000006,3.24,0,1,4,3,3,0.30434782608695654,24
CHEMBL5189739,N#Cc1cccc([C@@H](NCC2CC2)c2ccc(F)c(NC(=O)c3cc(C(F)(F)F)nn3-c3cccc(CN)c3)c2)c1,1,O=C(Nc1cccc(C(NCC2CC2)c2ccccc2)c1)c1ccnn1-c1ccccc1,562.571,5.7018800000000045,108.76,3,5,9,5,4,0.23333333333333334,41
CHEMBL942,CC(=O)Oc1ccc(C(c2ccc(OC(C)=O)cc2)c2ccccn2)cc1,1,c1ccc(C(c2ccccc2)c2ccccn2)cc1,361.39700000000005,4.112400000000003,65.49000000000001,0,5,5,3,3,0.13636363636363635,27
CHEMBL1200393,Cc1c(F)c(N2CCNC(C)C2)cc2c1c(=O)c(C(=O)O)cn2C1CC1,1,O=c1ccn(C2CC2)c2cc(N3CCNCC3)ccc12,359.4010000000001,2.28022,74.57,2,4,3,4,2,0.47368421052631576,26
CHEMBL1618018,CN1[C@@H]2CC[C@H]1C[C@@H](OC(=O)C(O)c1ccccc1)C2,1,O=C(Cc1ccccc1)OC1CC2CCC(C1)N2,275.34800000000007,1.8883999999999996,49.769999999999996,1,4,3,3,1,0.5625,20
CHEMBL1201048,CCC(=O)O[C@H]1CC[C@H]2[C@@H]3CC[C@H]4CC(=O)[C@H](C)C[C@]4(C)[C@H]3CC[C@]12C,1,O=C1CCC2C(CCC3C4CCCC4CCC23)C1,360.5380000000002,5.166000000000006,43.370000000000005,0,3,2,4,0,0.9130434782608695,26
CHEMBL36715,NC(=O)CN1CCCC1=O,1,O=C1CCCN1,142.158,-0.9059000000000004,63.400000000000006,1,2,2,1,0,0.6666666666666666,10
CHEMBL2103795,CCOc1nc2cccc(C(=O)OCc3oc(=O)oc3C)c2n1Cc1ccc(-c2ccccc2-c2noc(=O)[nH]2)cc1,1,O=C(OCc1coc(=O)o1)c1cccc2ncn(Cc3ccc(-c4ccccc4-c4noc(=O)[nH]4)cc3)c12,568.5420000000003,4.705220000000004,155.58999999999997,1,10,9,6,6,0.16666666666666666,42
CHEMBL1201322,CCCCCCCCCCCCCCCC[N+](C)(C)CCN(Cc1ccc(OC)cc1)c1ncccn1,1,c1ccc(CNc2ncccn2)cc1,511.81900000000024,8.049500000000009,38.25,0,4,22,2,2,0.6875,37
CHEMBL1200430,CC(=O)Oc1ccc2c(c1)CC[C@@H]1[C@@H]2CC[C@]2(C)[C@@H](O)CC[C@@H]12,1,c1ccc2c(c1)CCC1C2CCC2CCCC21,314.425,3.8289000000000026,46.53,1,3,1,4,1,0.65,23
CHEMBL1214124,N#Cc1ccccc1-c1cc(-c2ccccn2)cn(-c2ccccc2)c1=O,1,O=c1c(-c2ccccc2)cc(-c2ccccn2)cn1-c1ccccc1,349.3930000000001,4.4381800000000045,58.68,0,3,3,4,4,0.0,27
CHEMBL3989691,CC1=NN(c2ccc(C)c(C)c2)C(=O)/C1=N\Nc1cccc(-c2cccc(C(=O)O)c2)c1O,1,O=C1C(=NNc2cccc(-c3ccccc3)c2)C=NN1c1ccccc1,442.47500000000014,4.564840000000005,114.59,3,6,5,4,3,0.12,33
CHEMBL495953,CC(C)CC1Cc2[nH]c(-c3ccnc(N)n3)cc2C(=O)N1,0,O=C1NCCc2[nH]c(-c3ccncn3)cc21,285.351,1.7544999999999997,96.69,3,4,3,3,2,0.4,21
CHEMBL1535358,O=C(C1=C(O)C(=O)N(CC2CCCO2)C1c1cccnc1)c1ccco1,0,O=C(C1=CC(=O)N(CC2CCCO2)C1c1cccnc1)c1ccco1,354.362,2.4319000000000006,92.87,1,6,5,4,2,0.3157894736842105,26
CHEMBL4458276,Cn1cc[n+](C[C@@]2(C)[C@H](C(=O)[O-])N3C(=O)C[C@H]3S2(=O)=O)n1,1,O=C1CC2N1CC(C[n+]1cc[nH]n1)S2(=O)=O,314.32300000000004,-3.4283999999999963,116.27999999999999,0,6,3,3,1,0.6363636363636364,21
CHEMBL376864,C=C(C)[C@@H]1CC[C@]2(C(=O)OC)CC[C@]3(C)[C@H](CC[C@@H]4[C@@]5(C)Cc6nc7ccccc7nc6C(C)(C)[C@@H]5CC[C@]43C)[C@@H]12,0,c1ccc2nc3c(nc2c1)CC1CCC2C(CCC4C5CCCC5CCC42)C1C3,554.8190000000002,8.474100000000007,52.08,0,4,2,7,2,0.7027027027027027,41
CHEMBL922,CC(C)(C)C(=O)OCOP(=O)(COCCn1cnc2c(N)ncnc21)OCOC(=O)C(C)(C)C,1,c1ncc2nc[nH]c2n1,501.47700000000026,2.7025000000000006,166.97999999999996,1,12,11,2,2,0.65,34
CHEMBL2107799,CC(C)(C)n1ncc(OCc2ccc(COCC[18F])cc2)c(Cl)c1=O,1,O=c1cc(OCc2ccccc2)cn[nH]1,367.83893800000004,3.7168000000000028,53.35,0,4,7,2,2,0.4444444444444444,25
CHEMBL3121469,CCN(Cc1nc2cc(C(F)(F)F)ccc2nc1-c1ccccc1)c1ccc(F)cc1,0,c1ccc(NCc2nc3ccccc3nc2-c2ccccc2)cc1,425.4290000000001,6.481200000000005,29.020000000000003,0,3,5,4,4,0.16666666666666666,31
CHEMBL3496740,CCc1nc(C2CCCN2C(=O)CCn2cncn2)no1,0,O=C(CCn1cncn1)N1CCCC1c1ncon1,290.327,0.9773000000000001,89.94000000000001,0,6,5,3,2,0.6153846153846154,21
CHEMBL1305934,COc1ccc(S(=O)(=O)n2nc(OC(=O)c3ccco3)cc2N)cc1,0,O=C(Oc1ccn(S(=O)(=O)c2ccccc2)n1)c1ccco1,363.35100000000006,1.5231000000000001,126.65,1,8,5,3,3,0.06666666666666667,25
CHEMBL1623992,CCN1CCCC(OC(=O)C(c2ccccc2)c2ccccc2)C1,1,O=C(OC1CCCNC1)C(c1ccccc1)c1ccccc1,323.4360000000001,3.8460000000000027,29.54,0,3,5,3,2,0.38095238095238093,24
CHEMBL1200411,CCCN(CCC)CCc1cccc2c1CC(=O)N2,1,O=C1Cc2ccccc2N1,260.3809999999999,2.845700000000001,32.34,1,2,7,2,1,0.5625,19
CHEMBL2106638,CN(CCCN1c2ccccc2CCc2ccccc21)CC(=O)c1ccc(Cl)cc1,1,O=C(CNCCCN1c2ccccc2CCc2ccccc21)c1ccccc1,418.9680000000002,5.7815000000000065,23.55,0,3,7,4,3,0.2692307692307692,30
CHEMBL3646228,[C-]#[N+]c1cccc(-c2cnc(C(=O)NCC(=O)OC)c(O)c2)c1,0,c1ccc(-c2cccnc2)cc1,311.29699999999997,1.90779,92.88000000000001,2,5,4,2,2,0.125,23
CHEMBL1201270,C1N2CN3CN1CN(C2)C3,1,C1N2CN3CN1CN(C2)C3,140.19,-1.0197999999999992,12.96,0,4,0,4,0,1.0,10
CHEMBL4650216,COc1ccc(-n2nccn2)c(C(=O)N2CCC[C@@]2(C)c2nc3c(C)c(Cl)ccc3[nH]2)c1,1,O=C(c1ccccc1-n1nccn1)N1CCCC1c1nc2ccccc2[nH]1,450.9300000000001,4.265420000000003,88.93,1,5,4,5,4,0.30434782608695654,32
CHEMBL3318576,O=C(c1ccc(-c2cccc(Cl)c2)cc1)N1CCN(c2ncccn2)CC1CO,0,O=C(c1ccc(-c2ccccc2)cc1)N1CCN(c2ncccn2)CC1,408.8890000000001,3.1203000000000025,69.56,1,5,4,4,3,0.22727272727272727,29
CHEMBL2385972,CC(=O)c1ccc(Nc2c(C#N)cncc2-c2ccc(NC(=O)/C=C/CN(C)C)cc2)cc1,0,c1ccc(Nc2ccncc2-c2ccccc2)cc1,439.5190000000002,4.622780000000003,98.11999999999999,2,6,8,3,3,0.15384615384615385,33
CHEMBL1200891,CN1CCCN=C1COC(=O)C(O)(c1ccccc1)C1CCCCC1,1,O=C(OCC1=NCCCN1)C(c1ccccc1)C1CCCCC1,344.4550000000002,2.731700000000001,62.129999999999995,1,5,5,3,1,0.6,25
CHEMBL363754,N#Cc1ccc2[nH]cc(CCCCN3CCN(c4ccc(O)c(C#N)c4)CC3)c2c1,0,c1ccc(N2CCN(CCCCc3c[nH]c4ccccc34)CC2)cc1,399.4980000000001,3.7617600000000024,90.08000000000001,2,5,6,4,3,0.3333333333333333,30
CHEMBL3199672,O=C(CSCc1ccccc1Br)N/N=C/c1ccccc1C(=O)O,0,O=C(CSCc1ccccc1)NN=Cc1ccccc1,407.2890000000001,3.530800000000002,78.76,2,4,7,2,2,0.11764705882352941,24
CHEMBL1618376,C=CCN1CC[C@]23c4c5ccc(O)c4O[C@H]2/C(=N\N=C2/CC[C@@]4(O)[C@H]6Cc7ccc(O)c8c7[C@@]4(CCN6CC=C)[C@H]2O8)CC[C@@]3(O)[C@H]1C5,0,c1cc2c3c(c1)OC1C(=NN=C4CCC5C6Cc7cccc8c7C5(CCN6)C4O8)CCC4C(C2)NCCC314,650.7760000000003,3.2752000000000026,130.58,4,10,5,10,2,0.5263157894736842,48
CHEMBL1550916,CC1(C)CC(CC(=O)O)(c2ccc(Cl)cc2)CCO1,0,c1ccc(C2CCOCC2)cc1,282.76700000000005,3.6415000000000015,46.53,1,2,3,2,1,0.5333333333333333,19
CHEMBL1618213,C=CCc1cc(OC)ccc1OCCCCn1cncn1,0,c1ccc(OCCCCn2cncn2)cc1,287.36299999999994,2.8744000000000014,49.17,0,4,9,2,2,0.375,21
CHEMBL243712,CCN1CCCC1CNC(=O)c1cc(S(=O)(=O)CC)c(N)cc1OC,1,O=C(NCC1CCCN1)c1ccccc1,369.4870000000002,1.2851000000000006,101.73,2,6,7,2,1,0.5882352941176471,25
CHEMBL460678,C[C@@H](Nc1nc(N)nc(-c2ccn(C[C@H](N)C(=O)O)n2)n1)c1ccc2ccccc2c1,0,c1ccc2cc(CNc3ncnc(-c4cc[nH]n4)n3)ccc2c1,418.4610000000001,2.0555000000000003,157.85999999999996,4,8,7,4,4,0.19047619047619047,31
CHEMBL1628502,CC(OC(=O)NCC1(CC(=O)O)CCCCC1)OC(=O)C(C)C,1,C1CCCCC1,329.39300000000003,2.683,101.93,2,5,7,1,0,0.8125,23
CHEMBL3544909,C=C1CC[C@H](O)C/C1=C/C=C1\CCC[C@]2(C)[C@@H]([C@H](C)CCCC(C)(C)O)CC[C@@H]12,1,C=C1CCCCC1=CC=C1CCCC2CCCC12,400.6470000000002,6.733900000000008,40.46,2,2,6,3,0,0.7777777777777778,29
CHEMBL3989859,CC(=O)Oc1c(C)c(C)c2c(c1C)CCC(C)(CCC[C@H](C)CCC[C@H](C)CCCC(C)C)O2,1,c1ccc2c(c1)CCCO2,472.7540000000004,9.059960000000002,35.53,0,3,13,2,1,0.7741935483870968,34
CHEMBL1200829,O=C1O[C@H](CO)[C@@H](O)[C@H](O)[C@H]1O,1,O=C1CCCCO1,178.14000000000001,-3.0132000000000008,107.22000000000001,4,6,1,1,0,0.8333333333333334,12
CHEMBL443881,COc1ccc2cc1Oc1ccc(cc1)C[C@H]1c3c(c(O)c(OC)c(OC)c3Oc3cc4c(cc3OC)CCN(C)[C@H]4C2)CCN1C,0,c1cc2cc(c1)Oc1ccc(cc1)CC1NCCc3cccc(c31)Oc1ccc3c(c1)C(C2)NCC3,638.761,6.868000000000008,82.09,1,9,4,8,4,0.3684210526315789,47
CHEMBL571673,COc1cc(CCCO)cc2c1O[C@H](c1ccc(O)cc1)[C@H]2CO,0,c1ccc(C2Cc3ccccc3O2)cc1,330.38000000000005,2.5353000000000008,79.15,3,5,6,3,2,0.3684210526315789,24
CHEMBL3360296,CC(C)[C@H](NC(=O)[C@H](C)NC(=O)[C@H](Cc1ccccc1)NC(=O)c1cccc2ccccc12)C(=O)C(=O)NCC(=O)N1CCN(C)CC1,0,O=C(CNC(=O)C(Cc1ccccc1)NC(=O)c1cccc2ccccc12)NCC(=O)C(=O)NCC(=O)N1CCNCC1,656.7839999999998,1.285700000000003,157.02,4,7,13,4,3,0.3888888888888889,48
CHEMBL1975421,Cc1cc2nc3c(=O)n(C)c(=O)nc-3n(-c3ccc(Cl)cc3)c2cc1C,0,O=c1nc2n(-c3ccccc3)c3ccccc3nc-2c(=O)[nH]1,366.8080000000001,2.854440000000001,69.78,0,4,1,4,2,0.15789473684210525,26
CHEMBL1670,Clc1ccc(C(c2ccccc2Cl)C(Cl)Cl)cc1,1,c1ccc(Cc2ccccc2)cc1,320.04600000000005,5.929000000000002,0.0,0,0,3,2,2,0.14285714285714285,18
CHEMBL3989543,CC[C@]1(O)C[C@@H]2CN(CCc3c([nH]c4ccccc34)[C@@](C(=O)OC)(c3cc4c(cc3OC)N(C)[C@H]3[C@@](O)(C(N)=O)[C@H](O)[C@]5(CC)C=CCN6CC[C@]43[C@@H]65)C2)C1,1,C1=CC2CCC3Nc4ccc(C5CC6CCCN(CCc7c5[nH]c5ccccc75)C6)cc4C34CCN(C1)C24,753.9409999999998,2.732400000000003,164.82,5,10,6,9,3,0.5813953488372093,55
CHEMBL1201748,CO[C@H]1C(=O)[C@]2(C)[C@@H](OC)C[C@H]3OC[C@@]3(OC(C)=O)[C@H]2[C@H](OC(=O)c2ccccc2)[C@]2(O)C[C@H](OC(=O)[C@H](O)[C@@H](NC(=O)OC(C)(C)C)c3ccccc3)C(C)=C1C2(C)C,1,O=C(CCc1ccccc1)OC1C=C2CC(=O)C3CCC4OCC4C3C(OC(=O)c3ccccc3)C(C2)C1,835.944,4.5678000000000045,202.45,3,14,10,6,2,0.5777777777777777,60
CHEMBL1697686,CCOC(=O)NC(C)(C)Cc1ccc(Cl)cc1,1,c1ccccc1,255.74499999999998,3.4072000000000022,38.33,1,2,4,1,1,0.46153846153846156,17
CHEMBL1236821,O=C[C@H](O)[C@@H](O)[C@H](O)CO,1,,150.12999999999997,-2.7397000000000005,97.99000000000001,4,5,4,0,0,0.8,10
CHEMBL2163412,Cc1cc(Nc2nc(Sc3ccc(NC(=O)CN4CC[C@@H](OC(C)(C)C)C4)cc3)nn3cccc23)n[nH]1,0,O=C(CN1CCCC1)Nc1ccc(Sc2nc(Nc3cc[nH]n3)c3cccn3n2)cc1,520.6630000000004,4.483520000000003,112.47,3,8,8,5,4,0.38461538461538464,37
CHEMBL6622,O=[N+]([O-])O[C@H]1CO[C@H]2[C@@H]1OC[C@H]2O[N+](=O)[O-],1,C1CC2OCCC2O1,236.13599999999997,-1.0622000000000003,123.20000000000002,0,8,4,2,0,1.0,16
CHEMBL348000,O=C(O)c1cc(-c2ccccc2)nc2ccccc12,1,c1ccc(-c2ccc3ccccc3n2)cc1,249.269,3.6000000000000014,50.19,1,2,2,3,3,0.0,19
CHEMBL1560,C[C@H](CS)C(=O)N1CCC[C@H]1C(=O)O,1,C1CCNC1,217.28999999999996,0.6279000000000001,57.61,2,3,3,1,0,0.7777777777777778,14
CHEMBL738,CCCC(C)C1(CC)C(=O)NC(=S)NC1=O,1,O=C1CC(=O)NC(=S)N1,242.34400000000002,1.3498999999999999,58.2,2,3,4,1,0,0.7272727272727273,16
CHEMBL1200376,C[C@H]1C[C@H]2[C@@H]3CCC4=CC(=O)C=C[C@]4(C)[C@@]3(F)[C@@H](O)C[C@]2(C)[C@@]1(OC(=O)c1ccccc1)C(=O)CO,1,O=C1C=CC2C(=C1)CCC1C2CCC2C(OC(=O)c3ccccc3)CCC21,496.57500000000033,3.760400000000003,100.9,2,6,4,5,1,0.5517241379310345,36
CHEMBL3950884,CNc1nc(NC2CC2)n2ncc(/C=C3\NC(=O)NC3=O)c2n1,0,O=C1NC(=O)C(=Cc2cnn3c(NC4CC4)ncnc23)N1,314.309,-0.0793999999999998,125.33999999999999,4,7,4,4,2,0.3076923076923077,23
CHEMBL2408932,OC[C@H]1O[C@@H](Oc2ccc(/C=C/c3cc(O)c4c(c3)O[C@H](c3ccc(O)cc3)[C@H]4c3ccccc3)cc2)[C@H](O)[C@@H](O)[C@@H]1O,0,C(=Cc1ccc2c(c1)OC(c1ccccc1)C2c1ccccc1)c1ccc(OC2CCCCO2)cc1,584.6210000000003,3.7125000000000052,149.07,6,9,7,6,4,0.23529411764705882,43
CHEMBL1085786,O=C(NCc1ccc(C(F)(F)F)nc1Oc1ccccc1)Nc1cccc2[nH]ncc12,0,O=C(NCc1cccnc1Oc1ccccc1)Nc1cccc2[nH]ncc12,427.386,5.0907000000000036,91.92999999999999,3,4,5,4,4,0.09523809523809523,31
CHEMBL110218,CN(C(=O)CCCSc1ccc2c(c1)CN1CC(=O)NC1=N2)C1CCCCC1,0,O=C1CN2Cc3cc(SCCCC(=O)NC4CCCCC4)ccc3N=C2N1,400.5480000000003,3.2829000000000015,65.01,1,5,6,4,1,0.5714285714285714,28
CHEMBL211487,CC#CCOc1ccc(S(=O)(=O)CC2(C(=O)NO)CCN(C(=O)CCC)CC2)cc1,0,O=S(=O)(CC1CCNCC1)c1ccccc1,436.5300000000003,1.7766999999999997,113.00999999999999,2,6,8,2,1,0.5238095238095238,30
CHEMBL15677,O=C(O)Cc1ccccc1Oc1ccc(Cl)cc1Cl,1,c1ccc(Oc2ccccc2)cc1,297.13699999999994,4.4128000000000025,46.53,1,2,4,2,2,0.07142857142857142,19
CHEMBL3951202,C=CCCCCCCCc1cc(C(=O)NCCCC)c(N)s1,0,c1ccsc1,322.51800000000003,4.929300000000003,55.120000000000005,2,3,12,1,1,0.6111111111111112,22
CHEMBL3559797,O=C(NCCN1CCC2(CC1)C(=O)NCN2CC1CC1)c1ccc2ccccc2c1,0,O=C(NCCN1CCC2(CC1)C(=O)NCN2CC1CC1)c1ccc2ccccc2c1,406.53000000000014,2.203500000000001,64.68,2,4,6,5,2,0.5,30
CHEMBL1521,CCN(C(C)=O)c1cccc(-c2ccnc3c(C#N)cnn23)c1,1,c1ccc(-c2ccnc3ccnn23)cc1,305.341,2.6407800000000003,74.28999999999999,0,4,3,3,3,0.17647058823529413,23
CHEMBL508102,CCOC(=O)n1ccn(C)c1=S,1,S=c1[nH]cc[nH]1,186.236,1.56069,36.16,0,3,1,1,1,0.42857142857142855,12
CHEMBL1830424,CCCCCCc1nc2cc(/C=C/C(=O)NO)ccc2n1CCN(C)C,0,c1ccc2[nH]cnc2c1,358.4860000000002,3.239300000000002,70.39,2,4,10,2,2,0.5,26
CHEMBL2286704,CCc1ccc(C(=O)NN(C(=O)C2CC=CCC2)C(C)(C)C)cc1,0,O=C(NNC(=O)C1CC=CCC1)c1ccccc1,328.456,3.877200000000003,49.410000000000004,1,2,3,2,1,0.5,24
CHEMBL4596392,CNC(=O)c1nnc(NC(=O)C2CC2)cc1Nc1cccc(-c2ncn(C)n2)c1OC,1,O=C(Nc1cc(Nc2cccc(-c3nc[nH]n3)c2)cnn1)C1CC1,422.4490000000002,1.7323999999999995,135.95,3,8,7,4,3,0.3,31
CHEMBL374739,Oc1ccc(/C=N/c2ccc(Cc3ccc(/N=C/c4ccc(O)c(O)c4)cc3)cc2)cc1O,0,C(=Nc1ccc(Cc2ccc(N=Cc3ccccc3)cc2)cc1)c1ccccc1,438.4830000000001,5.601000000000007,105.64000000000001,4,6,6,4,4,0.037037037037037035,33
CHEMBL3555262,c1cncc(OC[C@@H]2CCC[C@@]23CN(Cc2nccs2)CCO3)c1,0,c1cncc(OCC2CCCC23CN(Cc2nccs2)CCO3)c1,345.4680000000001,2.9882000000000017,47.480000000000004,0,6,5,4,2,0.5555555555555556,24
CHEMBL1200710,CN(C)CCCN1c2ccccc2CCc2ccc(Cl)cc21,1,c1ccc2c(c1)CCc1ccccc1N2,314.86,4.528400000000004,6.48,0,2,4,3,2,0.3684210526315789,22
CHEMBL1725,COCC(=O)Nc1c(I)c(C(=O)NCC(O)CO)c(I)c(C(=O)N(C)CC(O)CO)c1I,1,c1ccccc1,791.115,-0.4065000000000002,168.66,6,8,11,1,1,0.5,32
CHEMBL46516,O=C1NCN(c2ccccc2)C12CCN(CCCC(c1ccc(F)cc1)c1ccc(F)cc1)CC2,1,O=C1NCN(c2ccccc2)C12CCN(CCCC(c1ccccc1)c1ccccc1)CC2,475.58300000000014,5.305400000000005,35.580000000000005,1,3,7,5,3,0.3448275862068966,35
CHEMBL2407206,CCC(=O)Nc1cc(CNc2c(C#N)c(C)nn2-c2cccc(-c3cccc(OC)c3)c2)cc(Cl)c1O,0,c1ccc(CNc2ccnn2-c2cccc(-c3ccccc3)c2)cc1,516.0010000000002,6.0476000000000045,112.20000000000002,3,6,8,4,4,0.17857142857142858,37
CHEMBL18116,Cc1cccc(N2CC(CO)OC2=O)c1,1,O=C1OCCN1c1ccccc1,207.22899999999998,1.31252,49.77,1,3,2,2,1,0.36363636363636365,15
CHEMBL1730469,Cc1nc2ccccc2n1CCC(=O)O,0,c1ccc2[nH]cnc2c1,204.22899999999993,1.81942,55.120000000000005,1,2,3,2,2,0.2727272727272727,15
CHEMBL231068,O=c1[nH]c2ccccc2n1CCN1CCN(c2cccc(C(F)(F)F)c2)CC1,1,O=c1[nH]c2ccccc2n1CCN1CCN(c2ccccc2)CC1,390.40900000000005,3.170600000000002,44.27,1,3,4,4,3,0.35,28
CHEMBL3237547,O=C1N[C@H](O)CCN1[C@@H]1O[C@H](CO)[C@@H](O)C1(F)F,1,O=C1NCCCN1C1CCCO1,268.216,-1.5664999999999996,102.26,4,5,2,2,0,0.8888888888888888,18
CHEMBL3318198,Cc1ccc(-c2cnc(N(C)C(=O)c3ccccc3)s2)cc1,0,O=C(Nc1ncc(-c2ccccc2)s1)c1ccccc1,308.406,4.395120000000003,33.2,0,3,3,3,3,0.1111111111111111,22
CHEMBL1201250,CCN(CC)C(=O)C1CN2CCc3cc(OC)c(OC)cc3C2CC1OC(C)=O,1,c1ccc2c(c1)CCN1CCCCC21,404.5070000000002,2.423,68.31,0,6,6,3,1,0.6363636363636364,29
CHEMBL671,S=P(N1CC1)(N1CC1)N1CC1,1,S=P(N1CC1)(N1CC1)N1CC1,189.22399999999996,0.15770000000000017,9.03,0,1,3,3,0,1.0,11
CHEMBL17879,CCCCC1(CCCC)CS(=O)(=O)c2ccc(N(C)C)cc2[C@@H](c2ccc(OCc3ccc(C[N+]45CCN(CC4)CC5)cc3)cc2)[C@H]1O,1,O=S1(=O)CCCC(c2ccc(OCc3ccc(C[N+]45CCN(CC4)CC5)cc3)cc2)c2ccccc21,674.9720000000001,6.624500000000008,70.08,1,6,13,7,3,0.55,48
CHEMBL3039520,CN1CCC(C(=O)c2cccc(NC(=O)c3c(F)cc(F)cc3F)n2)CC1,1,O=C(Nc1cccc(C(=O)C2CCNCC2)n1)c1ccccc1,377.3660000000001,3.2757000000000014,62.300000000000004,1,4,4,3,2,0.3157894736842105,27
CHEMBL1201161,NCc1ccc(S(N)(=O)=O)cc1,1,c1ccccc1,186.236,-0.20729999999999998,86.18,2,3,2,1,1,0.14285714285714285,12
CHEMBL1722842,Nc1c(N(Cc2ccco2)C(=O)c2cccc(F)c2)c(=O)[nH]c(=O)n1Cc1ccccc1,0,O=C(c1ccccc1)N(Cc1ccco1)c1cn(Cc2ccccc2)c(=O)[nH]c1=O,434.42700000000013,2.7462000000000018,114.32999999999998,2,5,6,4,4,0.08695652173913043,32
CHEMBL1887118,CC(C)CC(=O)Nc1nnc(S(=O)(=O)N(C)Cc2ccc(Cl)cc2)s1,0,O=S(=O)(NCc1ccccc1)c1nncs1,402.9290000000001,2.9968000000000012,92.26,1,6,7,2,2,0.4,25
CHEMBL1779710,CC(C)(C)OC[C@@H]1C(=O)NCCN1C(=O)C[C@H](N)Cc1cc(F)c(F)cc1F,1,O=C1CN(C(=O)CCCc2ccccc2)CCN1,401.4290000000001,1.5058999999999998,84.66,2,4,6,2,1,0.5789473684210527,28
CHEMBL3545057,CC(=O)O[C@H]1C[C@H](O[C@H]2[C@@H](O)C[C@H](O[C@H]3[C@@H](O)C[C@H](O[C@H]4CC[C@@]5(C)[C@H](CC[C@@H]6[C@@H]5CC[C@]5(C)[C@@H](C7=CC(=O)OC7)CC[C@]65O)C4)O[C@@H]3C)O[C@@H]2C)O[C@H](C)[C@H]1O,1,O=C1C=C(C2CCC3C2CCC2C4CCC(OC5CCC(OC6CCC(OC7CCCCO7)CO6)CO5)CC4CCC23)CO1,806.9870000000003,3.8181000000000025,188.89999999999998,4,14,8,8,0,0.9069767441860465,57
CHEMBL64,NNC(=O)c1ccncc1,1,c1ccncc1,137.142,-0.3149000000000006,68.00999999999999,2,3,1,1,1,0.0,10
CHEMBL218394,CC(C)(C)NC(=O)N[C@H](C(=O)N1C[C@H]2[C@@H]([C@H]1C(=O)NC(CC1CCC1)C(=O)C(N)=O)C2(C)C)C(C)(C)C,1,O=C(NCCC1CCC1)C1NCC2CC21,519.6870000000004,1.7112000000000023,150.70000000000002,4,5,8,3,0,0.8148148148148148,37
CHEMBL577300,CC1=C(c2nc3ccccc3n2C)C(c2ccc(Cl)c(Cl)c2)n2nccc2N1,0,C1=C(c2nc3ccccc3[nH]2)C(c2ccccc2)n2nccc2N1,410.30800000000005,5.522700000000003,47.67,1,3,2,5,4,0.14285714285714285,28
CHEMBL3451596,CCc1nc2n(n1)CC(Nc1nc(C)cc(N(C)C)n1)CC2,0,c1cnc(NC2CCc3ncnn3C2)nc1,301.3980000000001,1.43182,71.76,1,6,4,3,2,0.6,22
CHEMBL3467485,Cc1cc(C2CCCN(CCc3ccc4c(c3)CCO4)C2)n[nH]1,0,c1cc(C2CCCN(CCc3ccc4c(c3)CCO4)C2)n[nH]1,311.42900000000003,3.075120000000001,41.15,1,3,4,4,2,0.5263157894736842,23
CHEMBL1200389,Brc1c(NC2=NCCN2)ccc2nccnc12,1,c1cnc2cc(NC3=NCCN3)ccc2n1,292.14000000000004,1.7633999999999999,62.2,2,5,1,3,2,0.18181818181818182,17
CHEMBL4203026,O=C1c2cccc3c(N4CCC[C@@H]4CO)ccc(c23)C(=O)N1CCCNCCNCCCN1C(=O)c2cccc3c(N4CCC[C@@H]4CO)ccc(c23)C1=O,0,O=C1c2cccc3c(N4CCCC4)ccc(c23)C(=O)N1CCCNCCNCCCN1C(=O)c2cccc3c(N4CCCC4)ccc(c23)C1=O,732.8820000000001,3.7668000000000026,145.76,4,10,15,8,4,0.42857142857142855,54
CHEMBL3600388,O=C1c2cc(Cl)ccc2OC2c3[nH]c4ccc(O)cc4c3CCN12,0,O=C1c2ccccc2OC2c3[nH]c4ccccc4c3CCN12,340.76600000000013,3.6164000000000014,65.56,2,3,0,5,3,0.16666666666666666,24
CHEMBL3809340,CC(C)(O)c1ccc(OC2CN(c3nnc(Cc4ccccc4)c4ccccc34)C2)nc1,0,c1ccc(Cc2nnc(N3CC(Oc4ccccn4)C3)c3ccccc23)cc1,426.5200000000001,4.110600000000003,71.37,1,6,6,5,4,0.2692307692307692,32
CHEMBL1466842,O=C(Cn1cnc2ccccc21)Nc1ccccc1-c1ccccc1,0,O=C(Cn1cnc2ccccc21)Nc1ccccc1-c1ccccc1,327.38700000000006,4.342000000000003,46.92,1,2,4,4,4,0.047619047619047616,25
CHEMBL1996459,COc1ccc(/C=c2\c(=O)[nH]c3nc4ccccc4c(=O)n23)cc1,0,O=c1[nH]c2nc3ccccc3c(=O)n2c1=Cc1ccccc1,319.32000000000005,1.0923,76.46000000000001,1,4,2,4,4,0.05555555555555555,24
CHEMBL878,Cc1ccccc1N1C(=O)c2cc(S(N)(=O)=O)c(Cl)cc2NC1C,1,O=C1c2ccccc2NCN1c1ccccc1,365.8420000000001,2.714120000000001,92.5,2,4,2,3,2,0.1875,24
CHEMBL1315867,CC(C)(C)NCC(O)c1cc(O)cc(O)c1,1,c1ccccc1,225.288,1.5192999999999997,72.72,4,4,3,1,1,0.5,16
CHEMBL18442,c1cc(CN2CCCNCCNCCCNCC2)ccc1CN1CCCNCCNCCCNCC1,1,c1cc(CN2CCCNCCNCCCNCC2)ccc1CN1CCCNCCNCCCNCC1,502.7960000000004,0.41580000000000644,78.66,6,8,4,3,1,0.7857142857142857,36
CHEMBL3707248,COc1cc2c(cc1OC)[C@H]1C[C@@H](OC(=O)[C@@H](N)C(C)C)[C@H](CC(C)C)CN1CC2,1,c1ccc2c(c1)CCN1CCCCC21,418.57800000000026,3.5641000000000025,74.02,1,6,7,3,1,0.7083333333333334,30
CHEMBL221722,NC(=O)c1nc(F)cnc1O,1,c1cnccn1,157.10399999999998,-0.5798000000000002,89.10000000000001,2,4,1,1,1,0.0,11
CHEMBL361812,O=C(O)CCn1c2c(c3ccccc31)C[C@H](NS(=O)(=O)c1ccc(F)cc1)CC2,1,O=S(=O)(NC1CCc2[nH]c3ccccc3c2C1)c1ccccc1,416.4740000000002,3.0909000000000013,88.4,2,3,6,4,3,0.2857142857142857,29
CHEMBL526,CC(C)c1cccc(C(C)C)c1O,1,c1ccccc1,178.27499999999995,3.6390000000000025,20.23,1,1,2,1,1,0.5,13
CHEMBL3894113,C[C@H](NC(=O)Nc1cc(Cc2n[nH]c(=O)c3c2CCCC3)ccc1F)C(=O)O,0,O=c1[nH]nc(Cc2ccccc2)c2c1CCCC2,388.39900000000017,1.9731999999999998,124.17999999999999,4,4,5,3,2,0.3684210526315789,28
CHEMBL92401,CC(C)NNC(=O)c1ccncc1,1,c1ccncc1,179.223,0.7243999999999996,54.019999999999996,2,3,3,1,1,0.3333333333333333,13
CHEMBL185314,COc1cccc2c(=O)oc(-c3ccccc3F)nc12,0,O=c1oc(-c2ccccc2)nc2ccccc12,271.247,3.002700000000001,52.33,0,4,2,3,3,0.06666666666666667,20
CHEMBL4068987,C[C@]12CC[C@@H]3[C@]4(C=C[C@]5(C[C@@H](O)CC[C@]35C)OO4)[C@@H]1CC/C2=N\OCC(=O)Nc1cccc(Cl)c1,0,O=C(CON=C1CCC2C1CCC1C3CCCCC34C=CC21OO4)Nc1ccccc1,501.02300000000025,5.0377000000000045,89.38,2,6,4,7,1,0.6296296296296297,35
CHEMBL3800438,Cc1cc(CN2CCN(c3ccccc3)CC2)c(C)n1-c1ccc(Cl)cc1,0,c1ccc(N2CCN(Cc3ccn(-c4ccccc4)c3)CC2)cc1,379.93500000000006,5.069740000000005,11.41,0,2,4,4,3,0.30434782608695654,27
CHEMBL3500807,CCN1CCC2(CC1)CC(NC(=O)NC)c1cc(C)ccc12,0,c1ccc2c(c1)CCC21CCNCC1,301.4340000000001,2.7223200000000007,44.370000000000005,2,2,2,3,1,0.6111111111111112,22
CHEMBL4093610,C=CC(=O)Nc1cc(Nc2cc(-c3cccc(NC(=O)c4ccc(N5CCCC5)cc4)c3C)cn(C)c2=O)ccc1C(=O)N1CCOCC1,0,O=C(Nc1cccc(-c2c[nH]c(=O)c(Nc3ccc(C(=O)N4CCOCC4)cc3)c2)c1)c1ccc(N2CCCC2)cc1,660.7750000000001,5.553720000000005,125.00999999999999,3,7,9,6,4,0.2631578947368421,49
CHEMBL2104415,CO/N=C1\C[C@]2(C[C@@H]3C[C@@H](C/C=C(\C)C[C@@H](C)/C=C/C=C4\CO[C@@H]5[C@H](O)C(C)=C[C@@H](C(=O)O3)[C@]45O)O2)O[C@H](/C(C)=C/C(C)C)[C@H]1C,1,N=C1CCOC2(C1)CC1CC(CC=CCCC=CC=C3COC4CC=CC(C(=O)O1)C34)O2,639.8300000000002,5.7289000000000065,116.04000000000002,2,9,3,5,0,0.6756756756756757,46
CHEMBL394149,CC(c1csc2ccccc12)N(CCCN)C(=O)CCCc1c[nH]c2ccccc12,0,O=C(CCCc1c[nH]c2ccccc12)NCc1csc2ccccc12,419.59400000000016,5.643900000000004,62.12,2,3,9,4,4,0.32,30
CHEMBL3944185,Cc1ccc(-n2nc(C3CN(Cc4cncs4)C3)cc2NC(=O)c2cnn3cccnc23)cc1,0,O=C(Nc1cc(C2CN(Cc3cncs3)C2)nn1-c1ccccc1)c1cnn2cccnc12,470.5620000000002,3.531620000000002,93.24,1,7,6,6,5,0.20833333333333334,34
CHEMBL475848,O=C(O)c1ccc(-c2ccccc2)cc1O,0,c1ccc(-c2ccccc2)cc1,214.22,2.757400000000001,57.53,2,2,2,2,2,0.0,16
CHEMBL4293959,COC(=O)/C(=C/c1ccccc1)CCCP(=O)(O)O,0,c1ccccc1,284.24799999999993,2.2009000000000007,83.83000000000001,2,3,6,1,1,0.3076923076923077,19
CHEMBL2219425,CCCCCCCCCCCC(=O)OCN1C(=O)CCc2ccc(OCCCCN3CCN(c4cccc(Cl)c4Cl)CC3)cc21,1,O=C1CCc2ccc(OCCCCN3CCN(c4ccccc4)CC3)cc2N1,660.7270000000002,8.675400000000007,62.32000000000001,0,6,19,4,2,0.6111111111111112,45
CHEMBL3941006,Cc1ccc(C(=O)N2CC(F)(c3ccc(C#N)cc3)C2)cc1-c1[nH]nc(C)c1Cl,0,O=C(c1cccc(-c2ccn[nH]2)c1)N1CC(c2ccccc2)C1,408.86400000000015,4.539420000000003,72.78,1,3,3,4,3,0.22727272727272727,29
CHEMBL1201052,CN1CCCCC1CCN1c2ccccc2Sc2ccc([S+](C)[O-])cc21,1,c1ccc2c(c1)Sc1ccccc1N2CCC1CCCCN1,386.5860000000001,4.901100000000005,29.54,0,4,4,4,2,0.42857142857142855,26
CHEMBL1492066,Cc1ccc2onc(CNC(=O)N3CCN(c4cc(Cl)ccc4C)CC3)c2c1,0,O=C(NCc1noc2ccccc12)N1CCN(c2ccccc2)CC1,398.8940000000002,4.129840000000003,61.61000000000001,1,4,3,4,3,0.3333333333333333,28
CHEMBL2107360,CCCCCCCCCCCCCCCC(=O)OC1CCCn2c1nc(C)c(CCN1CCC(c3noc4cc(F)ccc34)CC1)c2=O,1,O=c1c(CCN2CCC(c3noc4ccccc34)CC2)cnc2n1CCCC2,664.9070000000002,9.113520000000003,90.46000000000001,0,7,19,5,3,0.6923076923076923,48
CHEMBL3702942,N#C[C@H]1C[C@H](O)CC[C@@H]1n1cc(C(N)=O)c(Nc2ccc(C(F)(F)F)cc2)n1,0,c1ccc(Nc2ccn(C3CCCCC3)n2)cc1,393.369,2.9700800000000003,116.96,3,5,4,3,2,0.3888888888888889,28
CHEMBL280991,Cc1c(C(=O)c2ccccc2F)c2cccc3c2n1C(CN1CCOCC1)CO3,0,O=C(c1ccccc1)c1cn2c3c(cccc13)OCC2CN1CCOCC1,394.44600000000025,3.5855200000000025,43.7,0,4,4,5,3,0.34782608695652173,29
CHEMBL21596,CC(=O)NC[C@@H]1OC(=O)N2c3ccc(C(C)=O)cc3C[C@H]12,0,O=C1OCC2Cc3ccccc3N12,288.30300000000005,1.2752,75.71000000000001,1,4,3,3,1,0.4,21
CHEMBL1951671,COc1cccc(-n2ccc3c(sc4nccc(OC)c43)c2=O)c1,0,O=c1c2sc3ncccc3c2ccn1-c1ccccc1,338.3880000000001,3.617600000000003,53.35,0,5,3,4,4,0.1111111111111111,24
CHEMBL473020,Cc1ccccc1N/C(=N\C#N)NC(NC(=O)Cc1ccc2c(c1)OCO2)C(C)(C)C,0,N=C(NCNC(=O)Cc1ccc2c(c1)OCO2)Nc1ccccc1,421.50100000000026,3.293400000000002,107.77000000000001,3,5,5,3,2,0.34782608695652173,31
CHEMBL1200335,CCCCCCC(=O)O[C@H]1CC[C@H]2[C@@H]3CCC4=CC(=O)CC[C@]4(C)[C@H]3CC[C@]12C,1,O=C1C=C2CCC3C4CCCC4CCC3C2CC1,400.6030000000003,6.400500000000007,43.370000000000005,0,3,6,4,0,0.8461538461538461,29
CHEMBL581540,Nc1nc(N)c2cc3ccc(OCc4ccccc4)cc3nc2n1,0,c1ccc(COc2ccc3cc4cncnc4nc3c2)cc1,317.35200000000003,2.921400000000001,99.94,2,6,3,4,4,0.05555555555555555,24
CHEMBL3189072,CCCCS(=O)(=O)N[C@@H](Cc1ccc(OCCCCC2CCNCC2)cc1)C(=O)O,1,c1ccc(OCCCCC2CCNCC2)cc1,440.6060000000003,2.9505,104.73,3,5,14,2,1,0.6818181818181818,30
CHEMBL3501637,O=C(NC1CCC1)[C@@H]1CC[C@@H]2[C@@H](CCN2CCc2ccccc2)O1,0,O=C(NC1CCC1)C1CCC2C(CCN2CCc2ccccc2)O1,328.456,2.5197000000000003,41.57000000000001,1,3,5,4,1,0.65,24
CHEMBL1290049,O=S(=O)(c1ccccc1)c1ccc(-c2c[nH]c(-c3c(F)cccc3Cl)n2)cc1,0,O=S(=O)(c1ccccc1)c1ccc(-c2c[nH]c(-c3ccccc3)n2)cc1,412.873,5.369000000000003,62.82,1,3,4,4,4,0.0,28
CHEMBL1525,CC1(C)C(C=C(Cl)Cl)C1C(=O)OCc1cccc(Oc2ccccc2)c1,1,O=C(OCc1cccc(Oc2ccccc2)c1)C1CC1,391.2940000000001,6.113300000000004,35.53,0,3,6,3,2,0.2857142857142857,26
CHEMBL1055,NS(=O)(=O)c1cc(C2(O)NC(=O)c3ccccc32)ccc1Cl,1,O=C1NC(c2ccccc2)c2ccccc21,338.77200000000005,0.9242000000000001,109.49000000000001,3,4,2,3,2,0.07142857142857142,22
CHEMBL1972484,COc1ccc(CN2CC(C)(C)C2=O)c(OC)c1,0,O=C1CCN1Cc1ccccc1,249.30999999999997,2.0722,38.769999999999996,0,3,4,2,1,0.5,18
CHEMBL3276800,COc1ccccc1/C(C)=N/OCC(O)CNC(C)(C)C,0,c1ccccc1,294.39500000000004,2.1848,63.08,2,5,7,1,1,0.5625,21
CHEMBL58323,COC[C@@H](NC(C)=O)C(=O)NCc1ccccc1,1,c1ccccc1,250.298,0.4539000000000007,67.42999999999999,2,3,6,1,1,0.38461538461538464,18
CHEMBL2087844,Cn1ncnc1-c1c2c(=O)n(C)c(=O)n(CC3CC3)c2nn1Cc1ccnc2ccc(Cl)cc12,0,O=c1[nH]c(=O)n(CC2CC2)c2nn(Cc3ccnc4ccccc34)c(-c3ncn[nH]3)c12,476.92800000000017,2.3521,105.42,0,6,5,6,5,0.30434782608695654,34
CHEMBL2105719,COc1cc2ncnc(Nc3ccc(F)c(Cl)c3)c2cc1NC(=O)/C=C/CN1CCCCC1,1,O=C(C=CCN1CCCCC1)Nc1ccc2ncnc(Nc3ccccc3)c2c1,469.9480000000004,5.1551000000000045,79.38000000000001,2,6,7,4,3,0.2916666666666667,33
CHEMBL3455083,CS(=O)(=O)c1ccc(CNC(=O)NCc2cc[nH]n2)cc1,0,O=C(NCc1ccccc1)NCc1cc[nH]n1,308.363,0.8125999999999998,103.95,3,4,5,2,2,0.23076923076923078,21
CHEMBL488093,Cc1ncc(CSSCc2cnc(C)c(O)c2CO)c(CO)c1O,1,c1cncc(CSSCc2cccnc2)c1,368.48000000000013,2.5708400000000013,106.70000000000002,4,8,7,2,2,0.375,24
CHEMBL366192,C[C@@H](NP(=O)(OC[C@@H]1C=C[C@H](n2cnc3c(NC4CC4)nc(N)nc32)C1)Oc1ccccc1)C(=O)OC(C)(C)C,0,O=[PH](OCC1C=CC(n2cnc3c(NC4CC4)ncnc32)C1)Oc1ccccc1,569.6030000000003,4.6235000000000035,155.50999999999996,3,10,11,5,3,0.48148148148148145,40
CHEMBL2023898,COC(=O)N[C@H](C(=O)N1CCC[C@H]1c1ncc(-c2ccc(-c3ccc(-c4cnc([C@@H]5CCCN5C(=O)[C@@H](NC(=O)OC)C(C)C)[nH]4)cc3)cc2)[nH]1)C(C)C,1,c1cc(-c2cnc(C3CCCN3)[nH]2)ccc1-c1ccc(-c2cnc(C3CCCN3)[nH]2)cc1,738.8900000000001,6.222000000000006,174.63999999999996,4,8,11,6,4,0.45,54
CHEMBL500576,Oc1cccc(-c2c3nc(c(-c4cccc(O)c4)c4ccc([nH]4)c(-c4cccc(O)c4)c4nc(c(-c5cccc(O)c5)c5ccc2[nH]5)CC4)C=C3)c1,1,C1=Cc2nc1c(-c1ccccc1)c1ccc([nH]1)c(-c1ccccc1)c1nc(c(-c3ccccc3)c3ccc([nH]3)c2-c2ccccc2)CC1,680.7640000000001,9.760799999999996,138.28000000000003,6,6,4,9,7,0.045454545454545456,52
CHEMBL61593,NS(=O)(=O)c1cc2c(cc1Cl)NC(C1CC3C=CC1C3)NS2(=O)=O,1,O=S1(=O)NC(C2CC3C=CC2C3)Nc2ccccc21,389.8860000000001,1.2295000000000003,118.35999999999999,3,5,2,4,1,0.42857142857142855,24
CHEMBL515914,CC(=O)OC[C@H]1O[C@@H](n2ncc(=O)[nH]c2=O)[C@H](OC(C)=O)[C@@H]1OC(C)=O,1,O=c1cnn(C2CCCO2)c(=O)[nH]1,371.3020000000002,-1.7444999999999975,155.88,1,10,5,2,1,0.5714285714285714,26
CHEMBL697,CN1C(=O)CC(C)(c2ccccc2)C1=O,1,O=C1CC(c2ccccc2)C(=O)N1,203.241,1.333,37.38,0,2,1,2,1,0.3333333333333333,15
CHEMBL1201104,O=C(O)CNC(=O)c1ccccc1,1,c1ccccc1,179.175,0.5009999999999994,66.4,2,2,3,1,1,0.1111111111111111,13
CHEMBL1606781,Cc1ccc(NC(=O)Cn2ncn3c(cc4ccccc43)c2=O)cc1C,0,O=C(Cn1ncn2c(cc3ccccc32)c1=O)Nc1ccccc1,346.39000000000016,2.904740000000001,68.4,1,3,3,4,4,0.15,26
CHEMBL3781735,COC(=O)[C@H](Cc1ccc(O)c(-c2ccc(OC)cc2)c1)NC(=O)[C@H](Cc1ccc(O)c(-c2ccc(OC)cc2)c1)NC(=O)OC(C)(C)C,0,O=C(CCc1cccc(-c2ccccc2)c1)NCCc1cccc(-c2ccccc2)c1,670.7590000000001,5.785300000000005,152.65,4,9,12,4,4,0.2894736842105263,49
CHEMBL403334,CN1CCN(C[C@]23Cc4cnn(-c5ccc(F)cc5)c4C=C2CCN(S(=O)(=O)c2ccc(C(C)(C)C)cc2)C3)CC1,0,O=S(=O)(c1ccccc1)N1CCC2=Cc3c(cnn3-c3ccccc3)CC2(CN2CCNCC2)C1,577.7700000000002,4.576800000000004,61.68,0,5,5,6,3,0.46875,41
CHEMBL4297212,NC(=O)OC[C@H](N)Cc1ccccc1,1,c1ccccc1,194.23400000000004,0.6517000000000001,78.34,2,3,4,1,1,0.3,14
CHEMBL1561522,Cc1ccc(N(CCC#N)C(=O)COC(=O)C2CCN(c3ccc(C(F)(F)F)cn3)CC2)cc1,0,O=C(COC(=O)C1CCN(c2ccccn2)CC1)Nc1ccccc1,474.4830000000002,4.115300000000004,86.53,0,6,7,3,2,0.4166666666666667,34
CHEMBL1306931,COc1cccc(C2c3[nH]c4ccccc4c3CCN2Cc2ncc[nH]2)c1,0,c1ccc(C2c3[nH]c4ccccc4c3CCN2Cc2ncc[nH]2)cc1,358.44500000000005,4.047300000000002,56.94,2,3,4,5,4,0.22727272727272727,27
CHEMBL333826,Cc1cc(N)c2ccccc2[n+]1CCCCCCCCCC[n+]1c(C)cc(N)c2ccccc21,1,c1ccc2c(c1)ccc[n+]2CCCCCCCCCC[n+]1cccc2ccccc21,456.6780000000002,6.170240000000007,59.8,2,2,11,4,4,0.4,34
CHEMBL15770,CC1=C(CC(=O)O)c2cc(F)ccc2/C1=C\c1ccc([S+](C)[O-])cc1,1,C1=Cc2ccccc2C1=Cc1ccccc1,356.41800000000006,4.365500000000003,60.36,1,2,4,3,2,0.15,25
CHEMBL290550,Cc1oc(-c2ccccc2)nc1CCOc1ccc(CCC2SC(=O)NC2=O)cc1,0,O=C1NC(=O)C(CCc2ccc(OCCc3coc(-c4ccccc4)n3)cc2)S1,422.50600000000014,4.555720000000003,81.43,1,6,8,4,3,0.2608695652173913,30
CHEMBL1644919,C=C(C)[C@@H]1CC[C@]2(COC(c3ccccc3)(c3ccccc3)c3ccccc3)CC[C@]3(C)[C@H](CC[C@@H]4[C@@](C)(CC(=O)O)[C@H](C(C)(C)C(=O)O)CC[C@]43C)[C@@H]12,0,c1ccc(C(OCC23CCCC2C2CCC4CCCCC4C2CC3)(c2ccccc2)c2ccccc2)cc1,731.0300000000001,11.418199999999992,83.83,2,3,11,7,3,0.5510204081632653,54
CHEMBL1213165,C[C@@H]1CCO[C@H]2Cn3cc(C(=O)NCc4ccc(F)cc4F)c(=O)c(O)c3C(=O)N12,1,O=C(NCc1ccccc1)c1cn2c(cc1=O)C(=O)N1CCCOC1C2,419.3840000000002,1.3528,100.86999999999999,2,5,3,4,2,0.35,30
CHEMBL3483328,CCNc1ncc(CN2C[C@H]3CC[C@@H]2CN(C(=O)C2CCC2)C3)cn1,0,O=C(C1CCC1)N1CC2CCC(C1)N(Cc1cncnc1)C2,343.47500000000014,2.1312999999999995,61.36000000000001,1,5,5,5,1,0.7368421052631579,25
CHEMBL1652529,COc1ccc(/C=C/C(=O)OCCc2c(-c3ccccc3Cl)c3cc(Cl)ccc3[nH]c2=O)cc1OC,0,O=C(C=Cc1ccccc1)OCCc1c(-c2ccccc2)c2ccccc2[nH]c1=O,524.4000000000001,6.318200000000005,77.62,1,5,8,4,4,0.14285714285714285,36
CHEMBL1515442,Cc1ccc(S(=O)(=O)N2CCC(C(=O)OC(C)C(=O)NC3CCCCC3C)CC2)cc1,0,O=C(COC(=O)C1CCN(S(=O)(=O)c2ccccc2)CC1)NC1CCCCC1,450.6010000000003,3.0223200000000006,92.78,1,5,6,3,1,0.6521739130434783,31
CHEMBL1518,CCCc1cc(=O)[nH]c(=S)[nH]1,1,O=c1cc[nH]c(=S)[nH]1,170.237,1.38499,48.65,2,2,2,1,1,0.42857142857142855,11
CHEMBL539423,CCCCC1=NC2(CCCC2)C(=O)N1Cc1ccc(-c2ccccc2S(=O)(=O)Nc2noc(C)c2C)c(COCC)c1,1,O=C1N(Cc2ccc(-c3ccccc3S(=O)(=O)Nc3ccon3)cc2)C=NC12CCCC2,592.7620000000001,6.539440000000007,114.10000000000001,1,7,12,5,3,0.46875,42
CHEMBL1535667,CC(CCCc1ccccc1)NC(=O)c1nn(-c2ccc(Cl)cc2)nc1CO,0,O=C(NCCCCc1ccccc1)c1cnn(-c2ccccc2)n1,398.89400000000006,3.554200000000002,80.04,2,4,8,3,3,0.2857142857142857,28
CHEMBL1370,CCCC1O[C@@H]2C[C@H]3[C@@H]4CCC5=CC(=O)C=C[C@]5(C)[C@H]4[C@@H](O)C[C@]3(C)[C@]2(C(=O)CO)O1,1,O=C1C=CC2C(=C1)CCC1C2CCC2C1CC1OCOC12,430.5410000000002,2.7168000000000014,93.06,2,6,4,5,0,0.76,31
CHEMBL1201308,CC(C)NC(C)Cc1ccc(I)cc1,1,c1ccccc1,303.187,3.220200000000002,12.03,1,1,4,1,1,0.5,14
CHEMBL3349419,C/C=C(\c1ccccc1OC(C)c1cccc(Cl)c1)n1ccnc1,0,C=C(c1ccccc1OCc1ccccc1)n1ccnc1,338.83799999999997,5.585600000000005,27.05,0,2,5,3,3,0.15,24
CHEMBL3274660,Cn1c([N+](=O)[O-])cnc1SCCCCCCCCC(=O)O,0,c1c[nH]cn1,315.395,3.2357000000000014,98.26,1,5,11,1,1,0.6923076923076923,21
CHEMBL3912366,O=C(NNCc1ccc(O)c(O)c1O)c1ccc(Br)cc1,0,O=C(NNCc1ccccc1)c1ccccc1,353.172,2.0004999999999993,101.82000000000001,5,5,4,2,2,0.07142857142857142,21
CHEMBL1201212,COc1ccc(OC)c(C(O)CNC(=O)CN)c1,1,c1ccccc1,254.28599999999997,-0.18789999999999946,93.80999999999999,3,5,6,1,1,0.4166666666666667,18
CHEMBL2023558,CCCCCC(O)CCCCCCc1ccc(O)c(C)n1,0,c1ccncc1,293.45099999999996,4.529820000000005,53.35,2,3,11,1,1,0.7222222222222222,21
CHEMBL388053,CC1=C(C)C(O)O[C@@H]([C@](C)(O)[C@@]2(O)CC[C@H]3[C@@H]4C[C@H]5O[C@]56[C@@H](O)C=CC(=O)[C@]6(C)[C@H]4CC[C@@]32C)C1,0,O=C1C=CCC23OC2CC2C4CCC(CC5CC=CCO5)C4CCC2C13,488.62100000000027,2.4021,119.75,4,7,2,6,0,0.8214285714285714,35
CHEMBL1289926,CNC(=O)c1ccccc1Sc1ccc2c(/C=C/c3ccccn3)n[nH]c2c1,1,C(=Cc1n[nH]c2cc(Sc3ccccc3)ccc12)c1ccccn1,386.48,4.639100000000004,70.67,2,4,5,4,4,0.045454545454545456,28
CHEMBL65213,NS(=O)(=O)c1ccc(C(=O)NCc2ccccn2)cc1,0,O=C(NCc1ccccn1)c1ccccc1,291.332,0.6589999999999994,102.15,2,4,4,2,2,0.07692307692307693,20
CHEMBL1200453,CCCCCCCCCCCCCCCCCCCCCCO,1,,326.60900000000004,7.800600000000008,20.23,1,1,20,0,0,1.0,23
CHEMBL566315,CC[C@H]1[C@@H](O)[C@@H]2[C@H](CC[C@]3(C)[C@@H]([C@H](C)CCC(=O)O)CC[C@@H]23)[C@@]2(C)CC[C@@H](O)C[C@@H]12,1,C1CCC2C(C1)CCC1C3CCCC3CCC21,420.63400000000024,5.114000000000006,77.76,3,3,5,4,0,0.9615384615384616,30
CHEMBL1564124,CC(C)N(CCO)C(=O)C(c1ccccc1)c1ccccc1,0,c1ccc(Cc2ccccc2)cc1,297.398,3.0478000000000014,40.54,1,2,6,2,2,0.3157894736842105,22
CHEMBL53418,O=C1c2cccc(O)c2C(=O)c2c(O)cccc21,1,O=C1c2ccccc2C(=O)c2ccccc21,240.21399999999997,1.873199999999999,74.6,2,4,0,3,2,0.0,18
CHEMBL74,O=C(O)c1cc(=O)c2c(OCC(O)COc3cccc4oc(C(=O)O)cc(=O)c34)cccc2o1,1,O=c1ccoc2cccc(OCCCOc3cccc4occc(=O)c34)c12,468.37000000000023,2.1145,173.70999999999998,3,9,8,4,4,0.13043478260869565,34
CHEMBL1200479,CCN(CC)CCOC(=O)C1(C2CCCCC2)CCCCC1,1,C1CCC(C2CCCCC2)CC1,309.4940000000001,4.402200000000004,29.54,0,3,7,2,0,0.9473684210526315,22
CHEMBL2106122,CC[N+](C)(C)C(C)CC(c1ccccc1)c1ccccc1,1,c1ccc(Cc2ccccc2)cc1,282.451,4.693400000000004,0.0,0,0,6,2,2,0.4,21
CHEMBL424,O=C(O)c1ccccc1O,1,c1ccccc1,138.12199999999999,1.0903999999999998,57.53,2,2,1,1,1,0.0,10
CHEMBL1108,O=C(CCCN1CC=C(n2c(=O)[nH]c3ccccc32)CC1)c1ccc(F)cc1,1,O=C(CCCN1CC=C(n2c(=O)[nH]c3ccccc32)CC1)c1ccccc1,379.4350000000002,3.6784000000000026,58.1,1,3,6,4,3,0.2727272727272727,28
CHEMBL262625,Cc1ccc(NC(=O)c2cc(C(F)(F)F)cc(C(F)(F)F)c2)cc1Nc1ncnn2cc(C(=O)N[C@@H](C)c3ccccc3)c(C)c12,0,O=C(NCc1ccccc1)c1cc2c(Nc3cccc(NC(=O)c4ccccc4)c3)ncnn2c1,640.588,7.870640000000005,100.41999999999999,3,5,7,5,5,0.1875,46
CHEMBL3137358,COc1ccc2c(O[C@@H]3C[C@H]4C(=O)N[C@]5(C(=O)NS(=O)(=O)C6CC6)C[C@H]5/C=C\CCCCN(C)C(=O)[C@@H]4C3)cc(-c3nc(C(C)C)cs3)nc2c1C,1,O=C1NCCCCC=CC2CC2(C(=O)NS(=O)(=O)C2CC2)NC(=O)C2CC(Oc3cc(-c4nccs4)nc4ccccc34)CC12,749.956,5.254120000000005,156.89,2,10,8,7,3,0.5526315789473685,52
CHEMBL1116,O=C(c1ccc(OCCN2CCCCC2)cc1)c1c(-c2ccc(O)cc2)sc2cc(O)ccc12,1,O=C(c1ccc(OCCN2CCCCC2)cc1)c1c(-c2ccccc2)sc2ccccc12,473.5940000000001,6.075200000000007,70.0,2,6,7,5,4,0.25,34
CHEMBL99083,CC(=O)NCCc1cc2ccccc2[nH]1,0,c1ccc2[nH]ccc2c1,202.25700000000003,1.8465,44.89,2,1,3,2,2,0.25,15
CHEMBL4082732,COc1ccn2c(c1)nc1c2c(=O)n(CC2CC2)c(=O)n1Cc1cccc(C)c1,0,O=c1c2c(nc3ccccn32)n(Cc2ccccc2)c(=O)n1CC1CC1,390.4430000000001,2.586220000000001,70.53,0,4,5,5,4,0.3181818181818182,29
CHEMBL3278400,CC(C)(C)N/C(=N\C#N)Nc1ccc(O)cc1,0,c1ccccc1,232.28700000000003,2.02928,80.44,3,3,1,1,1,0.3333333333333333,17
CHEMBL1407915,CN1CCOC(c2ccccc2)c2ccccc2C1,1,c1ccc(C2OCCNCc3ccccc32)cc1,253.345,3.238000000000002,12.47,0,2,1,3,2,0.29411764705882354,19
CHEMBL313972,C[C@H](Cc1ccc(O)c(O)c1)[C@@H](C)Cc1ccc(O)c(O)c1,1,c1ccc(CCCCc2ccccc2)cc1,302.37,3.5664000000000033,80.92,4,4,5,2,2,0.3333333333333333,22
CHEMBL1200522,COc1ccc(C(=O)CC(=O)c2ccc(C(C)(C)C)cc2)cc1,1,O=C(CC(=O)c1ccccc1)c1ccccc1,310.393,4.448400000000004,43.370000000000005,0,3,5,2,2,0.3,23
CHEMBL1201038,CCCCCCc1ccc(O)cc1O,1,c1ccccc1,194.274,3.2206000000000023,40.46,2,2,5,1,1,0.5,14
CHEMBL1215186,COC(=O)[C@H](NP(=O)(OC[C@H]1OC(C)(C)O[C@H]1C(=O)NO)Oc1ccccc1)C(C)C,0,O=[PH](OCC1COCO1)Oc1ccccc1,460.42000000000013,2.0027999999999997,141.64999999999998,3,9,10,2,1,0.5789473684210527,31
CHEMBL220491,CCN[C@H]1CN(CCCOC)S(=O)(=O)c2sc(S(N)(=O)=O)cc21,1,O=S1(=O)NCCc2ccsc21,383.5170000000001,0.08690000000000164,118.79999999999998,2,7,7,2,1,0.6666666666666666,23
CHEMBL246924,Cc1cccc(NC(=O)c2ccc(-c3cccc(C#N)c3)cn2)n1,0,O=C(Nc1ccccn1)c1ccc(-c2ccccc2)cn1,314.348,3.5760000000000023,78.67,1,4,3,3,3,0.05263157894736842,24
CHEMBL1131,COc1cc(C)c(/C=C/C(C)=C/C=C/C(C)=C/C(=O)O)c(C)c1C,1,c1ccccc1,326.4360000000001,5.167060000000005,46.53,1,2,6,1,1,0.2857142857142857,24
CHEMBL1229560,O=c1[nH]c(=O)n([C@@H]2O[C@H](COP(=O)(O)O)[C@@H](O)[C@H]2O)cc1I,0,O=c1ccn(C2CCCO2)c(=O)[nH]1,450.078,-2.130299999999999,171.31,5,7,4,2,1,0.5555555555555556,22
CHEMBL1171975,c1ccc(CC2CNCCN2c2ccc3[nH]ncc3c2)cc1,0,c1ccc(CC2CNCCN2c2ccc3[nH]ncc3c2)cc1,292.386,2.5838,43.95,2,3,3,4,3,0.2777777777777778,22
CHEMBL1201864,C[C@]12CCC3=C4CCC(=O)C=C4CC[C@H]3[C@@H]1CC[C@@]2(O)CC#N,1,O=C1C=C2CCC3C(=C2CC1)CCC1CCCC13,311.425,3.8371800000000027,61.089999999999996,1,3,1,4,0,0.7,23
CHEMBL3787210,Cc1noc(C)c1-c1ccc2c(c1)C(c1ccsc1)(N1CCC[C@H](N)C1)C(=O)N2,0,O=C1Nc2ccc(-c3cnoc3)cc2C1(c1ccsc1)N1CCCCC1,408.5270000000002,3.638740000000002,84.39000000000001,2,6,3,5,3,0.36363636363636365,29
CHEMBL455186,CS(=O)(=O)OC[C@H](O)[C@@H](O)COS(C)(=O)=O,1,,278.30400000000003,-2.3393999999999986,127.20000000000002,2,8,7,0,0,1.0,16
CHEMBL1859881,Cc1ccc(-c2nc(Cn3cc(C)nc3C)co2)cc1,0,c1ccc(-c2nc(Cn3ccnc3)co2)cc1,267.332,3.5116600000000027,43.85,0,3,3,3,3,0.25,20
CHEMBL1683544,C=C1C[C@@H]2CC[C@@]34C[C@H]5O[C@H]6[C@@H](O3)[C@H]3O[C@H](CC[C@@H]3O[C@H]6[C@H]5O4)CC(=O)C[C@@H]3[C@@H](OC)[C@@H](C[C@H](O)CN)O[C@H]3C[C@H]3O[C@@H](CC[C@@H]1O2)C[C@@H](C)C3=C,1,C=C1CC2CCC34CC5OC6C(OC7CCC(CC(=O)CC8CCOC8CC8OC(CCC8=C)CCC1O2)OC7C6O3)C5O4,729.9079999999999,3.438000000000005,146.39,2,12,4,10,0,0.875,52
CHEMBL1473472,COc1ccc(CNc2ccnc(-c3cccc(NS(C)(=O)=O)c3)n2)c(OC)c1,0,c1ccc(CNc2ccnc(-c3ccccc3)n2)cc1,414.4870000000002,3.144400000000001,102.44,2,7,8,3,3,0.2,29
CHEMBL3137318,Cn1ncnc1[C@H]1c2n[nH]c(=O)c3cc(F)cc(c23)N[C@@H]1c1ccc(F)cc1,1,O=c1[nH]nc2c3c(cccc13)NC(c1ccccc1)C2c1ncn[nH]1,380.35800000000006,2.6285000000000007,88.49000000000001,2,5,2,5,4,0.15789473684210525,28
CHEMBL344159,Cc1ccccc1C(=O)Nc1ccc(C(=O)N2CCCC(O)c3cc(Cl)ccc32)c(C)c1,1,O=C(Nc1ccc(C(=O)N2CCCCc3ccccc32)cc1)c1ccccc1,448.9500000000001,5.683140000000005,69.64,2,3,3,4,3,0.23076923076923078,32
CHEMBL4594379,N[C@@H](Cc1ccc(OP(=O)(O)O)c(O)c1)C(=O)O,1,c1ccccc1,277.169,-0.1819,150.31,5,5,5,1,1,0.2222222222222222,18
CHEMBL2364617,CC(C)(N)C(=O)N[C@H](Cc1c[nH]c2ccccc12)C(=O)N[C@H](Cc1c[nH]c2ccccc12)NC=O,1,O=C(CCc1c[nH]c2ccccc12)NCCc1c[nH]c2ccccc12,474.56500000000017,1.8447999999999996,144.89999999999998,6,4,10,4,4,0.2692307692307692,35
CHEMBL231827,C[C@@H]1N=C(c2ccccc2)c2ccccc2N(Cc2ccc(OP(=O)(O)OCc3ccccc3)cc2)C1=O,0,O=C1CN=C(c2ccccc2)c2ccccc2N1Cc1ccc(O[PH](=O)OCc2ccccc2)cc1,526.5290000000002,6.155300000000006,88.43,1,5,8,5,4,0.13333333333333333,38
CHEMBL929,CC(C)Nc1cccnc1N1CCN(C(=O)c2cc3cc(NS(C)(=O)=O)ccc3[nH]2)CC1,1,O=C(c1cc2ccccc2[nH]1)N1CCN(c2ccccn2)CC1,456.5720000000002,2.7171000000000003,110.43,3,6,6,4,3,0.36363636363636365,32
CHEMBL1208422,O=C(O)c1c(Cl)c(Cl)c(Cl)c(Cl)c1-c1c2cc(I)c(=O)c(I)c-2oc2c(I)c(O)c(I)cc12,1,O=c1ccc2c(-c3ccccc3)c3ccccc3oc-2c1,973.6750000000001,9.000599999999999,87.74,2,4,2,4,2,0.0,33
CHEMBL1648,COC(=O)C1=C(C)NC(C)=C(C(=O)OC(C)C)C1c1cccc2nonc12,1,C1=CC(c2cccc3nonc23)C=CN1,371.3930000000001,2.5822000000000003,103.55,1,8,4,3,2,0.3684210526315789,27
CHEMBL4297378,CC1=C[C@@H]2CN(C(=O)N2OS(=O)(=O)O)[C@@H]1C(N)=O,1,O=C1NC2C=CCN1C2,277.25800000000004,-1.3591999999999989,130.24,2,5,3,2,0,0.5,18
CHEMBL1628385,CC1(C)S[C@@H]2[C@H](NC(=O)Cc3ccccc3)C(=O)N2[C@H]1C(=O)O,1,O=C(Cc1ccccc1)NC1C(=O)N2CCSC12,334.39700000000005,0.8607999999999998,86.71000000000001,2,4,4,3,1,0.4375,23
CHEMBL596671,CSc1c(C(=O)NC23CC4CC(CC(C4)C2)C3)nc(C)n1-c1ccccc1,0,O=C(NC12CC3CC(CC(C3)C1)C2)c1cn(-c2ccccc2)cn1,381.545,4.601220000000004,46.92,1,3,4,6,2,0.5454545454545454,27
CHEMBL4211258,COc1cccc(NC(=O)[C@@H](Cc2ccccc2)NC(=O)[C@]2(C)CCC[C@]3(C)c4cc(S(=O)(=O)N[C@H](Cc5ccccc5)C(=O)Nc5cccc(OC)c5)c(C(C)C)cc4CC[C@@H]23)c1,0,O=C(Nc1ccccc1)C(Cc1ccccc1)NC(=O)C1CCCC2c3cc(S(=O)(=O)NC(Cc4ccccc4)C(=O)Nc4ccccc4)ccc3CCC12,885.14,8.732000000000005,151.92999999999998,4,7,16,7,5,0.36538461538461536,64
CHEMBL779,CN1CC(=O)N2[C@H](c3ccc4c(c3)OCO4)c3[nH]c4ccccc4c3C[C@@H]2C1=O,1,O=C1NCC(=O)N2C1Cc1c([nH]c3ccccc13)C2c1ccc2c(c1)OCO2,389.4110000000002,2.2112999999999996,74.87,1,4,1,6,3,0.2727272727272727,29
CHEMBL2145235,CCOC(=O)[C@]12CCC=C1N(Cc1cccc3ccccc13)C(=O)[C@H](CC(=O)NCc1cccc(C(F)(F)F)c1)C2,0,O=C(CC1CC2CCC=C2N(Cc2cccc3ccccc23)C1=O)NCc1ccccc1,564.6040000000003,6.140800000000006,75.71,1,4,8,5,3,0.34375,41
CHEMBL1201265,C[C@H]1C[C@@H]2[C@H]([C@@H](O)C[C@@]3(C)[C@H]2CC[C@]3(O)C(=O)COC(=O)CCC(=O)O)[C@@]2(C)C=CC(=O)C=C12,1,O=C1C=CC2C(=C1)CCC1C3CCCC3CCC21,474.5500000000003,2.2193000000000005,138.20000000000002,3,7,6,4,0,0.6923076923076923,34
CHEMBL2023895,N=C(N)c1ccc(/C=C/c2ccc(C(=N)N)cc2O)cc1,1,C(=Cc1ccccc1)c1ccccc1,280.33099999999996,2.1307400000000003,119.97,5,3,4,2,2,0.0,21
CHEMBL3350284,CCOC(=O)c1cc([C@@H]2NC[C@@H](O)[C@H]2O)oc1C,0,c1coc(C2CCCN2)c1,255.26999999999998,0.13081999999999966,91.93,3,6,3,2,1,0.5833333333333334,18
CHEMBL1197925,CC(C)Cn1c2c(c(=N)c3c1CCC3)CCCC2,0,N=c1c2c([nH]c3c1CCC3)CCCC2,244.3819999999999,2.9910700000000014,28.78,1,1,2,3,1,0.6875,18
CHEMBL846,C=C1/C(=C\C=C2/CCC[C@]3(C)[C@@H]([C@H](C)CCCC(C)(C)O)CC[C@@H]23)C[C@@H](O)C[C@@H]1O,1,C=C1CCCCC1=CC=C1CCCC2CCCC12,416.6460000000002,5.704700000000008,60.69,3,3,6,3,0,0.7777777777777778,30
CHEMBL1413059,CC(C)(C)OC(=O)NCCCC[C@H](NC(=O)c1[nH]cnc1C(=O)N1CCN(C(=O)OC(C)(C)C)CC1)C(=O)OC(C)(C)C,0,O=C(c1c[nH]cn1)N1CCNCC1,608.7370000000003,3.237700000000003,172.25999999999996,3,9,9,2,1,0.7241379310344828,43
CHEMBL986,CC1=C(/C=C/C(C)=C/C=C/C(C)=C/CO)C(C)(C)CCC1,1,C1=CCCCC1,286.45900000000006,5.510300000000006,20.23,1,1,5,1,0,0.5,21
CHEMBL131751,CCOC(=O)c1cn(Cc2ccccc2OC)c2sc(-c3ccc(OC)cc3)c(CNC)c2c1=O,0,O=c1ccn(Cc2ccccc2)c2sc(-c3ccccc3)cc12,492.59700000000026,4.691600000000004,78.78999999999999,1,7,9,4,4,0.25925925925925924,35
CHEMBL1200469,CN(C)CCCN1c2ccccc2Sc2ccccc21,1,c1ccc2c(c1)Nc1ccccc1S2,284.42800000000005,4.241000000000003,6.48,0,3,4,3,2,0.29411764705882354,20
CHEMBL1545675,COc1ccc(-c2csc(N(Cc3ccco3)C(=O)c3cccs3)n2)cc1,0,O=C(c1cccs1)N(Cc1ccco1)c1nc(-c2ccccc2)cs1,396.49300000000005,5.320200000000003,55.57,0,6,6,4,4,0.1,27
CHEMBL452375,CCCCCCCCC[C@H]1OC(=O)C(=C(C)C)[C@@H]1C(=O)O,0,C=C1CCOC1=O,296.40700000000004,4.089700000000002,63.60000000000001,1,3,9,1,0,0.7647058823529411,21
CHEMBL2321952,O=C1Nc2ccccc2/C1=C1/Nc2ccc(C(=O)O)cc2/C1=N\O,0,N=C1C(=C2C(=O)Nc3ccccc32)Nc2ccccc21,321.29200000000003,2.3519999999999994,111.02000000000001,4,5,1,4,2,0.0,24
CHEMBL3198408,COc1cc(/C=N/NC2=NC(=O)C(Cc3ccccc3)S2)ccc1O,0,O=C1N=C(NN=Cc2ccccc2)SC1Cc1ccccc1,355.41900000000004,2.565000000000001,83.28,2,6,5,3,2,0.16666666666666666,25
CHEMBL393220,CC(C)c1c(C(=O)Nc2ccccc2)c(-c2ccccc2)c(-c2ccc(F)cc2)n1CC[C@@H](O)C[C@@H](O)CC(=O)O,1,O=C(Nc1ccccc1)c1c[nH]c(-c2ccccc2)c1-c1ccccc1,558.6500000000003,6.313600000000008,111.79,4,4,12,4,4,0.2727272727272727,41
CHEMBL3104076,N#Cc1cccc(-c2nnc(-c3cccnc3)[nH]2)c1,0,c1ccc(-c2nnc(-c3cccnc3)[nH]2)cc1,247.26100000000002,2.405379999999999,78.25,1,4,2,3,3,0.0,19
CHEMBL3443365,O=c1c2cnc(N3CCCC3)nc2ccn1-c1cccc(C(F)(F)F)c1,0,O=c1c2cnc(N3CCCC3)nc2ccn1-c1ccccc1,360.339,3.399700000000002,51.02,0,4,2,4,3,0.2777777777777778,26
CHEMBL2219416,C=CCN1CC[C@]23c4c5ccc(O)c4O[C@H]2[C@@H](OCCOCCOCCOCCOCCOCCOCCOC)CC[C@@]3(O)[C@H]1C5,1,c1cc2c3c(c1)OC1CCCC4C(C2)NCCC314,651.7940000000003,1.8635000000000028,126.77000000000004,2,12,24,5,1,0.7647058823529411,46
CHEMBL396181,Cc1ccc2c(c1)NC(=O)CC(c1cccc(C(F)(F)F)c1)=N2,0,O=C1CC(c2ccccc2)=Nc2ccccc2N1,318.298,4.476820000000003,41.46,1,2,1,3,2,0.17647058823529413,23
CHEMBL1186205,C=C[C@]1(C)C[C@@H](OC(=O)CN2CCN(C(=O)CCn3cnc4c(N5CCC(N)C5)ncnc43)[C@H](C)C2)[C@]2(C)[C@H](C)CC[C@]3(CCC(=O)[C@@H]32)[C@@H](C)[C@@H]1O,0,O=C(CN1CCN(C(=O)CCn2cnc3c(N4CCCC4)ncnc32)CC1)OC1CCCCC23CCCC1C2C(=O)CC3,718.944,3.1930000000000054,160.01,2,11,8,7,2,0.7435897435897436,52
CHEMBL4108807,COC(=O)[C@H](NC(=O)Nc1cc2[nH]nc(OC)c2c(CO)n1)c1ccccn1,0,O=C(NCc1ccccn1)Nc1cc2[nH]ncc2cn1,386.3680000000001,0.8895999999999997,151.35000000000002,4,8,6,3,3,0.23529411764705882,28
CHEMBL1556478,Cc1ccc(-n2cc(CNCCN3CCOC3=O)c(-c3cccc(C)c3)n2)cc1,0,O=C1OCCN1CCNCc1cn(-c2ccccc2)nc1-c1ccccc1,390.4870000000001,3.6979400000000027,59.39,1,4,7,4,3,0.30434782608695654,29
CHEMBL706,CCCCCCCCCCCCCCCCO,1,,242.44699999999992,5.460000000000006,20.23,1,1,14,0,0,1.0,17
CHEMBL1257015,COc1ccc(C(=O)NCc2cccnc2)cc1C(=O)NCc1cccnc1,1,O=C(NCc1cccnc1)c1cccc(C(=O)NCc2cccnc2)c1,376.4160000000001,2.3452,93.21,2,5,7,3,3,0.14285714285714285,28
CHEMBL3716057,COc1cc(C(C)C)c(Oc2cnc(N)nc2N)cc1S(N)(=O)=O,1,c1ccc(Oc2cncnc2)cc1,353.40400000000005,1.2127,156.44,3,8,5,2,2,0.2857142857142857,24
CHEMBL1255739,CN(C)CCN(Cc1cccs1)c1ccccn1,1,c1ccc(NCc2cccs2)nc1,261.394,2.7113000000000005,19.37,0,4,6,2,2,0.35714285714285715,18
CHEMBL1180934,Cc1ccc(N(C)C(=O)CCCCC(C)NCC(O)c2ccc(O)c(O)c2)cc1,0,O=C(CCCCCNCCc1ccccc1)Nc1ccccc1,400.51900000000006,3.6411200000000035,93.03000000000002,4,5,10,2,2,0.43478260869565216,29
CHEMBL1200932,C[C@H](O)C(=O)Nc1c(I)c(C(=O)NC(CO)CO)c(I)c(C(=O)NC(CO)CO)c1I,1,c1ccccc1,777.0880000000001,-1.0143000000000004,188.45,8,8,10,1,1,0.47058823529411764,31
CHEMBL242656,OCCNc1nc(N2CCCCC2)c2nc(NCCO)nc(N3CCCCC3)c2n1,0,c1nc(N2CCCCC2)c2ncnc(N3CCCCC3)c2n1,416.53000000000026,1.2088000000000003,122.56,4,10,8,4,2,0.7,30
CHEMBL1578,CCCC(CCC)C(=O)O[C@H]1C[C@H]2CC[C@@H](C1)[N+]2(C)C,1,C1CC2CCC(C1)[NH2+]2,282.448,3.5158000000000023,26.3,0,2,6,2,0,0.9411764705882353,20
CHEMBL1426839,O=C(COc1ccc(S(=O)(=O)N2CCCC2)cc1)NCc1ccco1,0,O=C(COc1ccc(S(=O)(=O)N2CCCC2)cc1)NCc1ccco1,364.423,1.7593,88.85000000000001,1,5,7,3,2,0.35294117647058826,25
CHEMBL2133918,C[C@H](O)CNC(=O)c1[nH]cnc1C(=O)Nc1ccc(CNC(=O)OC(C)(C)C)cc1,0,O=C(Nc1ccccc1)c1c[nH]cn1,417.46600000000024,1.7972999999999995,145.44,5,6,7,2,2,0.4,30
CHEMBL2152372,CN1C[C@@H](c2ccccc2)OC(=O)CC/C=C/C[C@@H](Cc2ccc(Cl)cc2)C1=O,0,O=C1CCC=CCC(Cc2ccccc2)C(=O)NCC(c2ccccc2)O1,411.92900000000014,4.981700000000005,46.61,0,3,3,3,2,0.3333333333333333,29
CHEMBL114346,COc1ccc(NC(=O)/C(C#N)=C(\O)c2ccc(C(F)(F)F)cc2)cc1,0,O=C(C=Cc1ccccc1)Nc1ccccc1,362.307,4.145380000000002,82.35,2,4,4,2,2,0.1111111111111111,26
CHEMBL1200454,CC(C)[C@H](N)C(=O)OCC(CO)OCn1cnc2c(=O)nc(N)[nH]c21,1,O=c1nc[nH]c2[nH]cnc12,354.3670000000001,-1.4366999999999974,171.37,4,9,8,2,2,0.5714285714285714,25
CHEMBL32685,CC(C)C[C@H](NC(=O)[C@H](CCc1ccccc1)N[C@H](CCNC(=O)Cc1ccccc1)C(=O)O)C(=O)Nc1ccccc1,0,O=C(Cc1ccccc1)NCCCNC(CCc1ccccc1)C(=O)NCC(=O)Nc1ccccc1,586.7330000000003,3.949200000000002,136.63000000000002,5,5,17,3,3,0.35294117647058826,43
CHEMBL3039596,CCC(=O)O[C@@H](O[P@](=O)(CCCCc1ccccc1)CC(=O)N1C[C@H](C2CCCCC2)C[C@H]1C(=O)O)C(C)C,1,O=C(C[PH](=O)CCCCc1ccccc1)N1CCC(C2CCCCC2)C1,563.6720000000004,6.121300000000007,110.21,1,6,14,3,1,0.7,39
CHEMBL1200993,CC[N+](CC)(CC)CCOc1cccc(OCC[N+](CC)(CC)CC)c1OCC[N+](CC)(CC)CC,1,c1ccccc1,510.8280000000005,5.452500000000005,27.69,0,3,21,1,1,0.8,36
CHEMBL850,C[C@@H]1CN(c2c(F)c(N)c3c(=O)c(C(=O)O)cn(C4CC4)c3c2F)C[C@H](C)N1,1,O=c1ccn(C2CC2)c2cc(N3CCNCC3)ccc12,392.4060000000002,2.0816,100.59,3,5,3,4,2,0.47368421052631576,28
CHEMBL3286703,Cc1[nH]c2ccccc2c1CCNC(=O)c1ccc(N2CCCCC2)cc1,0,O=C(NCCc1c[nH]c2ccccc12)c1ccc(N2CCCCC2)cc1,361.48900000000015,4.4391200000000035,48.13,2,2,5,4,3,0.34782608695652173,27
CHEMBL1435587,COc1ccc(CNC(=O)c2cc3c(=O)n4cccc(C)c4nc3s2)cc1,0,O=C(NCc1ccccc1)c1cc2c(=O)n3ccccc3nc2s1,379.4410000000001,3.156220000000002,72.7,1,5,4,4,4,0.15,27
CHEMBL393180,COC(=O)[C@@H]1Cc2cc(OC)c(OC)cc2[C@H]([C@H]2Cc3ccccc3CN2C(=O)OC(C)(C)C)N1C,0,c1ccc2c(c1)CNC(C1NCCc3ccccc31)C2,496.6040000000003,4.136400000000004,77.54,0,7,4,4,2,0.5,36
CHEMBL1200982,CCC(C)C1(CC)C(=O)NC(=O)NC1=O,1,O=C1CC(=O)NC(=O)N1,212.249,0.7948999999999999,75.27000000000001,2,3,3,1,0,0.7,15
CHEMBL650,C[C@H]1C[C@@H]2[C@H]([C@@H](O)C[C@@]3(C)[C@H]2CC[C@]3(O)C(=O)CO)[C@@]2(C)C=CC(=O)C=C12,1,O=C1C=CC2C(=C1)CCC1C3CCCC3CCC21,374.4770000000001,1.8036,94.83000000000001,3,5,2,4,0,0.7272727272727273,27
CHEMBL3943717,Cc1ccc(Cn2c(=O)n(C[C@H](C)C(=O)O)c(=O)[nH]/c2=N\c2ccc(OC(C)C)c(Cl)c2)cc1,0,O=c1[nH]c(=O)n(Cc2ccccc2)c(=Nc2ccccc2)[nH]1,486.95600000000013,3.0885200000000017,118.68,2,5,8,3,3,0.3333333333333333,34
CHEMBL1201087,C=CCN1C[C@H](C(=O)N(CCCN(C)C)C(=O)NCC)C[C@@H]2c3cccc4[nH]cc(c34)C[C@H]21,1,c1cc2c3c(c[nH]c3c1)CC1NCCCC21,451.61500000000024,3.193900000000001,71.68,2,4,8,4,2,0.5384615384615384,33
CHEMBL1201020,CC(C)N(CCC(C(N)=O)(c1ccccc1)c1ccccn1)C(C)C,1,c1ccc(Cc2ccccn2)cc1,339.4830000000001,3.361900000000002,59.22,1,3,8,2,2,0.42857142857142855,25
CHEMBL515408,CC(C)Nc1nc2cc(Cl)c(Cl)cc2n1[C@H]1O[C@@H](CO)[C@H](O)[C@@H]1O,1,c1ccc2c(c1)ncn2C1CCCO1,376.24000000000007,1.7748999999999993,99.77000000000001,4,6,4,3,2,0.5333333333333333,24
CHEMBL1200806,COc1ccc2cc([C@H](C)C(=O)O)ccc2c1,1,c1ccc2ccccc2c1,230.26299999999998,3.036500000000001,46.53,1,2,3,2,2,0.21428571428571427,17
CHEMBL1200395,Cc1ccccc1C(OCCN(C)C)c1ccccc1,1,c1ccc(Cc2ccccc2)cc1,269.388,3.662620000000003,12.47,0,2,6,2,2,0.3333333333333333,20
CHEMBL345524,O=C(OCCN1CCN(c2cccc(C(F)(F)F)c2)CC1)c1ccccc1Nc1ccnc2cc(C(F)(F)F)ccc12,1,O=C(OCCN1CCN(c2ccccc2)CC1)c1ccccc1Nc1ccnc2ccccc12,588.5520000000004,6.9950000000000045,57.7,1,6,7,5,4,0.26666666666666666,42
CHEMBL1568698,CC(=O)[C@H]1CC[C@H]2[C@@H]3CC[C@H]4C[C@](C)(O)CC[C@]4(C)[C@H]3CC[C@]12C,1,C1CCC2C(C1)CCC1C3CCCC3CCC21,332.5280000000001,4.985300000000005,37.3,1,2,1,4,0,0.9545454545454546,24
CHEMBL1186991,O=C(Cc1cccc2occc12)Nc1cc[n+](CCCc2ccccc2)c(Br)c1,0,O=C(Cc1cccc2occc12)Nc1cc[n+](CCCc2ccccc2)cc1,450.3560000000001,5.296800000000004,46.120000000000005,1,2,7,4,4,0.16666666666666666,29
CHEMBL1344792,O=C(CN=C(S)N(Cc1ccc(F)cc1)C1CCCCC1)NC1CC1,0,O=C(CN=CN(Cc1ccccc1)C1CCCCC1)NC1CC1,363.50200000000024,3.5248000000000017,44.7,2,2,6,3,1,0.5789473684210527,25
CHEMBL3301622,CCc1nc(C(N)=O)c(Nc2ccc(N3CCC(N4CCN(C)CC4)CC3)c(OC)c2)nc1NC1CCOCC1,1,c1cc(N2CCC(N3CCNCC3)CC2)ccc1Nc1cncc(NC2CCOCC2)n1,552.7240000000003,2.6972000000000014,121.10999999999999,3,10,9,5,2,0.6206896551724138,40
CHEMBL2393393,C[C@H]1[C@@H](CC(COP(=O)(O)Oc2ccccc2)C[C@H]2O[C@@H]3O[C@@]4(C)CC[C@H]5[C@H](C)CC[C@@H]([C@H]2C)[C@@]35OO4)O[C@@H]2O[C@@]3(C)CC[C@H]4[C@H](C)CC[C@@H]1[C@@]24OO3,0,O=[PH](OCC(CC1CC2CCCC3CCC4OOC32C(O1)O4)CC1CC2CCCC3CCC4OOC32C(O1)O4)Oc1ccccc1,762.8740000000001,8.079800000000008,129.60000000000002,1,11,9,11,1,0.85,53
CHEMBL908,CN(C)CC/C=C1/c2ccccc2Sc2ccc(Cl)cc21,1,C=C1c2ccccc2Sc2ccccc21,315.869,5.188000000000004,3.24,0,2,3,3,2,0.2222222222222222,21
CHEMBL3703897,CCc1ccc(Cc2cc([C@@H]3O[C@H](CO)[C@@H](O)[C@H](O)[C@H]3O)c3c(c2Cl)CC(C)S3)cc1,0,c1ccc(Cc2cc3c(c(C4CCCCO4)c2)SCC3)cc1,465.01100000000014,3.0448000000000013,90.15,4,6,5,4,2,0.5,31
CHEMBL148968,COc1ccc(NS(=O)(=O)c2ccc(/C=C/C(=O)Nc3ccccc3N)cc2)cc1OC,0,O=C(C=Cc1ccc(S(=O)(=O)Nc2ccccc2)cc1)Nc1ccccc1,453.52000000000015,3.7387000000000015,119.75,3,6,8,3,3,0.08695652173913043,32
CHEMBL42,CN1CCN(C2=Nc3cc(Cl)ccc3Nc3ccccc32)CC1,1,c1ccc2c(c1)N=C(N1CCNCC1)c1ccccc1N2,326.83100000000013,3.7227000000000023,30.869999999999997,1,4,0,4,2,0.2777777777777778,23
CHEMBL305660,CC(C)(C)c1ccc(C(=O)CCCN2CCC(OC(c3ccccc3)c3ccccc3)CC2)cc1,1,O=C(CCCN1CCC(OC(c2ccccc2)c2ccccc2)CC1)c1ccccc1,469.6690000000001,7.217600000000008,29.540000000000003,0,3,9,4,3,0.40625,35
CHEMBL3728669,CC1(F)CCN(c2nc(-c3cnc(N)c(F)c3)cc(N3C[C@@H]4C[C@H]3CO4)n2)C1,0,c1cncc(-c2cc(N3CC4CC3CO4)nc(N3CCCC3)n2)c1,388.42200000000025,2.1757,80.4,1,7,3,5,2,0.5263157894736842,28
CHEMBL3746996,COCCn1cc(C(=O)C(=O)Nc2ccc(OC)nc2)c2cccnc21,0,O=C(Nc1cccnc1)C(=O)c1c[nH]c2ncccc12,354.36600000000004,1.9076999999999997,95.34,1,6,7,3,3,0.2222222222222222,26
CHEMBL364933,COc1ccc([N+](=O)[O-])cc1CSc1nc2cc(NC(=O)NC(C)(C)C)ccc2n1Cc1cccnc1,0,c1ccc(CSc2nc3ccccc3n2Cc2cccnc2)cc1,520.6150000000002,5.608700000000004,124.21000000000002,2,7,8,4,4,0.2692307692307692,37
CHEMBL3604556,C[n+]1cn([C@@H]2O[C@H](COP(=O)(O)OP(=O)(O)OP(=O)(O)OC[C@H]3O[C@@H](n4c[n+](C)c5c([O-])nc(N)nc54)[C@H](O)[C@@H]3O)[C@@H](O)[C@H]2O)c2nc(N)nc([O-])c21,0,O=[PH](OCC1CCC(n2c[nH+]c3cncnc32)O1)O[PH](=O)O[PH](=O)OCC1CCC(n2c[nH+]c3cncnc32)O1,816.4639999999998,-5.557199999999995,415.54,9,21,12,6,4,0.5454545454545454,53
CHEMBL1872054,CCOC(=O)C[C@H]1c2ccccc2S(=O)(=O)N1Cc1cccc(C(F)(F)F)c1,0,O=S1(=O)c2ccccc2CN1Cc1ccccc1,413.4170000000001,3.904200000000003,63.68000000000001,0,4,5,3,2,0.3157894736842105,28
CHEMBL3272829,CCCCCCCCC(=O)O[C@H]1[C@@H]2Oc3nc(=N)ccn3[C@@H]2O[C@@H]1CO,0,N=c1ccn2c(n1)OC1CCOC12,365.4300000000001,1.6756699999999995,106.66000000000003,2,7,9,3,1,0.7222222222222222,26
CHEMBL184,Nc1nc2c(ncn2COCCO)c(=O)[nH]1,1,O=c1[nH]cnc2[nH]cnc12,225.20799999999997,-1.3318000000000003,119.04999999999998,3,6,4,2,2,0.375,16
CHEMBL1511,CCCCC(=O)O[C@H]1CC[C@H]2[C@@H]3CCc4cc(O)ccc4[C@H]3CC[C@]12C,1,c1ccc2c(c1)CCC1C2CCC2CCCC21,356.5060000000001,5.350300000000006,46.53,1,3,4,4,1,0.6956521739130435,26
CHEMBL143953,NCc1ccc2c(c1)CNCC2,0,c1ccc2c(c1)CCNC2,162.23599999999996,0.7909999999999997,38.05,2,2,1,2,1,0.4,12
CHEMBL1286,CC[C@@H](C(N)=O)N1CCCC1=O,1,O=C1CCCN1,170.212,-0.12729999999999997,63.400000000000006,1,2,3,1,0,0.75,12
CHEMBL21869,O=C(Nc1ccc(Br)cc1)c1cc(Br)ccc1O,1,O=C(Nc1ccccc1)c1ccccc1,371.028,4.169500000000001,49.33,2,2,2,2,2,0.0,18
CHEMBL5314365,CC[C@@]1([C@H]2O[C@H]([C@H]3O[C@@](O)(CO)[C@H](C)C[C@@H]3C)C[C@H]2C)CC[C@H]([C@@]2(C)CC[C@]3(C[C@H](O)[C@@H](C)[C@@H]([C@H](C)[C@H](OC)[C@@H](C)C(=O)O)O3)O2)O1,1,C1CCC(C2CCC(C3CCC(C4CCC5(CCCCO5)O4)O3)O2)OC1,670.8810000000005,4.272900000000003,153.37,4,10,10,5,0,0.9722222222222222,47
CHEMBL288628,Nc1ccc2nc(-c3ccccc3)cc(Nc3ccc(F)c(F)c3)c2c1,0,c1ccc(Nc2cc(-c3ccccc3)nc3ccccc23)cc1,347.3680000000001,5.5058000000000025,50.94,2,3,3,4,4,0.0,26
CHEMBL91397,Cc1cncc(CN2CCC(=C3c4ccc(Cl)cc4CCc4cccnc43)CC2)c1,1,c1cncc(CN2CCC(=C3c4ccccc4CCc4cccnc43)CC2)c1,415.96800000000025,5.6349200000000055,29.020000000000003,0,3,2,5,3,0.3076923076923077,30
CHEMBL588749,Cc1cc(Nc2ccc(Br)c(C)c2)n2nc(C)nc2n1,0,c1ccc(Nc2ccnc3ncnn23)cc1,332.20500000000004,3.5556600000000023,55.11,1,4,2,3,3,0.21428571428571427,20
CHEMBL1200820,CCN1CCN(C(=O)N[C@@H](C(=O)N[C@@H]2C(=O)N3[C@@H]2SC(C)(C)[C@@H]3C(=O)O)c2ccccc2)C(=O)C1=O,1,O=C1NCCN(C(=O)NC(C(=O)NC2C(=O)N3CCSC23)c2ccccc2)C1=O,517.5640000000003,-0.24029999999999685,156.43,3,7,6,4,1,0.4782608695652174,36
CHEMBL1906525,Cc1onc(-c2c(Cl)cccc2Cl)c1C(=O)Nc1ccc(C(N)=O)cc1,0,O=C(Nc1ccccc1)c1conc1-c1ccccc1,390.2260000000001,4.308020000000002,98.22,2,4,4,3,3,0.05555555555555555,26
CHEMBL2095212,Nc1nc(CC(=O)Nc2ccc(CCNC[C@H](O)c3ccccc3)cc2)cs1,1,O=C(Cc1cscn1)Nc1ccc(CCNCCc2ccccc2)cc1,396.516,2.7722000000000007,100.27,4,6,9,3,3,0.23809523809523808,28
CHEMBL3498072,COc1ccc(C(C)NCc2c[nH]nc2C)cc1OC,0,c1ccc(CNCc2cn[nH]c2)cc1,275.35200000000003,2.58612,59.17,2,4,6,2,2,0.4,20
CHEMBL1343428,C[C@H]1CC[C@@]2(O[C@H](CCO)C[C@@H](O)[C@@H]2O)O1,0,C1CCC2(CCCO2)OC1,232.276,-0.2252999999999999,79.15,3,5,2,2,0,1.0,16
CHEMBL2,COc1cc2nc(N3CCN(C(=O)c4ccco4)CC3)nc(N)c2cc1OC,1,O=C(c1ccco1)N1CCN(c2ncc3ccccc3n2)CC1,383.40800000000024,1.7845999999999997,106.95,1,8,4,4,3,0.3157894736842105,28
CHEMBL72659,O=C(NC(C(=O)NCC1CCN(C2CCCC2)CC1)c1cnc2ccccc2c1)c1ccc2c(Cl)c[nH]c2c1,0,O=C(NC(C(=O)NCC1CCN(C2CCCC2)CC1)c1cnc2ccccc2c1)c1ccc2cc[nH]c2c1,544.0990000000002,5.611400000000005,90.12,3,4,7,6,4,0.3870967741935484,39
CHEMBL3236088,C=CCOc1ccccc1/C=C/C(=O)Nc1cc(OC)c(OC)c(OC)c1,0,O=C(C=Cc1ccccc1)Nc1ccccc1,369.41700000000014,3.9291000000000027,66.02000000000001,1,5,9,2,2,0.19047619047619047,27
CHEMBL3679414,O=C1c2cccc3c2c(cn3Cc2ccccc2)CCN1[C@@H]1CN2CCC1CC2,0,O=C1c2cccc3c2c(cn3Cc2ccccc2)CCN1C1CN2CCC1CC2,385.51100000000025,3.7821000000000025,28.480000000000004,0,2,3,7,3,0.4,29
CHEMBL603,COc1cc(C(=O)NS(=O)(=O)c2ccccc2C)ccc1Cc1cn(C)c2ccc(NC(=O)OC3CCCC3)cc12,1,O=C(Nc1ccc2[nH]cc(Cc3ccc(C(=O)NS(=O)(=O)c4ccccc4)cc3)c2c1)OC1CCCC1,575.6870000000001,5.695920000000005,115.73,2,6,8,5,4,0.2903225806451613,41
CHEMBL431688,CCCCCc1noc(C2=C(c3ccccc3)CCN(CC)C2)n1,0,c1ccc(C2=C(c3ncno3)CNCC2)cc1,325.4560000000001,4.438700000000003,42.160000000000004,0,4,7,3,2,0.5,24
CHEMBL3402991,CC(C)[C@@H](C(=O)N1CCN(C(=O)[C@H](C(C)C)N2C(=O)c3ccccc3C2=O)CC1)N1C(=O)c2ccccc2C1=O,0,O=C(CN1C(=O)c2ccccc2C1=O)N1CCN(C(=O)CN2C(=O)c3ccccc3C2=O)CC1,544.6080000000003,2.2988,115.38,0,6,6,5,2,0.4,40
CHEMBL1631694,CSc1ccc(OCc2ncc([N+](=O)[O-])n2C)cc1,1,c1ccc(OCc2ncc[nH]2)cc1,279.32099999999997,2.629200000000001,70.19,0,5,5,2,2,0.25,19
CHEMBL447215,CC(=O)O[C@H]1CC[C@@]2(C)[C@@H](CC[C@@]3(C)C4=CC[C@@]5(C(=O)O)CCC(C)(C)C[C@H]5[C@@H]4C[C@@H](O)[C@H]23)[C@]1(C)CO,0,C1=C2C(CCC3C2CCC2CCCCC23)C2CCCCC2C1,516.7190000000004,5.357500000000007,104.06000000000002,3,5,3,5,0,0.8709677419354839,37
CHEMBL2079587,C[C@]12Cc3c[nH]nc3C[C@@H]1CC[C@@H]1[C@@H]2CC[C@@]2(C)[C@H]1CC[C@]2(C)O,1,c1[nH]nc2c1CC1C(CCC3C4CCCC4CCC13)C2,328.5000000000001,4.1181000000000045,48.91,2,2,0,5,1,0.8571428571428571,24
CHEMBL115095,CCOC(=O)C1(c2ccccc2)N=C(CC)N(C)Cc2ccccc21,0,C1=NC(c2ccccc2)c2ccccc2CN1,336.43500000000006,3.747200000000003,41.9,0,4,4,3,2,0.3333333333333333,25
CHEMBL2070314,O=C(N1CCC(c2c[nH]c3ncccc23)C1)C1(Oc2ccc(F)cc2)CC1,0,O=C(N1CCC(c2c[nH]c3ncccc23)C1)C1(Oc2ccccc2)CC1,365.4080000000001,3.629500000000003,58.22,1,3,4,5,3,0.3333333333333333,27
CHEMBL2348780,C[C@@H]1C[C@H]2[C@@H]3CCC4=CC(=O)C=C[C@]4(C)C3=CC[C@]2(C)[C@@]1(O)C(=O)CO,1,O=C1C=CC2C(=C1)CCC1C2=CCC2CCCC21,356.4620000000001,2.752900000000001,74.6,2,4,2,4,0,0.6363636363636364,26
CHEMBL1900550,COc1ccc(Cl)cc1NC(=O)Nc1c[nH]c(=O)[nH]c1=O,0,O=C(Nc1ccccc1)Nc1c[nH]c(=O)[nH]c1=O,310.69700000000006,1.3691999999999993,116.07999999999998,4,4,3,2,2,0.08333333333333333,21
CHEMBL13280,CN1C(=O)CN=C(c2ccccc2F)c2cc([N+](=O)[O-])ccc21,1,O=C1CN=C(c2ccccc2)c2ccccc2N1,313.28800000000007,2.5477000000000007,75.81,0,4,2,3,2,0.125,23
CHEMBL3945803,N#Cc1nc(Nc2ccc(C(F)(F)F)cc2)nc(NC2CCCCC2)n1,0,c1ccc(Nc2ncnc(NC3CCCCC3)n2)cc1,362.35900000000015,4.250280000000003,86.52,2,6,4,3,2,0.4117647058823529,26
CHEMBL3989509,CC(C)=CCN1CCC2(C)c3cc(O)ccc3CC1C2C,1,c1ccc2c(c1)CC1CC2CCN1,285.43100000000004,3.8826000000000027,23.47,1,2,2,3,1,0.5789473684210527,21
CHEMBL1994075,Cn1c(=O)c([N+](=O)[O-])c(N=[N+]=[N-])c2ccccc21,0,O=c1ccc2ccccc2[nH]1,245.198,2.3885000000000005,113.89999999999999,0,4,2,2,2,0.1,18
CHEMBL3676642,O=C(O)CCCCOc1ccc2c(c1)C(O)(C(F)(F)F)c1ccccc1-2,0,c1ccc2c(c1)Cc1ccccc1-2,366.3350000000001,4.098900000000002,66.76,2,3,6,3,2,0.3157894736842105,26
CHEMBL838,CCOC(=O)[C@H](CCc1ccccc1)N[C@H]1CCc2ccccc2N(CC(=O)O)C1=O,1,O=C1Nc2ccccc2CCC1NCCCc1ccccc1,424.49700000000024,2.5731,95.94,2,5,9,3,2,0.375,31
CHEMBL2272696,CCC1CN(c2cccc(C(F)(F)F)c2)C(=O)C1c1cccc(F)c1,0,O=C1C(c2ccccc2)CCN1c1ccccc1,351.34299999999996,5.001100000000004,20.310000000000002,0,1,3,3,2,0.3157894736842105,25
CHEMBL1201217,CCCCOc1ccc(C(=O)CCN2CCCCC2)cc1,1,O=C(CCN1CCCCC1)c1ccccc1,289.4189999999999,3.9242000000000035,29.54,0,3,8,2,1,0.6111111111111112,21
CHEMBL1256818,COc1ccc2c(c1)[C@]13CCCC[C@@H]1[C@H](C2)N(C)CC3,1,c1ccc2c(c1)CC1NCCC23CCCCC13,271.404,3.3834000000000026,12.47,0,2,1,4,1,0.6666666666666666,20
CHEMBL3668872,Cc1cc(Nc2nccc(-c3cn(C)cn3)n2)cc2cc(C(=O)N3CCc4oncc4C3)[nH]c12,0,O=C(c1cc2cc(Nc3nccc(-c4c[nH]cn4)n3)ccc2[nH]1)N1CCc2oncc2C1,454.4940000000003,3.5969200000000017,117.75999999999999,2,7,4,6,5,0.20833333333333334,34
CHEMBL3183075,CNC(=C[N+](=O)[O-])NCCSCc1csc(CN(C)C)n1,1,c1cscn1,331.4670000000001,1.3224999999999998,83.33,2,8,10,1,1,0.5833333333333334,21
CHEMBL529,CC[C@H]1OC(=O)[C@H](C)[C@@H](O[C@H]2C[C@@](C)(OC)[C@@H](O)[C@H](C)O2)[C@H](C)[C@@H](O[C@@H]2O[C@H](C)C[C@H](N(C)C)[C@H]2O)[C@](C)(O)C[C@@H](C)CN(C)[C@H](C)[C@@H](O)[C@]1(C)O,1,O=C1CC(OC2CCCCO2)CC(OC2CCCCO2)CCCCNCCCCO1,748.9960000000001,1.9007000000000054,180.08,5,14,7,3,0,0.9736842105263158,52
CHEMBL1908307,Cn1cc([S+](C)[O-])c(=O)c2ccc(F)cc21,1,O=c1cc[nH]c2ccccc12,239.271,1.4150000000000003,45.06,0,2,1,2,2,0.18181818181818182,16
CHEMBL3640375,COc1ccc2c(c1)C(=O)N(C[C@@]1(C#Cc3ccc(-n4cnc(CCNC(C)=O)c4)cc3)NC(=O)NC1=O)C2,0,O=C1NC(=O)C(C#Cc2ccc(-n3ccnc3)cc2)(CN2Cc3ccccc3C2=O)N1,526.5530000000001,1.1452,134.66,3,6,7,5,3,0.25,39
CHEMBL971,CCCC(C)C1(CC)C(=O)N=C(O)NC1=O,1,O=C1CC(=O)NC=N1,226.276,1.3894,78.75999999999999,2,2,4,1,0,0.7272727272727273,16
CHEMBL3989844,O=C(O)[C@@H](O)[C@@H](O)[C@H](O)[C@@H](O)C(=O)O,1,,210.138,-3.4008000000000007,155.52,6,6,5,0,0,0.6666666666666666,14
CHEMBL3467795,COc1ncccc1NC(=O)NC(CCCO)c1ccccc1,0,O=C(NCc1ccccc1)Nc1cccnc1,315.373,2.725500000000001,83.48,3,4,7,2,2,0.29411764705882354,23
CHEMBL1200721,C[C@]12CC[C@@H]3c4ccc(OC(=O)N(CCCl)CCCl)cc4CC[C@H]3[C@@H]1CC[C@@H]2OP(=O)(O)O,1,c1ccc2c(c1)CCC1C2CCC2CCCC21,520.3900000000002,5.299000000000007,96.3,2,4,7,4,1,0.6956521739130435,33
CHEMBL1750,Nc1nc(Cl)nc2c1ncn2[C@@H]1O[C@H](CO)[C@@H](O)[C@@H]1F,1,c1ncc2ncn(C3CCCO3)c2n1,303.681,-0.34940000000000027,119.31000000000002,3,7,2,3,2,0.5,20
CHEMBL1568276,CCOc1ccc2ccccc2c1C(=O)N[C@@H]1C(=O)N2[C@@H]1SC(C)(C)[C@@H]2C(=O)O,1,O=C(NC1C(=O)N2CCSC12)c1cccc2ccccc12,414.4830000000001,2.4837999999999996,95.94000000000001,2,5,5,4,2,0.38095238095238093,29
CHEMBL3646221,O=C(O)CNC(=O)c1ncc(-c2cccc(Cl)c2)cc1O,1,c1ccc(-c2cccnc2)cc1,306.70500000000004,1.9219999999999993,99.52000000000001,3,4,4,2,2,0.07142857142857142,21
CHEMBL1507034,Cc1ccc(C(=O)N2CCN3C(=O)c4ccccc4C23c2ccc(Cl)cc2)cc1,0,O=C(c1ccccc1)N1CCN2C(=O)c3ccccc3C12c1ccccc1,402.8810000000001,4.461320000000003,40.620000000000005,0,2,2,5,3,0.16666666666666666,29
CHEMBL2134417,COc1ccccc1NC(=O)C(C)NS(=O)(=O)c1ccc(F)cc1,0,O=C(CNS(=O)(=O)c1ccccc1)Nc1ccccc1,352.38700000000006,2.1398,84.5,2,4,6,2,2,0.1875,24
CHEMBL303633,C=C1/C(=C\C=C2/CCC[C@]3(C)C([C@@H](C)CSc4cccc(C(C)(C)O)c4)CC[C@@H]23)C[C@H](O)C[C@H]1CO,0,C=C1CCCCC1=CC=C1CCCC2C(CCSc3ccccc3)CCC12,510.78400000000033,7.030800000000011,60.69,3,4,7,4,1,0.625,36
CHEMBL1253508,COc1ccc2[nH]c(-c3nc(C)no3)cc2c1,0,c1ccc2[nH]c(-c3ncno3)cc2c1,229.23899999999998,2.5349200000000005,63.94,1,4,2,3,3,0.16666666666666666,17
CHEMBL2364612,O=C(CCC/C=C\C[C@@H]1[C@@H](CC[C@@H](O)CCc2ccccc2)[C@H](O)C[C@@H]1O)OCCCCO[N+](=O)[O-],1,c1ccc(CCCCCC2CCCC2)cc1,507.6240000000003,3.7665000000000024,139.36,3,8,18,2,1,0.6666666666666666,36
CHEMBL1200370,O=C(OOC(=O)c1ccccc1)c1ccccc1,1,O=C(OOC(=O)c1ccccc1)c1ccccc1,242.23000000000002,2.615400000000001,52.6,0,4,2,2,2,0.0,18
CHEMBL528677,CN(C)CCOc1cc(NC(=O)Nc2ccc(-c3ccccc3)cc2Cl)ccc1I,0,O=C(Nc1ccccc1)Nc1ccc(-c2ccccc2)cc1,535.8130000000001,6.196000000000004,53.6,2,3,7,3,3,0.17391304347826086,30
CHEMBL3544906,C[C@@H](Cc1ccccc1)N(C)Cc1ccccc1,1,c1ccc(CCNCc2ccccc2)cc1,239.36199999999997,3.7496000000000027,3.24,0,1,5,2,2,0.29411764705882354,18
CHEMBL1202082,CCCCN1CCN(CCNCC(=O)N2CCC[C@@H]2C#N)C1=O,0,O=C(CNCCN1CCNC1=O)N1CCCC1,321.425,0.6282800000000011,79.68,1,4,8,2,0,0.8125,23
CHEMBL591124,NC(=O)CNC12CC3CC(CC(C1)c1ccccc13)O2,0,c1ccc2c(c1)C1CC3CC2CC(C1)O3,272.348,1.6113999999999995,64.35000000000001,2,3,3,5,1,0.5625,20
CHEMBL2107386,CCOC(=O)N[C@@H]1CC[C@@H]2[C@@H](C1)C[C@H]1C(=O)O[C@H](C)[C@H]1[C@H]2/C=C/c1ccc(-c2cccc(F)c2)cn1,1,O=C1OCC2C1CC1CCCCC1C2C=Cc1ccc(-c2ccccc2)cn1,492.5910000000001,5.6295000000000055,77.52,1,5,5,5,2,0.4827586206896552,36
CHEMBL561,CCn1cc(C(=O)O)c(=O)c2cc(F)c(N3CCNC(C)C3)c(F)c21,1,O=c1cc[nH]c2cc(N3CCNCC3)ccc12,351.353,1.7959,74.57000000000001,2,4,3,3,2,0.4117647058823529,25
CHEMBL1200410,CNNCc1ccc(C(=O)NC(C)C)cc1,1,c1ccccc1,221.304,1.0487999999999995,53.16,3,3,5,1,1,0.4166666666666667,16
CHEMBL983,C[N+](C)(C)CCOC(=O)CCC(=O)OCC[N+](C)(C)C,1,,290.404,0.2654000000000025,52.60000000000001,0,4,9,0,0,0.8571428571428571,20
CHEMBL1200604,CCN(Cc1ccncc1)C(=O)C(CO)c1ccccc1,1,O=C(Cc1ccccc1)NCc1ccncc1,284.359,2.2062,53.43000000000001,1,3,6,2,2,0.29411764705882354,21
CHEMBL1417295,CCOC(=O)C1(Cc2ccccc2Cl)CCN(C(=O)CCn2ccnc2C)CC1,0,O=C(CCn1ccnc1)N1CCC(Cc2ccccc2)CC1,417.93700000000024,3.6496200000000023,64.43,0,4,7,3,2,0.5,29
CHEMBL3979699,C=C(CN1CCN(C)CC1)C(=O)N1CC(Oc2cc3c(Nc4ccc(F)c(Cl)c4F)ncnc3cc2OC)C1,0,C=C(CN1CCNCC1)C(=O)N1CC(Oc2ccc3ncnc(Nc4ccccc4)c3c2)C1,559.017,3.706800000000002,83.06,1,8,8,5,3,0.37037037037037035,39
CHEMBL1904785,CCCCCCn1c(=O)n2n(c1=O)C[C@]1(OC(=O)NCC3CCCCC3)CN(S(=O)(=O)c3ccc(C)cc3)C[C@]1(O)C2,0,O=C(NCC1CCCCC1)OC12CN(S(=O)(=O)c3ccccc3)CC1Cn1c(=O)[nH]c(=O)n1C2,605.7580000000003,2.194720000000001,144.86999999999998,2,7,10,5,2,0.6896551724137931,42
CHEMBL1200464,CCCOc1ccc(C(=O)OCCN(CC)CC)cc1N,1,c1ccccc1,294.3949999999999,2.5562000000000005,64.79,1,5,9,1,1,0.5625,21
CHEMBL410046,CCC(C)(C)C(=O)C(=O)N1CCCC[C@H]1C(=O)O[C@@H](CC(=O)[C@H](C)/C=C(\C)[C@@H](O)[C@@H](OC)C(=O)[C@H](C)C[C@H](C)\C=C/C=C/C=C(\C)[C@H](C[C@@H]1CC[C@@H](C)C(=O)O1)OC)[C@H](C)C[C@@H]1CC[C@@H](O)[C@H](OC)C1,0,O=C(CCC=CCC(=O)CC(CCC1CCCCC1)OC(=O)C1CCCCN1)CCCC=CC=CC=CCCC1CCCC(=O)O1,984.3219999999997,8.44120000000001,192.26999999999995,2,13,27,3,0,0.75,70
CHEMBL1200596,Oc1c(Cl)cc(Cl)c2cccnc12,1,c1ccc2ncccc2c1,214.051,3.2472000000000003,33.120000000000005,1,2,0,2,2,0.0,13
CHEMBL2331870,CN(C(=O)Cn1c(=O)n2c3c(cc(-c4ccccc4)cc31)CCC2)c1ccccn1,0,O=C(Cn1c(=O)n2c3c(cc(-c4ccccc4)cc31)CCC2)Nc1ccccn1,398.46600000000024,3.4742000000000015,60.13,0,3,4,5,4,0.20833333333333334,30
CHEMBL3680589,CC(Nc1ncnc2c(C(N)=O)cccc12)c1cccc(NC(=O)C(F)(F)C(F)(F)F)c1,0,c1ccc(CNc2ncnc3ccccc23)cc1,453.37100000000004,4.037900000000001,110.0,3,5,6,3,3,0.2,32
CHEMBL3800466,CCN(CC)c1ccc(-n2nc(-c3ccc(OCCCC[n+]4ccccc4)cc3)c3ccccc3c2=O)cc1,0,O=c1c2ccccc2c(-c2ccc(OCCCC[n+]3ccccc3)cc2)nn1-c1ccccc1,519.6690000000002,6.0456000000000065,51.24,0,4,11,5,5,0.24242424242424243,39
CHEMBL3989806,O=C(CCCCC(=O)Nc1c(I)cc(I)c(C(=O)O)c1I)Nc1c(I)cc(I)c(C(=O)O)c1I,1,O=C(CCCCC(=O)Nc1ccccc1)Nc1ccccc1,1139.7640000000001,6.848200000000003,132.79999999999998,4,4,9,2,2,0.2,34
CHEMBL2068864,OC[C@H]1OC(O)[C@H](F)[C@@H](O)[C@@H]1O,1,C1CCOCC1,182.14700000000002,-2.2441999999999998,90.15,4,5,1,1,0,1.0,12
CHEMBL1200896,CCCCC[C@H](O)/C=C/[C@@H]1[C@@H](C/C=C\CCCC(=O)O)[C@@H](O)C[C@H]1O,1,C1CCCC1,354.487,3.042900000000001,97.99000000000001,4,4,12,1,0,0.75,25
CHEMBL1189432,CN(C)CC/C=C1/c2ccccc2COc2ccc(CC(=O)O)cc21,1,C=C1c2ccccc2COc2ccccc21,337.4190000000001,3.589500000000002,49.769999999999996,1,3,5,3,2,0.2857142857142857,25
CHEMBL3989478,CCSc1ccc2c(c1)N(CCCN1CCN(C)CC1)c1ccccc1S2,1,c1ccc2c(c1)Sc1ccccc1N2CCCN1CCNCC1,399.62900000000013,5.0388000000000055,9.72,0,5,6,4,2,0.45454545454545453,27
CHEMBL2105497,COC(CN1CCN(CC(O)C(OC)c2ccccc2)CC1)c1ccccc1,1,c1ccc(CCCN2CCN(CCc3ccccc3)CC2)cc1,384.52000000000015,2.7403000000000004,45.17,1,5,9,3,2,0.4782608695652174,28
CHEMBL2104537,COc1cc(C(=O)OC(COCCC(C)C)CN2CCOCC2)cc(OC)c1OC,1,O=C(OCCN1CCOCC1)c1ccccc1,425.5220000000003,2.6327000000000007,75.69000000000001,0,8,12,2,1,0.6818181818181818,30
CHEMBL1631668,O=C(Nc1cccc(Cl)c1)c1cc(Br)cc(Br)c1O,0,O=C(Nc1ccccc1)c1ccccc1,405.473,4.8229000000000015,49.33,2,2,2,2,2,0.0,19
CHEMBL406,CC1Cc2ccccc2N1NC(=O)c1ccc(Cl)c(S(N)(=O)=O)c1,1,O=C(NN1CCc2ccccc21)c1ccccc1,365.84200000000004,2.0834,92.5,2,4,3,3,2,0.1875,24
CHEMBL1611,O=C1N=C(O)NC1(c1ccccc1)c1ccccc1,1,O=C1N=CNC1(c1ccccc1)c1ccccc1,252.27300000000002,1.9739999999999998,61.69,2,2,2,3,2,0.06666666666666667,19
CHEMBL394788,O=C1c2ccc(O)cc2C(=O)N1c1ccc(O)cc1[N+](=O)[O-],0,O=C1c2ccccc2C(=O)N1c1ccccc1,300.226,1.8066,120.98000000000002,2,6,2,3,2,0.0,22
CHEMBL407,CCOC(=O)c1ncn2c1CN(C)C(=O)c1cc(F)ccc1-2,1,O=C1NCc2cncn2-c2ccccc21,303.293,1.7736999999999998,64.43,0,4,2,3,2,0.26666666666666666,22
CHEMBL408260,CSCC[C@@H](NC(=O)OC(C)(C)C)C(=O)NCCNc1ccc(NCCNC(=O)[C@@H](CCSC)NC(=O)OC(C)(C)C)c2c1C(=O)c1c(O)ccc(O)c1C2=O,0,O=C1c2ccccc2C(=O)c2ccccc21,819.0160000000001,4.2222000000000035,233.51999999999995,8,14,18,3,2,0.5263157894736842,56
CHEMBL4650827,CCN(C(=O)c1cc(F)ccc1Oc1cncnc1N1CC2(CCN(C[C@H]3CC[C@H](NS(=O)(=O)CC)CC3)CC2)C1)C(C)C,1,c1ccc(Oc2cncnc2N2CC3(CCN(CC4CCCCC4)CC3)C2)cc1,630.831,4.678800000000004,107.97,1,8,11,5,2,0.65625,44
CHEMBL394413,CCCC(C)N(c1cc(Cl)ccc1CO)S(=O)(=O)c1ccc(OC)cc1,0,O=S(=O)(Nc1ccccc1)c1ccccc1,397.92400000000015,4.224800000000003,66.84,1,4,8,2,2,0.3684210526315789,26
CHEMBL1689063,NC(=O)[C@@H]1CC[C@@H]2CN1C(=O)N2OS(=O)(=O)O,1,O=C1NC2CCCN1C2,265.247,-1.5252999999999983,130.23999999999998,2,5,3,2,0,0.7142857142857143,17
CHEMBL84,CC[C@@]1(O)C(=O)OCc2c1cc1n(c2=O)Cc2cc3c(CN(C)C)c(O)ccc3nc2-1,1,O=C1Cc2cc3n(c(=O)c2CO1)Cc1cc2ccccc2nc1-3,421.4530000000002,1.8468000000000002,104.89,2,7,3,5,3,0.34782608695652173,31
CHEMBL3544986,CCC[C@H](N[C@@H](C)C(=O)N1[C@H](C(=O)O)C[C@@H]2CCCC[C@@H]21)C(=O)OCC,1,C1CCC2NCCC2C1,368.47400000000016,1.940599999999999,95.94000000000001,2,5,8,2,0,0.8421052631578947,26
CHEMBL1200991,CC1(C)S[C@@H]2[C@H](NC(=O)C(C(=O)Oc3ccc4c(c3)CCC4)c3ccccc3)C(=O)N2[C@H]1C(=O)O,1,O=C(NC1C(=O)N2CCSC12)C(C(=O)Oc1ccc2c(c1)CCC2)c1ccccc1,494.5690000000003,2.4962,113.01,2,6,6,5,2,0.38461538461538464,35
CHEMBL1274,CC1(C)NC(=O)N(c2ccc([N+](=O)[O-])c(C(F)(F)F)c2)C1=O,1,O=C1CNC(=O)N1c1ccccc1,317.223,2.4484000000000004,92.55000000000001,1,4,2,2,1,0.3333333333333333,22
CHEMBL2105224,CN1CC[C@]23c4c5ccc(OCCN6CCOCC6)c4O[C@H]2[C@@H](O)C=C[C@H]3[C@H]1C5,1,C1=CC2C3Cc4ccc(OCCN5CCOCC5)c5c4C2(CCN3)C(C1)O5,398.50300000000004,1.2034999999999998,54.400000000000006,1,6,4,6,1,0.6521739130434783,29
CHEMBL162719,CN1CCN(c2cc3c(Nc4cccc(Br)c4)ncnc3cn2)CC1,0,c1ccc(Nc2ncnc3cnc(N4CCNCC4)cc23)cc1,399.29600000000016,3.282700000000002,57.18,1,6,3,4,3,0.2777777777777778,25
CHEMBL843,CN(CCOc1ccc(CC2SC(=O)NC2=O)cc1)c1ccccn1,1,O=C1NC(=O)C(Cc2ccc(OCCNc3ccccn3)cc2)S1,357.435,2.490900000000001,71.53,1,6,7,3,2,0.2777777777777778,25
CHEMBL1512000,CSCCC(NC(=O)COc1ccccc1)C(=O)N(C)Cc1ccc(SC)cc1,0,O=C(CNC(=O)COc1ccccc1)NCc1ccccc1,432.61100000000016,3.6838000000000033,58.64,1,5,11,2,2,0.36363636363636365,29
CHEMBL1301782,COc1ccc(Cl)cc1NC(=O)c1nnn(CC(=O)Nc2ccc(C)c(C)c2)c1N,0,O=C(Cn1cc(C(=O)Nc2ccccc2)nn1)Nc1ccccc1,428.8800000000002,3.0301400000000003,124.15999999999998,3,6,6,3,3,0.2,30
CHEMBL1200970,CCN(CC)C(C)CN1c2ccccc2Sc2ccccc21,1,c1ccc2c(c1)Nc1ccccc1S2,312.482,5.019600000000005,6.48,0,3,5,3,2,0.3684210526315789,22
CHEMBL3187377,Clc1ccc(CSc2nnc(-c3ccccc3)o2)cc1,0,c1ccc(CSc2nnc(-c3ccccc3)o2)cc1,302.78600000000006,4.682300000000003,38.92,0,4,4,3,3,0.06666666666666667,20
CHEMBL1201170,O=C(O)CC(O)(CC(=O)O)C(=O)O,1,,192.123,-1.2484999999999995,132.13,4,4,5,0,0,0.5,13
CHEMBL1373176,O=C(Nc1ccc2oc(=O)ccc2c1)c1cccnc1Cl,0,O=C(Nc1ccc2oc(=O)ccc2c1)c1cccnc1,300.701,3.093700000000002,72.2,1,4,2,3,3,0.0,21
CHEMBL2105680,CO[C@H]1/C=C/O[C@@]2(C)Oc3c(C)c(O)c4c(O)c(cc(O)c4c3C2=O)NC(=O)/C(C)=C\C=C\[C@H](C)[C@H](O)[C@@H](C)[C@@H](O)[C@@H](C)[C@H](OC(C)=O)[C@@H]1C,1,O=C1C=CC=CCCCCCCCCC=COC2Oc3ccc4cc(ccc4c3C2=O)N1,697.7780000000002,4.754120000000005,201.30999999999997,6,12,2,5,2,0.4864864864864865,50
CHEMBL4060209,CNC(=O)c1ccc(Nc2nc(OC3CCCC3)c3c(-c4ccc(-c5ccn[nH]5)cc4)c[nH]c3n2)c(OC)c1,0,c1ccc(Nc2nc(OC3CCCC3)c3c(-c4ccc(-c5ccn[nH]5)cc4)c[nH]c3n2)cc1,523.5970000000002,5.4482000000000035,129.84,4,7,8,6,5,0.2413793103448276,39
CHEMBL1576,C#CC1(OC(N)=O)CCCCC1,1,C1CCCCC1,167.20799999999997,1.4178000000000002,52.32,1,2,1,1,0,0.6666666666666666,12
CHEMBL1439498,COc1ccccc1-c1ccc(SCc2cccc(C)c2)nn1,0,c1ccc(CSc2ccc(-c3ccccc3)nn2)cc1,322.43300000000005,4.752920000000004,35.010000000000005,0,4,5,3,3,0.15789473684210525,23
CHEMBL1604826,O=C(Nc1cccc(Cl)c1)N1CC2CCCN2c2ccccc21,0,O=C(Nc1ccccc1)N1CC2CCCN2c2ccccc21,327.815,4.360900000000003,35.580000000000005,1,2,1,4,2,0.2777777777777778,23
CHEMBL3794331,NC(=O)NCC(O)c1ccccc1,0,c1ccccc1,180.207,0.38829999999999976,75.35000000000001,3,2,3,1,1,0.2222222222222222,13
CHEMBL1313397,COc1cccc(NC2=NC(=O)/C(=C/c3cc([N+](=O)[O-])ccc3O)S2)c1,0,O=C1N=C(Nc2ccccc2)SC1=Cc1ccccc1,371.374,3.3914000000000017,114.06,2,7,4,3,2,0.058823529411764705,26
CHEMBL1201067,OC(CCN1CCCCC1)(c1ccccc1)C1CC2C=CC1C2,1,C1=CC2CC1CC2C(CCN1CCCCC1)c1ccccc1,311.46900000000005,3.9624000000000033,23.47,1,2,5,4,1,0.6190476190476191,23
CHEMBL553025,CCC1=C[C@@H]2CN(C1)Cc1c([nH]c3ccccc13)[C@@](C(=O)OC)(c1cc3c(cc1OC)N(C)[C@H]1[C@@](O)(C(=O)OC)[C@H](OC(C)=O)[C@]4(CC)C=CCN5CC[C@]31[C@@H]54)C2,1,C1=CC2CC(c3ccc4c(c3)C35CCN6CC=CC(CCC3N4)C65)c3[nH]c4ccccc4c3CN(C1)C2,778.9469999999999,4.753600000000004,133.87,2,11,7,9,3,0.5333333333333333,57
CHEMBL199983,COc1cc(OC)nc(NC(=O)NC(=O)c2c(F)cccc2F)n1,0,O=C(NC(=O)c1ccccc1)Nc1ncccn1,338.27,1.7338999999999998,102.44000000000001,2,6,4,2,2,0.14285714285714285,24
CHEMBL1316558,Cc1ccccc1OCCC(=O)Nc1ccccc1C(=O)N1CCCCC1,0,O=C(CCOc1ccccc1)Nc1ccccc1C(=O)N1CCCCC1,366.46100000000024,4.0287200000000025,58.64,1,3,6,3,2,0.36363636363636365,27
CHEMBL214278,O=C(NC1CCN(Cc2ccc(F)cc2)CC1)c1cc(=O)c2ccc(F)cc2o1,0,O=C(NC1CCN(Cc2ccccc2)CC1)c1cc(=O)c2ccccc2o1,398.40900000000016,3.465600000000002,62.550000000000004,1,4,4,4,3,0.2727272727272727,29
CHEMBL1697717,CC1(C)[C@@H](OC(=O)CCC(=O)O)CC[C@]2(C)[C@H]3C(=O)C=C4[C@@H]5C[C@@](C)(C(=O)O)CC[C@]5(C)CC[C@@]4(C)[C@]3(C)CC[C@@H]12,1,O=C1C=C2C3CCCCC3CCC2C2CCC3CCCCC3C12,570.7670000000003,6.828300000000008,117.97000000000001,2,5,5,5,0,0.8235294117647058,41
CHEMBL2105662,O=C(NC1CCN(CCCCC2(C(=O)NCC(F)(F)F)c3ccccc3-c3ccccc32)CC1)c1ccccc1-c1ccc(C(F)(F)F)cc1,1,O=C(NC1CCN(CCCCC2c3ccccc3-c3ccccc32)CC1)c1ccccc1-c1ccccc1,693.7320000000003,8.382100000000005,61.440000000000005,2,3,10,6,4,0.3333333333333333,50
CHEMBL227875,O=[N+]([O-])c1cn2c(n1)OC[C@@H](OCc1ccc(OC(F)(F)F)cc1)C2,1,c1ccc(COC2COc3nccn3C2)cc1,359.26,2.667700000000001,88.65,0,6,5,3,2,0.35714285714285715,25
CHEMBL1163176,CCN(CC)C(=S)SC(CC(=O)c1ccccc1)c1ccccc1,0,O=C(CCc1ccccc1)c1ccccc1,357.54400000000004,5.360600000000005,20.310000000000002,0,3,7,2,2,0.3,24
CHEMBL238804,CC(C)N(CCCCOCC(=O)NS(C)(=O)=O)c1cnc(-c2ccccc2)c(-c2ccccc2)n1,1,c1ccc(-c2nccnc2-c2ccccc2)cc1,496.6330000000002,3.8980000000000032,101.49000000000001,1,7,12,3,3,0.34615384615384615,35
CHEMBL2105420,O=S1(=O)CCN(CN2CCS(=O)(=O)NC2)CN1,1,O=S1(=O)CCN(CN2CCS(=O)(=O)NC2)CN1,284.363,-2.6710999999999965,98.82000000000001,2,6,2,2,0,1.0,17
CHEMBL1200907,C[C@]12CC[C@H]3[C@@H](CC[C@@]45O[C@@H]4C(O)=C(C#N)C[C@]35C)[C@@H]1CC[C@@H]2O,1,C1=CC2OC23CCC2C4CCCC4CCC2C3C1,329.44000000000005,3.466880000000002,76.78,2,4,0,5,0,0.85,24
CHEMBL4078422,CCC(C)NC(=N)c1ccc2cc(-c3ccc(Oc4ccc(-c5cc6ccc(C(=N)NC(C)CC)cc6[nH]5)cc4)cc3)[nH]c2c1,0,c1ccc2[nH]c(-c3ccc(Oc4ccc(-c5cc6ccccc6[nH]5)cc4)cc3)cc2c1,596.7790000000002,9.202440000000003,112.57,6,3,10,6,6,0.21052631578947367,45
CHEMBL1784471,Cc1nc2ccccc2n1C1CC2CCC(C1)N2CCC1(c2ccccc2)CCN(C(=O)C(C)(C)CO)CC1,0,c1ccc(C2(CCN3C4CCC3CC(n3cnc5ccccc53)C4)CCNCC2)cc1,528.7410000000002,5.481620000000007,61.60000000000001,1,4,7,6,3,0.5757575757575758,39
CHEMBL1571863,Clc1ccc(C(Cn2ccnc2)OCc2c(Cl)cccc2Cl)c(Cl)c1,1,c1ccc(COC(Cn2ccnc2)c2ccccc2)cc1,416.1350000000001,6.454800000000002,27.05,0,2,6,3,3,0.16666666666666666,25
CHEMBL325444,CCCN(C)C(=O)CN1C[C@H](c2ccc3c(c2)CCC3)[C@@H](C(=O)O)[C@@H]1c1ccc(OC)cc1,0,c1ccc(C2CC(c3ccc4c(c3)CCC4)CN2)cc1,450.57900000000024,3.893600000000003,70.08000000000001,1,4,8,4,2,0.48148148148148145,33
CHEMBL1200493,CN(C/C=C/c1ccccc1)Cc1cccc2ccccc12,1,C(=Cc1ccccc1)CNCc1cccc2ccccc12,287.406,4.985000000000004,3.24,0,1,5,3,3,0.14285714285714285,22
CHEMBL186301,O=C(O)c1cc2cc(NS(=O)(=O)c3ccc(-c4ccccc4)cc3)ccc2n1Cc1ccccc1,0,O=S(=O)(Nc1ccc2c(ccn2Cc2ccccc2)c1)c1ccc(-c2ccccc2)cc1,482.56100000000015,5.855600000000004,88.4,2,3,7,5,5,0.03571428571428571,35
CHEMBL428647,CC(=O)O[C@H]1C(=O)[C@@]2(C)[C@H]([C@H](OC(=O)c3ccccc3)[C@]3(O)C[C@H](OC(=O)[C@H](O)[C@@H](NC(=O)c4ccccc4)c4ccccc4)C(C)=C1C3(C)C)[C@]1(OC(C)=O)CO[C@@H]1C[C@@H]2O,1,O=C(CC(NC(=O)c1ccccc1)c1ccccc1)OC1C=C2CC(=O)C3CCC4OCC4C3C(OC(=O)c3ccccc3)C(C2)C1,853.918,3.7357000000000036,221.28999999999996,4,14,10,7,3,0.44680851063829785,62
CHEMBL3664129,CN1CCC(CN(C)Cc2ccc(C(=O)Nc3cc(-c4ccccc4)ccc3O)cc2)CC1,0,O=C(Nc1cccc(-c2ccccc2)c1)c1ccc(CNCC2CCNCC2)cc1,443.59100000000024,5.085100000000005,55.81,2,4,7,4,3,0.32142857142857145,33
CHEMBL4174342,CC(CCC1CCN(Cc2ccc3c(c2)Nc2nccnc2S3)CC1)C(=O)O,0,c1cnc2c(n1)Nc1cc(CN3CCCCC3)ccc1S2,398.5320000000002,4.397700000000002,78.35,2,6,6,4,2,0.47619047619047616,28
CHEMBL1697708,CC1(C)S[C@@H]2[C@H](NC(=O)[C@H](NC(=O)N3CCN(S(C)(=O)=O)C3=O)c3ccccc3)C(=O)N2[C@H]1C(=O)O,1,O=C(NC1C(=O)N2CCSC12)C(NC(=O)N1CCNC1=O)c1ccccc1,539.5920000000003,-0.23379999999999784,173.49999999999997,3,8,6,4,1,0.47619047619047616,36
CHEMBL1477203,CCc1cccc2c(SCC(=O)NCC3CCCO3)nc(-c3ccc(F)cc3)nc12,0,O=C(CSc1nc(-c2ccccc2)nc2ccccc12)NCC1CCCO1,425.5290000000001,4.385600000000003,64.11,1,5,7,4,3,0.34782608695652173,30
CHEMBL1200688,CCOC(=O)CCC(=O)O[C@H]1[C@H](O[C@@H]2[C@@H](C)[C@H](O[C@H]3C[C@@](C)(OC)[C@@H](O)[C@H](C)O3)[C@@H](C)C(=O)O[C@H](CC)[C@@](C)(O)[C@H](O)[C@@H](C)C(=O)[C@H](C)C[C@@]2(C)O)O[C@H](C)C[C@@H]1N(C)C,1,O=C1CCCCOC(=O)CC(OC2CCCCO2)CC(OC2CCCCO2)CCC1,862.064,2.6798000000000073,226.27999999999997,4,17,12,3,0,0.9069767441860465,60
CHEMBL4585668,CS(=O)(=O)c1ccc(Oc2cc(F)cc(C#N)c2)c2c1[C@H](O)[C@H](F)[C@@H]2F,1,c1ccc(Oc2cccc3c2CCC3)cc1,383.34700000000004,3.2888800000000016,87.39,1,5,3,3,2,0.23529411764705882,26
CHEMBL2235631,N=C(N)c1ccc(-c2ccc(O)c(-c3nc4ccc(C(=N)N)cc4[nH]3)c2)cc1,0,c1ccc(-c2cccc(-c3nc4ccccc4[nH]3)c2)cc1,370.41600000000005,3.1706400000000006,148.65,6,4,4,4,4,0.0,28
CHEMBL1271098,Cc1ccccc1Cn1cc(C(=O)C2=C(O)C(=O)OC2)c2c(O)cccc21,0,O=C1C=C(C(=O)c2cn(Cc3ccccc3)c3ccccc23)CO1,363.36900000000014,3.2552200000000013,88.76,2,5,4,4,3,0.14285714285714285,27
CHEMBL3183728,CCN1CCN(C2=C(Nc3ccc(F)cc3)C(=O)c3ccccc3C2=O)CC1,0,O=C1C(Nc2ccccc2)=C(N2CCNCC2)C(=O)c2ccccc21,379.4350000000002,3.1659000000000015,52.65,1,5,4,4,2,0.2727272727272727,28
CHEMBL1729384,CCc1cccc(NC(=S)N(CCOC)C2CCN(C(C)=O)CC2)c1,0,S=C(Nc1ccccc1)NC1CCNCC1,363.52700000000016,2.905100000000001,44.81,1,3,6,2,1,0.5789473684210527,25
CHEMBL573744,O=C(CCCc1c[nH]c2ccccc12)N[C@H]1CCOC1=O,0,O=C(CCCc1c[nH]c2ccccc12)NC1CCOC1=O,286.3310000000001,1.9223,71.19,2,3,5,3,2,0.375,21
CHEMBL1643,NC(=O)c1ncn([C@@H]2O[C@H](CO)[C@@H](O)[C@H]2O)n1,1,c1ncn(C2CCCO2)n1,244.20700000000002,-3.0114999999999994,143.72000000000003,4,7,3,2,1,0.625,17
CHEMBL1255074,Cc1ccc(C(N)=O)cc1-c1cc2cnnc(-c3ccc(F)cc3F)c2n(C)c1=O,0,O=c1[nH]c2c(-c3ccccc3)nncc2cc1-c1ccccc1,406.39200000000017,3.3480200000000018,90.87,1,4,3,4,4,0.09090909090909091,30
CHEMBL1525826,COc1nccnc1NS(=O)(=O)c1ccc(N)cc1,1,O=S(=O)(Nc1cnccn1)c1ccccc1,280.30899999999997,0.8681999999999999,107.2,2,6,4,2,2,0.09090909090909091,19
CHEMBL1883908,CCN(CC)S(=O)(=O)c1ccc(C(=O)Nc2cc(C)on2)cc1,0,O=C(Nc1ccon1)c1ccccc1,337.40100000000007,2.2658200000000006,92.51,1,5,6,2,2,0.3333333333333333,23
CHEMBL3329761,O=C(C1CCN(S(=O)(=O)c2ccc3[nH]ncc3c2)CC1)N(CCO)Cc1ccccc1C(F)(F)F,0,O=C(NCc1ccccc1)C1CCN(S(=O)(=O)c2ccc3[nH]ncc3c2)CC1,510.5380000000003,3.0035000000000016,106.60000000000001,2,5,7,4,3,0.391304347826087,35
CHEMBL1588821,O=C1C2C(C(=O)N1CCc1ccccc1)C1C=CC2C12CC2,0,O=C1C2C(C(=O)N1CCc1ccccc1)C1C=CC2C12CC2,293.36600000000016,2.4263000000000003,37.38,0,2,3,5,1,0.47368421052631576,22
CHEMBL4298128,Cc1nn(C)cc1S(=O)(=O)NC(=O)c1ccc(-n2ccc(OCC(C)(C)C(F)(F)F)n2)nc1N1C[C@@H](C)CC1(C)C,1,O=C(NS(=O)(=O)c1cn[nH]c1)c1ccc(-n2cccn2)nc1N1CCCC1,597.664,4.020020000000003,124.24000000000001,1,8,8,4,3,0.5384615384615384,41
CHEMBL1693,CCN(CC)C(C)C(=O)c1ccccc1,1,c1ccccc1,205.30100000000002,2.5996000000000006,20.310000000000002,0,2,5,1,1,0.46153846153846156,15
CHEMBL221217,O=C(CC(=O)NC1CCN(Cc2ccccc2)CC1)NO,0,c1ccc(CN2CCCCC2)cc1,291.351,0.6626999999999991,81.67,3,4,5,2,1,0.4666666666666667,21
CHEMBL164445,Cc1cn(C2CC(N=[N+]=[N-])C(COC(=O)OCCCC(=O)OC(C)(C)C)O2)c(=O)[nH]c1=O,0,O=c1ccn(C2CCCO2)c(=O)[nH]1,453.4520000000002,2.08652,174.68,1,9,8,2,1,0.6842105263157895,32
CHEMBL3800418,O=C1Nc2ccc(Br)cc2[C@]12ON=C(c1cccc(Cl)c1)N2c1ccc(F)c(Cl)c1,0,O=C1Nc2ccccc2C12ON=C(c1ccccc1)N2c1ccccc1,507.1460000000002,5.898500000000002,53.93,1,4,2,5,3,0.047619047619047616,30
CHEMBL1200796,O=P1(N(CCCl)CCCl)NCCCO1,1,O=[PH]1NCCCO1,261.089,1.884,41.57000000000001,1,2,5,1,0,1.0,14
CHEMBL205596,C[C@H](CCC(=O)O)[C@H]1CC[C@H]2[C@@H]3[C@H](O)C[C@@H]4C[C@H](O)CC[C@]4(C)[C@H]3C[C@H](O)[C@]12C,1,C1CCC2C(C1)CCC1C3CCCC3CCC21,408.5790000000002,3.4487000000000023,97.99000000000001,4,4,4,4,0,0.9583333333333334,29
CHEMBL3673846,NC(=O)n1cc(NC(=O)N2CC[C@@H](N)[C@H]2C(=O)NCc2cccc(Cl)c2F)c2ccccc21,0,O=C(NCc1ccccc1)C1CCCN1C(=O)Nc1c[nH]c2ccccc12,472.90800000000013,2.610500000000001,135.48,4,4,4,4,3,0.22727272727272727,33
CHEMBL1237044,COc1cccc(C2(O)CCCCC2CN(C)C)c1,1,c1ccc(C2CCCCC2)cc1,263.3809999999999,2.6346000000000007,32.7,1,3,4,2,1,0.625,19
CHEMBL2146123,C=C1c2cccc(O)c2C(=O)C2=C(O)[C@]3(O)C(=O)C(C(N)=O)=C(O)[C@@H](N(C)C)[C@@H]3[C@@H](O)[C@H]12,1,C=C1c2ccccc2C(=O)C2=CC3C(=O)C=CCC3CC12,442.42400000000015,-0.4378999999999982,181.62,6,9,2,4,1,0.3181818181818182,32
CHEMBL1201000,O=C1CN(/N=C/c2ccc([N+](=O)[O-])o2)C(=O)N1,1,O=C1CN(N=Cc2ccco2)C(=O)N1,238.15899999999996,0.07349999999999995,118.05000000000001,1,6,3,2,1,0.125,17
CHEMBL94822,CC1(C)N=C(N)N=C(N)N1c1ccc(-c2ccccc2)cc1,0,C1=NC=NCN1c1ccc(-c2ccccc2)cc1,293.374,2.5391000000000012,79.99999999999999,2,5,2,3,2,0.17647058823529413,22
CHEMBL1201325,C[N+]1(C)CCN(CC(O)(c2ccccc2)C2CCCCC2)CC1,1,c1ccc(C(CN2CC[NH2+]CC2)C2CCCCC2)cc1,317.49700000000024,2.8465000000000007,23.47,1,2,4,3,1,0.7,23
CHEMBL1321077,O=C1CCCN1CC1CCN(Cc2nc(CC3CC3)no2)CC1,0,O=C1CCCN1CC1CCN(Cc2nc(CC3CC3)no2)CC1,318.4210000000001,1.8564999999999996,62.470000000000006,0,5,6,4,1,0.8235294117647058,23
CHEMBL585382,CC(C)(Cc1ccc(NC(=O)CCCNC(=O)C[N+](C)(C)C)cc1)NCC(O)c1cc(O)cc2c1OCC(=O)N2,0,O=C1COc2c(CCNCCc3ccccc3)cccc2N1,556.6840000000002,1.9085000000000005,149.02,6,7,13,3,2,0.4827586206896552,40
CHEMBL1945085,Cc1cc(Cl)c(OCCOc2ccc(N3C(=O)CNC[C@@H]3C(=O)N(Cc3cc(CCNCC(F)F)ccc3Cl)C3CC3)cc2)c(Cl)c1,0,O=C(C1CNCC(=O)N1c1ccc(OCCOc2ccccc2)cc1)N(Cc1ccccc1)C1CC1,710.0490000000001,6.306220000000006,83.14,2,6,15,5,3,0.4117647058823529,47
CHEMBL3670374,Cc1cnc(C(=O)Nc2ccc(F)c([C@]3(C)CO[C@@](C)(C(F)(F)F)C(N)=N3)n2)cn1,0,O=C(Nc1cccc(C2COCC=N2)n1)c1cnccn1,426.3740000000001,2.4950200000000002,115.38,2,7,3,3,2,0.3888888888888889,30
CHEMBL50484,CCN1CCC[C@H]1CNC(=O)c1cc2ccccc2cc1OC,0,O=C(NCC1CCCN1)c1ccc2ccccc2c1,312.4130000000001,3.0625000000000018,41.57000000000001,1,3,5,3,2,0.42105263157894735,23
CHEMBL3462915,CCN(Cc1ccccc1)C1CCN(c2cc(C)nn2C)C1=O,0,O=C1C(NCc2ccccc2)CCN1c1ccn[nH]1,312.41700000000003,2.3559200000000002,41.370000000000005,0,3,5,3,2,0.4444444444444444,23
CHEMBL2003846,N=C1/C(=C/c2ccccc2)C(=O)N=C2SC=NN12,0,N=C1C(=Cc2ccccc2)C(=O)N=C2SC=NN12,256.28999999999996,1.9355699999999998,68.88,1,4,1,3,1,0.0,18
CHEMBL1079604,Cc1cc(C)cc(OCC2CNC(=O)O2)c1,1,O=C1NCC(COc2ccccc2)O1,221.256,1.7906399999999998,47.56,1,3,3,2,1,0.4166666666666667,16
CHEMBL1208646,Cn1c(=O)c2[nH]cnc2n(C)c1=O,1,O=c1[nH]c(=O)c2[nH]cnc2[nH]1,180.16699999999997,-1.0397000000000005,72.68,1,3,0,2,2,0.2857142857142857,13
CHEMBL3641602,CN1CCN(C(=O)c2cc3cc(Nc4nccc(-c5cc(OCC6(CO)CC6)ccn5)n4)ccc3[nH]2)CC1,0,O=C(c1cc2cc(Nc3nccc(-c4cc(OCC5CC5)ccn4)n3)ccc2[nH]1)N1CCNCC1,513.6020000000003,3.3024000000000013,119.5,3,8,8,6,4,0.35714285714285715,38
CHEMBL1429818,CC(C(=O)O)c1nnc(O)c2ccccc12,0,c1ccc2cnncc2c1,218.21200000000002,1.5234999999999999,83.31,2,4,2,2,2,0.18181818181818182,16
CHEMBL3940890,Cc1n[nH]c(C)c1CCCOc1cc(C(=O)O)ccc1F,1,c1ccc(OCCCc2cn[nH]c2)cc1,292.31,2.875440000000001,75.21,2,3,6,2,2,0.3333333333333333,21
CHEMBL1198179,CCOC(=O)Cc1nnn(C23CC4CC(CC(N)(C4)C2)C3)n1,0,c1nnn(C23CC4CC(CC(C4)C2)C3)n1,305.38200000000006,0.7852999999999996,95.92,1,6,4,5,1,0.8666666666666667,22
CHEMBL1890554,CC(C)=CC1C(C(=O)NCCc2ccccc2)C1(C)C,0,O=C(NCCc1ccccc1)C1CC1,271.404,3.583700000000002,29.1,1,1,5,2,1,0.5,20
CHEMBL1863513,C/C=C(/C)C(=O)O[C@H]1C(C)=C[C@]23C(=O)[C@@H](C=C(CO)[C@@H](O)[C@]12O)[C@H]1[C@@H](C[C@H]3C)C1(C)C,1,O=C1C2C=CCC3CC=CC13CCC1CC12,430.54100000000017,2.3323,104.06000000000002,3,6,3,4,0,0.68,31
CHEMBL1196874,Cc1nc(N)ccc1CNC(=O)CCN1C(=O)[C@H](NCC(=O)O)CSc2ccccc21,0,O=C(CCN1C(=O)CCSc2ccccc21)NCc1cccnc1,443.52900000000017,1.1602200000000005,137.64999999999998,4,7,8,3,2,0.3333333333333333,31
CHEMBL1580685,O=C(Nc1cc(Cl)cc(Cl)c1)c1cnn2cccnc12,0,O=C(Nc1ccccc1)c1cnn2cccnc12,307.14000000000004,3.288400000000001,59.290000000000006,1,3,2,3,3,0.0,20
CHEMBL1739185,CCC1(C2=N[C@H](CCN)CN2)Cc2ccccc2O1,0,c1ccc2c(c1)CC(C1=NCCN1)O2,259.353,1.4894,59.64,2,4,4,3,1,0.5333333333333333,19
CHEMBL1446375,CC(CN1CCCC1)OC(=O)c1ccccc1Cl,0,O=C(OCCN1CCCC1)c1ccccc1,267.756,2.9811000000000014,29.54,0,3,4,2,1,0.5,18
CHEMBL3948730,CC(C)Oc1ccc(-c2nn([C@@H](C)c3oc4ccc(F)cc4c(=O)c3-c3cccc(F)c3)c3ncnc(N)c23)cc1F,1,O=c1c(-c2ccccc2)c(Cn2nc(-c3ccccc3)c3cncnc32)oc2ccccc12,571.5590000000001,6.662700000000005,109.06,1,7,6,6,6,0.16129032258064516,42
CHEMBL142703,N#C[C@@H]1CCCN1C(=O)CNC12CC3CC(CC(O)(C3)C1)C2,1,O=C(CNC12CC3CC(CC(C3)C1)C2)N1CCCC1,303.4060000000001,1.1742799999999989,76.36,2,4,3,5,0,0.8823529411764706,22
CHEMBL3545313,CC(C)(CCCCCC(O)CCCCCC(C)(C)C(=O)O)C(=O)O,1,,344.492,4.469900000000003,94.83,3,3,14,0,0,0.8947368421052632,24
CHEMBL3487433,O=c1oc(-c2ccc(F)cc2)nn1CN1CCN(CC2CC2)CC1,0,O=c1oc(-c2ccccc2)nn1CN1CCN(CC2CC2)CC1,332.3790000000002,1.6275,54.510000000000005,0,5,5,4,2,0.5294117647058824,24
CHEMBL3629372,CC1=N[C@@H](Cc2ccccc2)C(=O)Nc2cc(C(=O)OC(C)(C)C)ccc21,0,O=C1Nc2ccccc2C=NC1Cc1ccccc1,364.4450000000001,4.014300000000003,67.76,1,4,3,3,2,0.3181818181818182,27
CHEMBL1096146,CCC/N=C1\S/C(=C\c2ccc(OC[C@H](O)CO)c(Cl)c2)C(=O)N1c1ccccc1C,1,N=C1SC(=Cc2ccccc2)C(=O)N1c1ccccc1,460.9830000000001,4.267320000000003,82.36,2,6,8,3,2,0.30434782608695654,31
CHEMBL1197639,Cc1ccc2nc(C)cc(NCCCN(C)C)c2c1,0,c1ccc2ncccc2c1,257.381,3.2152400000000014,28.160000000000004,1,3,5,2,2,0.4375,19
CHEMBL1170,CCC(=O)O[C@H]1CC[C@H]2[C@@H]3CCC4=CC(=O)CC[C@]4(C)[C@H]3CC[C@]12C,1,O=C1C=C2CCC3C4CCCC4CCC3C2CC1,344.4950000000001,4.840100000000005,43.370000000000005,0,3,2,4,0,0.8181818181818182,25
CHEMBL361161,O=C(O)c1cnc(N(C(=O)c2ccc(Oc3ccc(Cl)c(Cl)c3)cc2)C2CCCCC2)s1,0,O=C(c1ccc(Oc2ccccc2)cc1)N(c1nccs1)C1CCCCC1,491.3960000000003,6.919900000000005,79.73,1,5,6,4,3,0.2608695652173913,32
CHEMBL1486609,CSc1ccccc1C(=O)NCCc1ccc(S(=O)(=O)N2CCCCC2)cc1,0,O=C(NCCc1ccc(S(=O)(=O)N2CCCCC2)cc1)c1ccccc1,418.58400000000023,3.5556000000000028,66.48,1,4,7,3,2,0.38095238095238093,28
CHEMBL4298168,CC(C)[C@@H](C)[C@@]1(C)CC[C@]2(C)[C@H]3CC[C@@H]4[C@@]5(COC[C@@]4(C)[C@@H](OC[C@](C)(N)C(C)(C)C)[C@H](n4ncnc4-c4ccncc4)C5)C3=CC[C@@]2(C)[C@@H]1C(=O)O,1,C1=C2C(CCC3C4COCC23CC(n2ncnc2-c2ccncc2)C4)C2CCCCC2C1,730.051,8.618400000000008,125.38000000000001,2,7,8,7,2,0.7727272727272727,53
CHEMBL1200613,Cc1ccc(C(=O)c2ccc(CC(=O)O)n2C)cc1,1,O=C(c1ccccc1)c1ccc[nH]1,257.289,2.1916200000000003,59.300000000000004,1,2,4,2,2,0.2,19
CHEMBL1078995,CCn1c(=O)c(C#N)nn(-c2cccc(C(F)(F)F)c2)c1=O,0,O=c1cnn(-c2ccccc2)c(=O)[nH]1,310.235,1.30458,80.68,0,4,2,2,2,0.23076923076923078,22
CHEMBL1213153,CNc1nc(NCCc2ccccc2OC)nc(Nc2ccc3ncccc3c2)n1,0,c1ccc(CCNc2ncnc(Nc3ccc4ncccc4c3)n2)cc1,401.4740000000001,3.8683000000000023,96.88000000000001,3,8,8,4,4,0.18181818181818182,30
CHEMBL488024,NCc1ccc(-c2cccc(-c3cccc4c(=O)cc(N5CCOCC5)oc34)c2)cc1,0,O=c1cc(N2CCOCC2)oc2c(-c3cccc(-c4ccccc4)c3)cccc12,412.48900000000026,4.4223000000000035,68.7,1,5,4,5,4,0.19230769230769232,31
CHEMBL1201273,CC(Cc1ccc2c(c1)OCO2)NCC(O)c1ccc(O)c(O)c1,1,c1ccc(CCNCCc2ccc3c(c2)OCO3)cc1,331.368,2.0807,91.18,4,6,6,3,2,0.3333333333333333,24
CHEMBL1510705,O=C(Nc1ccc(Cl)cc1C(=O)c1ccccc1)c1ccc(Br)o1,0,O=C(Nc1ccccc1C(=O)c1ccccc1)c1ccco1,404.64700000000005,5.1788000000000025,59.31,1,3,4,3,3,0.0,24
CHEMBL24944,O=C(Nc1ccc(Br)cc1)c1cc(Br)cc(Br)c1O,1,O=C(Nc1ccccc1)c1ccccc1,449.92400000000004,4.932000000000001,49.33,2,2,2,2,2,0.0,19
CHEMBL139585,Clc1cc2oc3ccccc3c2cc1Cl,0,c1ccc2c(c1)oc1ccccc12,237.08499999999998,4.892800000000002,13.14,0,1,0,3,3,0.0,15
CHEMBL1200941,Cc1ncc(C[n+]2csc(CCO)c2C)c(N)n1,1,c1ncc(C[n+]2ccsc2)cn1,265.36199999999997,0.60774,75.91,2,5,4,2,2,0.4166666666666667,18
CHEMBL1200944,CC1(C)[C@H](C(=O)O)N2C(=O)C[C@H]2S1(=O)=O,1,O=C1CC2N1CCS2(=O)=O,233.24499999999998,-0.794999999999999,91.75,1,4,1,2,0,0.75,15
CHEMBL1372950,CO[C@]12C[C@@H](COC(=O)c3cncc(Br)c3)CN(C)[C@@H]1Cc1cn(C)c3cccc2c13,1,O=C(OCC1CNC2Cc3c[nH]c4cccc(c34)C2C1)c1cccnc1,484.39400000000023,3.9109000000000034,56.59,0,5,4,5,3,0.4166666666666667,31
CHEMBL1191,Cc1nnc(NS(=O)(=O)c2ccc(N)cc2)s1,1,O=S(=O)(Nc1nncs1)c1ccccc1,270.339,1.2295199999999997,97.97,2,6,3,2,2,0.1111111111111111,17
CHEMBL121858,Clc1ccccc1-c1ccc(N2CCC3(CC2)OCCO3)nn1,0,c1ccc(-c2ccc(N3CCC4(CC3)OCCO4)nn2)cc1,331.80300000000005,3.1403000000000016,47.480000000000004,0,5,2,4,2,0.4117647058823529,23
CHEMBL1729125,COc1cc(NC(=O)c2cc(-c3ccccc3)on2)cc(OC)c1OC,0,O=C(Nc1ccccc1)c1cc(-c2ccccc2)on1,354.36200000000014,3.6197000000000026,82.82000000000001,1,6,6,3,3,0.15789473684210525,26
CHEMBL2409534,N#Cc1ccc(C[C@H]2O[C@H](CO)[C@@H](O)[C@H](O)[C@H]2O)cc1,0,c1ccc(CC2CCCCO2)cc1,279.29200000000003,-1.0568200000000008,113.94000000000001,4,6,3,2,1,0.5,20
CHEMBL3958967,O=S(=O)(c1ccccc1)N(CC(F)F)c1sc2ccccc2c1Br,0,O=S(=O)(Nc1cc2ccccc2s1)c1ccccc1,432.31100000000004,5.124200000000003,37.38,0,3,5,3,3,0.125,24
CHEMBL2131577,CC(C)c1ccc(C(=O)Nc2ccc(S(=O)(=O)NC3=NCCCCC3)cc2)cc1,0,O=C(Nc1ccc(S(=O)(=O)NC2=NCCCCC2)cc1)c1ccccc1,413.54300000000023,4.313100000000004,87.63,2,4,5,3,2,0.36363636363636365,29
CHEMBL2163537,C=CCN1CC[C@]23c4c5ccc(O)c4O[C@H]2[C@H](NC(=O)c2cccc(F)c2)CC[C@@]3(O)[C@H]1C5,0,O=C(NC1CCC2C3Cc4cccc5c4C2(CCN3)C1O5)c1ccccc1,450.5100000000003,2.670000000000001,82.03,3,5,4,6,2,0.4230769230769231,33
CHEMBL1257,FC(F)OC(F)(F)C(F)Cl,1,,184.491,2.3528000000000002,9.23,0,1,3,0,0,1.0,10
CHEMBL574820,O=C1c2c(O)ccc(O)c2C(=O)c2c(NCCOCCO)ccc(NCCNCCO)c21,0,O=C1c2ccccc2C(=O)c2ccccc21,445.4720000000002,0.2877999999999999,160.38,7,10,12,3,2,0.36363636363636365,32
CHEMBL2206196,NC[C@@H]1O[C@H](O[C@H]2[C@@H](O)[C@H](O[C@@H]3[C@@H](O)[C@H](N)C[C@H](N)[C@H]3O[C@H]3O[C@H](CO)[C@@H](O)[C@H](O)[C@H]3N)O[C@@H]2CO)[C@H](N)[C@@H](O)[C@@H]1O,1,C1CCC(OC2COC(OC3CCCCC3OC3CCCCO3)C2)OC1,615.6340000000004,-8.861700000000015,347.32,13,19,9,4,0,1.0,42
CHEMBL2105842,CC(=O)OCC(=O)[C@@]1(O)[C@H](C)C[C@H]2[C@@H]3C=C(C)C4=Cc5c(cnn5-c5ccccc5)C[C@]4(C)[C@H]3[C@@H](O)C[C@@]21C,1,C1=CC2C3CCCC3CCC2C2Cc3cnn(-c4ccccc4)c3C=C12,530.6650000000002,4.300600000000004,101.65000000000002,2,6,4,6,2,0.53125,39
CHEMBL1200964,CN(C)CCC=C1c2ccccc2CCc2ccccc21,1,C=C1c2ccccc2CCc2ccccc21,277.411,4.168600000000003,3.24,0,1,3,3,2,0.3,21
CHEMBL1201218,Cn1nnnc1SCC1=C(C(=O)O)N2C(=O)[C@@H](NC(=O)[C@H](OC=O)c3ccccc3)[C@H]2SC1,1,O=C(Cc1ccccc1)NC1C(=O)N2C=C(CSc3nnn[nH]3)CSC12,490.52300000000014,-0.044899999999998386,156.60999999999999,2,10,9,4,2,0.3157894736842105,33
CHEMBL1200580,O=S(O)CNc1ccc(S(=O)(=O)c2ccc(NCS(=O)O)cc2)cc1,1,O=S(=O)(c1ccccc1)c1ccccc1,404.4910000000001,1.7015999999999998,132.79999999999998,4,6,8,2,2,0.14285714285714285,25
CHEMBL294199,COc1cc(CNC(=O)CCCC/C=C/C(C)C)ccc1O,1,c1ccccc1,305.418,3.789600000000003,58.56,2,3,9,1,1,0.5,22
CHEMBL541461,CC(C)c1nc(N(c2nnnn2C)S(C)(=O)=O)nc(-c2ccc(F)cc2)c1/C=C/[C@@H](O)C[C@@H](O)CC(=O)O,0,c1ccc(-c2ccnc(Nc3nnn[nH]3)n2)cc1,549.5850000000004,1.6271000000000002,184.51999999999998,3,10,11,3,3,0.391304347826087,38
CHEMBL318083,Cc1ccc(F)cc1C(=O)Nc1ccc(C(=O)N2CCC3(C=C(C(=O)NCCCN(C)C)CC3)Cc3ccccc32)cc1,0,O=C(Nc1ccc(C(=O)N2CCC3(C=CCC3)Cc3ccccc32)cc1)c1ccccc1,582.7200000000006,5.753920000000006,81.75,2,4,8,5,3,0.34285714285714286,43
CHEMBL1200825,CCC(=O)C(CC(C)N(C)C)(c1ccccc1)c1ccccc1,1,c1ccc(Cc2ccccc2)cc1,309.45300000000003,4.292000000000004,20.310000000000002,0,2,7,2,2,0.38095238095238093,23
CHEMBL3248864,NC(=O)c1cnc([C@@H]2O[C@H](CO)[C@@H](O)[C@H]2O)s1,0,c1csc(C2CCCO2)n1,260.271,-1.6040000000000003,125.90000000000002,4,7,3,2,1,0.5555555555555556,17
CHEMBL1213492,CCN(CC)Cc1ccc2cc(COC(=O)Nc3ccc(C(=O)NO)cc3)ccc2c1,1,O=C(Nc1ccccc1)OCc1ccc2ccccc2c1,421.49700000000007,4.549300000000003,90.9,3,5,8,3,3,0.25,31
CHEMBL869,NC(=O)N/N=C/c1ccc([N+](=O)[O-])o1,1,c1ccoc1,198.13799999999998,0.19000000000000006,123.76,2,5,3,1,1,0.0,14
CHEMBL290960,CC1CS(=O)(=O)CCN1/N=C/c1ccc([N+](=O)[O-])o1,1,O=S1(=O)CCN(N=Cc2ccco2)CC1,287.297,0.6406000000000001,106.02,0,7,3,2,1,0.5,19
CHEMBL2158236,O=C(N/N=C/c1ccc2c(c1)OCO2)c1nc(-c2ccc(O)cc2)no1,0,O=C(NN=Cc1ccc2c(c1)OCO2)c1nc(-c2ccccc2)no1,352.306,1.9347999999999999,119.07000000000001,2,8,4,4,3,0.058823529411764705,26
CHEMBL131776,CCCN(CCC)[C@@H]1CCc2c(F)ccc(OS(=O)(=O)C(F)(F)F)c2C1,0,c1ccc2c(c1)CCCC2,397.4340000000001,4.033400000000004,46.61,0,4,7,2,1,0.6470588235294118,26
CHEMBL1663,FC(F)(F)C(F)(F)C(F)(F)F,1,,188.017,2.7462999999999997,0.0,0,0,0,0,0,1.0,11
CHEMBL1206177,CCN(CCCCOCC(=O)O)c1cnc(-c2ccccc2)c(-c2ccccc2)n1,0,c1ccc(-c2nccnc2-c2ccccc2)cc1,405.4980000000001,4.5183000000000035,75.55,1,5,11,3,3,0.2916666666666667,30
CHEMBL263212,C=CCOc1ccc2c(c1)CCc1ccccc1/C(CC)=C\2c1ccc(O)cc1,0,C1=C(c2ccccc2)c2ccccc2CCc2ccccc21,382.5030000000001,6.424700000000006,29.46,1,2,5,4,3,0.18518518518518517,29
CHEMBL2146124,CO/N=C(\C(=O)N[C@@H]1C(=O)N2C(C(=O)O)=C(COC(N)=O)CS[C@H]12)c1ccco1,1,N=C(C(=O)NC1C(=O)N2C=CCSC12)c1ccco1,424.39100000000013,-0.5359999999999987,173.76,3,9,7,3,1,0.3125,29
CHEMBL71752,CCOC(=O)C1=C[C@]2(CC)CCCN3CCc4c(n1c1ccccc41)[C@@H]32,1,C1=Cn2c3c(c4ccccc42)CCN2CCCC1C32,350.462,4.148300000000003,34.47,0,3,3,5,2,0.5,26
CHEMBL374774,CN(C)c1ccc2c(c1)OC(N)=C(C#N)C2c1cc(Br)cs1,0,C1=CC(c2cccs2)c2ccccc2O1,376.279,3.794780000000002,62.28,1,5,2,3,2,0.1875,22
CHEMBL245807,O=C1Nc2ccccc2C1(c1ccc(O)cc1)c1ccc(O)cc1,1,O=C1Nc2ccccc2C1(c1ccccc1)c1ccccc1,317.344,3.3843000000000014,69.56,3,3,2,4,3,0.05,24
CHEMBL1165843,Cc1noc2c(Cc3ccccc3)nn(CC(=O)N/N=C\c3ccccc3Cl)c(=O)c12,0,O=C(Cn1nc(Cc2ccccc2)c2oncc2c1=O)NN=Cc1ccccc1,435.8710000000001,3.0874200000000007,102.38,1,6,6,4,4,0.13636363636363635,31
CHEMBL1200592,CC(C)(C)C(=O)OCC(=O)[C@H]1CC[C@H]2[C@@H]3CCC4=CC(=O)CC[C@]4(C)[C@H]3CC[C@]12C,1,O=C1C=C2CCC3C4CCCC4CCC3C2CC1,414.58600000000024,5.292900000000006,60.440000000000005,0,4,3,4,0,0.8076923076923077,30
CHEMBL1950777,Cn1cc(S(=O)(=O)c2ccc3c(c2)c2c(n3C)CC3CCC2N3)c2ccccc21,0,O=S(=O)(c1ccc2[nH]c3c(c2c1)C1CCC(C3)N1)c1c[nH]c2ccccc12,405.5230000000002,3.852000000000003,56.03,1,3,2,6,4,0.30434782608695654,29
CHEMBL529888,Cc1ccc(S(=O)(=O)NC(=O)N[C@H]2[C@H]3CC[C@@](C)([C@H]2O)C3(C)C)cc1,1,O=C(NC1CC2CCC1C2)NS(=O)(=O)c1ccccc1,366.4830000000001,2.16852,95.5,3,4,3,3,1,0.6111111111111112,25
CHEMBL1419412,Cc1nn(C)c(C)c1S(=O)(=O)N(CC(=O)NCCCN1CC(C)CC(C)C1)c1ccc(C(C)C)cc1,0,O=C(CN(c1ccccc1)S(=O)(=O)c1cn[nH]c1)NCCCN1CCCCC1,517.7400000000005,3.8398400000000024,87.54,1,5,10,3,2,0.6296296296296297,36
CHEMBL885,Nc1nc(=O)n([C@@H]2CS[C@H](CO)O2)cc1F,1,O=c1ncccn1C1CSCO1,247.25099999999998,-0.4550000000000003,90.37,2,6,2,2,1,0.5,16
CHEMBL4096697,C[C@H]1CC[C@@]2(OC1)O[C@H]1C[C@H]3[C@@H]4CC[C@@H]5C[C@@H](OC(=O)NCc6ccccc6)CC[C@]5(C)[C@H]4CC[C@]3(C)[C@H]1[C@@H]2C,0,O=C(NCc1ccccc1)OC1CCC2C(CCC3C2CCC2C4CC5(CCCCO5)OC4CC23)C1,549.7960000000004,7.727900000000009,56.790000000000006,1,4,3,7,1,0.8,40
CHEMBL1201231,C[C@]12C=CC(=O)C=C1CC[C@@H]1[C@@H]2[C@@H](O)C[C@@]2(C)[C@H]1CC[C@]2(O)C(=O)COP(=O)(O)O,1,O=C1C=CC2C(=C1)CCC1C3CCCC3CCC21,440.42900000000026,1.6745999999999999,141.36,4,6,4,4,0,0.7142857142857143,30
CHEMBL328162,COc1ccc(S(=O)(=O)N(C)C[C@H](C(=O)NO)[C@@H](CC2CCCC2)C(=O)N2CCCCC2)cc1,0,O=C(C(CCNS(=O)(=O)c1ccccc1)CC1CCCC1)N1CCCCC1,495.6420000000005,2.6463,116.25000000000001,2,6,10,3,1,0.6666666666666666,34
CHEMBL1200506,CC[C@H]1OC(=O)[C@H](C)[C@@H](O[C@H]2C[C@@](C)(OC)[C@@H](O)[C@H](C)O2)[C@H](C)[C@@H](O[C@@H]2O[C@H](C)C[C@H](N(C)C)[C@H]2O)[C@](C)(O)C[C@@H](C)C(=O)[C@H](C)[C@@H](O)[C@]1(C)O,1,O=C1CCCCOC(=O)CC(OC2CCCCO2)CC(OC2CCCCO2)CCC1,733.9370000000002,1.785600000000004,193.91,5,14,7,3,0,0.9459459459459459,51
CHEMBL1628227,CN(C)CCC=C1c2ccccc2COc2ccccc21,1,C=C1c2ccccc2COc2ccccc21,279.383,3.9624000000000033,12.47,0,2,3,3,2,0.2631578947368421,21
CHEMBL201187,COc1ccc(C/N=C(\S)NCCCn2ccnc2)cc1OC,0,C(=NCc1ccccc1)NCCCn1ccnc1,334.44500000000005,2.3660000000000005,60.67,2,4,8,2,2,0.375,23
CHEMBL24778,C[C@H](Cc1cc2c(c(C(N)=O)c1)N(CCCO)CC2)NCCOc1ccccc1OCC(F)(F)F,1,c1ccc(OCCNCCc2ccc3c(c2)CCN3)cc1,495.5420000000002,3.0711000000000013,97.05000000000001,3,6,13,3,2,0.48,35
CHEMBL1574173,Cc1ccc[n+](/C(=C\[C-](C#N)C#N)C(=O)c2ccc(Cl)cc2)c1,0,C=C(C(=O)c1ccccc1)[n+]1ccccc1,321.76700000000005,3.2813700000000017,68.53,0,3,4,2,2,0.05555555555555555,23
CHEMBL48449,C[C@@]12C(=O)OC(=O)[C@]1(C)[C@H]1CC[C@@H]2O1,1,O=C1OC(=O)C2C3CCC(O3)C12,196.20199999999997,0.6436,52.60000000000001,0,4,0,3,0,0.8,14
CHEMBL95,Nc1c2c(nc3ccccc13)CCCC2,1,c1ccc2nc3c(cc2c1)CCCC3,198.26899999999992,2.695800000000001,38.91,1,2,0,3,2,0.3076923076923077,15
CHEMBL1624126,CN(CCO)CC(O)Cn1cnc2c1c(=O)n(C)c(=O)n2C,1,O=c1[nH]c(=O)c2[nH]cnc2[nH]1,311.34200000000004,-2.281299999999997,105.52000000000001,2,6,6,2,2,0.6153846153846154,22
CHEMBL3989962,Nc1nc(=O)c2c(CCc3ccc(C(=O)N[C@@H](CCC(=O)O)C(=O)O)cc3)c[nH]c2[nH]1,1,O=c1nc[nH]c2[nH]cc(CCc3ccccc3)c12,427.4170000000001,0.6664000000000003,191.26,6,6,9,3,3,0.25,31
CHEMBL519158,CC(C)[C@@]1(O)[C@@H](OC(=O)c2cccnc2)[C@@]2(O)[C@]3(C)C[C@@]4(O)O[C@@]5([C@H](O)[C@@H](C)CC[C@]35O)[C@@]2(O)[C@@]41C,0,O=C(OC1CC2C3CC4C1C2C1(CCCCC41)O3)c1cccnc1,505.56400000000036,-0.12070000000000125,169.79999999999998,6,10,3,7,1,0.7692307692307693,36
CHEMBL4079682,O=C(Nc1cc(F)cc(C(F)(F)F)c1)N(Cc1ccccc1)C1CCN(Cc2nc3ccccc3s2)CC1,0,O=C(Nc1ccccc1)N(Cc1ccccc1)C1CCN(Cc2nc3ccccc3s2)CC1,542.6020000000001,7.152900000000006,48.470000000000006,1,4,6,5,4,0.2857142857142857,38
CHEMBL5315124,C[C@H]1COc2c(N3CCN(C)CC3)c(F)cc3c(=O)c(C(=O)O)cn1c23,1,O=c1ccn2c3c(c(N4CCNCC4)ccc13)OCC2,361.37300000000005,1.5439999999999998,75.00999999999999,1,5,2,4,2,0.4444444444444444,26
CHEMBL1200850,Nc1nc(O)c2ncn(COC(CO)CO)c2n1,1,c1ncc2nc[nH]c2n1,255.23399999999995,-1.5586000000000002,139.54000000000002,4,8,5,2,2,0.4444444444444444,18
CHEMBL284494,CCOC(=O)C(CCc1ccccc1)OC(C)C(=O)N1CCCC1C(=O)O,0,O=C(COCCCc1ccccc1)N1CCCC1,377.43700000000024,2.0316,93.14,1,5,9,2,1,0.55,27
CHEMBL4298138,C[C@H]1CNC(=O)c2cnn3ccc(nc23)N[C@H](C)c2cc(F)ccc2O1,1,O=C1NCCOc2ccccc2CNc2ccn3ncc1c3n2,355.3730000000001,2.5522,80.55000000000001,2,5,0,4,3,0.2777777777777778,26
CHEMBL1200868,Nc1ccc(C(=O)Oc2ccccc2)c(O)c1,1,O=C(Oc1ccccc1)c1ccccc1,229.23500000000004,2.1936,72.55000000000001,2,4,2,2,2,0.0,17
CHEMBL159936,O=C(O)CCC/C=C(/c1cccnc1)c1cccc(CCNS(=O)(=O)c2ccc(Cl)c(Cl)c2)c1,0,C=C(c1cccnc1)c1cccc(CCNS(=O)(=O)c2ccccc2)c1,519.4500000000003,5.596000000000005,96.35999999999999,2,4,11,3,3,0.2,34
CHEMBL1201192,NC(=O)C[S@@+]([O-])C(c1ccccc1)c1ccccc1,1,c1ccc(Cc2ccccc2)cc1,273.357,2.01,66.15,1,2,5,2,2,0.13333333333333333,19
CHEMBL1488187,COCCCNC(=O)COc1ccc(Br)cc1Cl,0,c1ccccc1,336.61300000000006,2.6340000000000003,47.56,1,3,7,1,1,0.4166666666666667,18
CHEMBL1069,CCCCC(=O)N(Cc1ccc(-c2ccccc2-c2nnn[nH]2)cc1)[C@H](C(=O)O)C(C)C,1,c1ccc(-c2ccccc2-c2nnn[nH]2)cc1,435.52800000000013,4.161700000000002,112.07000000000001,2,5,10,3,3,0.375,32
CHEMBL1096885,CCCCC(=O)OCC(=O)[C@]1(O)Cc2c(O)c3c(c(O)c2[C@@H](O[C@H]2C[C@H](NC(=O)C(F)(F)F)[C@H](O)[C@H](C)O2)C1)C(=O)c1c(OC)cccc1C3=O,1,O=C1c2ccccc2C(=O)c2cc3c(cc21)CCCC3OC1CCCCO1,723.65,2.4622,215.21999999999997,5,13,10,5,2,0.5,51
CHEMBL4091042,COc1ccc2ncc(S(=O)(=O)c3cccc(C#N)c3)c(N3CCC(C)CC3)c2c1,0,O=S(=O)(c1ccccc1)c1cnc2ccccc2c1N1CCCCC1,421.5220000000003,4.184180000000004,83.28999999999999,0,6,4,4,3,0.30434782608695654,30
CHEMBL2105345,CCCOC(=O)Cc1ccc(OCC(=O)N(CC)CC)c(OC)c1,1,c1ccccc1,337.41600000000005,2.4381000000000004,65.07000000000001,0,5,10,1,1,0.5555555555555556,24
CHEMBL252045,CCCn1c(=O)c2[nH]c(-c3cnn(Cc4noc(-c5ccccc5)n4)c3)nc2n(CCC)c1=O,0,O=c1[nH]c(=O)c2[nH]c(-c3cnn(Cc4noc(-c5ccccc5)n4)c3)nc2[nH]1,460.4980000000002,2.668100000000001,129.42,1,7,8,5,5,0.30434782608695654,34
CHEMBL1201080,COc1cc(Cc2cnc(N)nc2N)cc(OC)c1OC,1,c1ccc(Cc2cncnc2)cc1,290.32300000000004,1.2575999999999998,105.51,2,7,5,2,2,0.2857142857142857,21
CHEMBL1429825,O=C(N/C(=C/c1ccco1)C(=O)N1CCCCC1)c1cccs1,0,O=C(NC(=Cc1ccco1)C(=O)N1CCCCC1)c1cccs1,330.40899999999993,3.124500000000002,62.550000000000004,1,4,4,3,2,0.29411764705882354,23
CHEMBL865,Cc1onc(-c2ccccc2)c1-c1ccc(S(N)(=O)=O)cc1,1,c1ccc(-c2conc2-c2ccccc2)cc1,314.36600000000004,2.9644200000000005,86.19,1,4,3,3,3,0.0625,22
CHEMBL322609,C/N=C(/N/N=C/c1ccc(-c2cn3ccc(C)cc3[n+]2C)cc1)SC,0,c1ccc(-c2cn3ccccc3[nH+]2)cc1,352.487,3.0115200000000018,45.04,1,3,3,3,3,0.21052631578947367,25
CHEMBL3443179,O=C(Cn1ccc2ccc(F)cc21)NCc1ccc(C(=O)O)cc1,0,O=C(Cn1ccc2ccccc21)NCc1ccccc1,326.327,2.795000000000001,71.33,2,2,5,3,3,0.1111111111111111,24
CHEMBL1200922,CCC(C)C(C)(COC(N)=O)COC(N)=O,1,,232.27999999999994,1.2294000000000005,104.63999999999999,2,4,6,0,0,0.8,16
CHEMBL1859762,COc1ccc(Oc2ncccc2/C(=N/O)N2C(C)C=CC2C)cc1,0,N=C(c1cccnc1Oc1ccccc1)N1CC=CC1,339.3950000000001,3.6671000000000022,67.17999999999999,1,5,4,3,2,0.2631578947368421,25
CHEMBL3462127,Cn1cnn(Cc2c(F)cccc2Br)c1=O,0,O=c1[nH]cnn1Cc1ccccc1,286.1040000000001,1.5316999999999998,39.82,0,2,2,2,2,0.2,16
CHEMBL3769795,S=C(NCc1cccnc1)SCCc1nc2ccccc2[nH]1,0,S=C(NCc1cccnc1)SCCc1nc2ccccc2[nH]1,328.46599999999995,3.308300000000001,53.6,2,4,5,3,3,0.1875,22
CHEMBL418995,O=C(O)CCCCCCNC1c2ccccc2CCc2ccccc21,1,c1ccc2c(c1)CCc1ccccc1C2,337.46300000000014,4.499300000000004,49.33,2,2,8,3,2,0.4090909090909091,25
CHEMBL3188576,CN[C@@H]1[C@H](O[C@H]2[C@H](O[C@H]3[C@H](O)[C@@H](O)[C@H](NC(=N)N)[C@@H](O)[C@@H]3NC(=N)N)O[C@@H](C)[C@]2(O)CO)O[C@@H](CO)[C@H](O)[C@H]1O,1,C1CCC(OC2OCCC2OC2CCCCO2)CC1,583.5960000000005,-7.948360000000005,334.5900000000001,15,15,9,3,0,0.9047619047619048,40
CHEMBL1200877,C[C@@H]1C[C@H]2[C@@H]3C[C@H](F)C4=CC(=O)C=C[C@]4(C)[C@@]3(F)[C@@H](O)C[C@]2(C)[C@@]1(O)C(=O)COC(=O)C(C)(C)C,1,O=C1C=CC2C(=C1)CCC1C3CCCC3CCC21,494.5750000000004,3.4407000000000023,100.9,2,6,3,4,0,0.7407407407407407,35
CHEMBL3822613,CCCCNC1=CC(=O)C=C(C[C@]2(C)[C@@H](C)CC[C@]3(C)C(C)=CCC[C@@H]23)C1=O,0,O=C1C=CC(=O)C(CC2CCCC3C=CCCC32)=C1,383.57600000000014,5.527100000000005,46.17,1,3,6,3,0,0.68,28
CHEMBL3344434,CC1(C)CC(C(=O)N2CCN(c3noc(-c4cc(F)c(OCCC(=O)O)cc4Cl)n3)CC2)C1,0,O=C(C1CCC1)N1CCN(c2noc(-c3ccccc3)n2)CC1,480.9240000000004,3.4674000000000014,109.0,1,7,7,4,2,0.5454545454545454,33
CHEMBL1185153,Nc1cc(-c2ccccc2)cc[n+]1CCCc1ccc(CCC[n+]2ccc(-c3ccccc3)cc2N)cc1,0,c1ccc(-c2cc[n+](CCCc3ccc(CCC[n+]4ccc(-c5ccccc5)cc4)cc3)cc2)cc1,500.6900000000003,6.025600000000005,59.8,2,2,10,5,5,0.17647058823529413,38
CHEMBL3184143,N=C(N)NCC1COC2(CCCCC2)O1,1,C1CCC2(CC1)OCCO2,213.28099999999992,0.5452699999999997,80.36000000000001,3,3,2,2,0,0.9,15
CHEMBL12,CN1C(=O)CN=C(c2ccccc2)c2cc(Cl)ccc21,1,O=C1CN=C(c2ccccc2)c2ccccc2N1,284.74600000000004,3.153800000000002,32.67,0,2,1,3,2,0.125,20
CHEMBL1201354,CC[N+](CC)(CC)CCC(O)(c1ccccc1)C1CCCCC1,1,c1ccc(CC2CCCCC2)cc1,318.5250000000002,4.721100000000004,20.23,1,1,8,2,1,0.7142857142857143,23
CHEMBL1649817,CCCCCCCn1c(-c2ccc(-c3ccccc3)cc2)cnc1N,0,c1ccc(-c2ccc(-c3cnc[nH]3)cc2)cc1,333.4790000000001,5.7697000000000065,43.84,1,2,8,3,3,0.3181818181818182,25
CHEMBL2105023,O=C1/C(=C2\Nc3ccc(S(=O)(=O)O)cc3C2=O)Nc2ccc(S(=O)(=O)O)cc21,1,O=C1C(=C2Nc3ccccc3C2=O)Nc2ccccc21,422.3960000000001,1.3082,166.93999999999997,4,8,2,4,2,0.0,28
CHEMBL3125978,O=C(NCc1ccc(F)cc1F)c1cc2cccc(O)c2n(O)c1=O,0,O=C(NCc1ccccc1)c1cc2ccccc2[nH]c1=O,346.2890000000001,2.1526,91.56,3,4,3,3,3,0.058823529411764705,25
CHEMBL3545058,N[C@H](Cc1cc(I)c(Oc2cc(I)c(O)c(I)c2)c(I)c1)C(=O)O,1,c1ccc(Oc2ccccc2)cc1,776.8720000000001,4.5573000000000015,92.78000000000002,3,4,5,2,2,0.13333333333333333,24
CHEMBL1358080,CC(C)Oc1ccc(CNC(=O)c2ccc3c(c2)nc2n3CCCCC2)cc1,0,O=C(NCc1ccccc1)c1ccc2c(c1)nc1n2CCCCC1,377.4880000000002,4.479900000000004,56.15,1,3,5,4,3,0.391304347826087,28
CHEMBL246164,CCN(CC)CCn1c(=N)n(CC(=O)c2ccc(-c3ccccc3)cc2)c2ccccc21,0,N=c1[nH]c2ccccc2n1CC(=O)c1ccc(-c2ccccc2)cc1,426.56400000000014,4.813970000000004,54.02,1,3,9,4,4,0.25925925925925924,32
CHEMBL638,C[C@@H](c1ncncc1F)[C@](O)(Cn1cncn1)c1ccc(F)cc1F,1,c1ccc(C(Cc2ccncn2)Cn2cncn2)cc1,349.31600000000003,2.1769,76.72,1,5,5,3,3,0.25,25
CHEMBL3935570,Cc1ncc(C(CNC(=O)c2cccc(Cl)c2Cl)N2CCC(F)CC2)cn1,0,O=C(NCC(c1cncnc1)N1CCCCC1)c1ccccc1,411.30800000000016,3.996820000000003,58.120000000000005,1,4,5,3,2,0.42105263157894735,27
CHEMBL1468915,CCc1ccc(S(=O)(=O)Nc2nnc(N)s2)cc1,0,O=S(=O)(Nc1nncs1)c1ccccc1,284.366,1.4835,97.97,2,6,4,2,2,0.2,18
CHEMBL87992,CC(=O)O[C@H]1Cc2ccccc2N(C(N)=O)c2ccccc21,1,c1ccc2c(c1)CCc1ccccc1N2,296.326,3.0637000000000008,72.63,1,3,1,3,2,0.17647058823529413,22
CHEMBL826,CCn1cc(C(=O)O)c(=O)c2cc(F)c(N3CCNCC3)nc21,1,O=c1cc[nH]c2nc(N3CCNCC3)ccc12,320.324,0.6633000000000002,87.46000000000001,2,5,3,3,2,0.4,23
CHEMBL1373483,Cn1c(Cn2c(C(F)(F)F)nc3ccccc32)nc2ccccc21,0,c1ccc2[nH]c(Cn3cnc4ccccc43)nc2c1,330.31300000000005,3.9901000000000026,35.64,0,2,2,4,4,0.17647058823529413,24
CHEMBL661,Cc1nnc2n1-c1ccc(Cl)cc1C(c1ccccc1)=NC2,1,c1ccc(C2=NCc3nncn3-c3ccccc32)cc1,308.77200000000005,3.5801200000000017,43.07,0,3,1,4,3,0.11764705882352941,22
CHEMBL2314939,N=C(N)NCCC[C@H](N)C(=O)NCCCNCCCCCCCCCNC(=O)[C@H](CC(N)=O)NC(=O)Cc1ccc(O)cc1O,0,c1ccccc1,635.8110000000004,-0.4661299999999947,270.8,11,9,25,1,1,0.6333333333333333,45
CHEMBL3651097,c1ccc(C2C[C@@H]2NCc2nccs2)cc1,0,c1ccc(C2CC2NCc2nccs2)cc1,230.336,2.788800000000001,24.92,1,3,4,3,2,0.3076923076923077,16
CHEMBL1879564,COCCN(C(=O)c1cc(-c2ccncc2)nc2ccccc12)c1c(N)n(CC(C)C)c(=O)[nH]c1=O,0,O=C(Nc1c[nH]c(=O)[nH]c1=O)c1cc(-c2ccncc2)nc2ccccc12,488.5480000000003,2.6782000000000004,136.2,2,7,8,4,4,0.2692307692307692,36
CHEMBL3785829,O=[N+]([O-])c1cn2c(n1)OC(COc1ccc(-c3ccc(C(F)(F)F)cc3)cn1)C2,0,c1ccc(-c2ccc(OCC3Cn4ccnc4O3)nc2)cc1,406.32000000000005,3.712100000000002,92.31,0,6,5,4,3,0.2222222222222222,29
CHEMBL1092,OC(CCN1CCCCC1)(c1ccccc1)C1CCCCC1,1,c1ccc(C(CCN2CCCCC2)C2CCCCC2)cc1,301.47400000000016,4.330500000000004,23.47,1,2,5,3,1,0.7,22
CHEMBL2308885,CCCC(=O)O[C@]1(C(=O)CCl)[C@H](C)C[C@@H]2[C@@H]3CCC4=CC(=O)C=C[C@]4(C)[C@]3(F)C(=O)C[C@@]21C,1,O=C1C=CC2C(=C1)CCC1C3CCCC3CC(=O)C21,478.98800000000034,4.701400000000005,77.51,0,5,5,4,0,0.6923076923076923,33
CHEMBL4159250,COc1ccccc1C(=O)NC(CC(=O)O)c1ccc(C(C)(C)C)cc1,0,O=C(NCc1ccccc1)c1ccccc1,355.4340000000001,3.938500000000003,75.63,2,3,6,2,2,0.3333333333333333,26
CHEMBL1717330,O=C(N[C@H]1C/C=C\C[C@@H](CC(=O)N(CCO)Cc2ccccc2)C(=O)N[C@H](Cc2c[nH]c3ccccc23)COC1=O)OCC1c2ccccc2-c2ccccc21,0,O=C(CC1CC=CCC(NC(=O)OCC2c3ccccc3-c3ccccc32)C(=O)OCC(Cc2c[nH]c3ccccc23)NC1=O)NCc1ccccc1,754.884,6.023100000000005,150.06,4,7,11,7,5,0.28888888888888886,56
CHEMBL415995,COc1ccc(-c2nc(CCC(=O)O)sc2-c2ccc(OC)cc2)cc1,0,c1ccc(-c2ncsc2-c2ccccc2)cc1,369.44200000000006,4.5115000000000025,68.65,1,5,7,3,3,0.2,26
CHEMBL1435513,CC1CCN(c2nc3ccc(C(=O)NCc4ccccc4Cl)cc3s2)CC1,0,O=C(NCc1ccccc1)c1ccc2nc(N3CCCCC3)sc2c1,399.9470000000002,5.116000000000004,45.230000000000004,1,4,4,4,3,0.3333333333333333,27
CHEMBL462394,CC(=O)Nc1c(I)c(C(=O)N[C@H]2C(O)O[C@H](CO)[C@@H](O)[C@@H]2O)c(I)c(N(C)C(C)=O)c1I,1,O=C(NC1CCCOC1)c1ccccc1,789.0989999999998,-0.028800000000000603,168.66,6,8,5,2,1,0.5,32
CHEMBL1725357,CCC1Nc2ncnc(N3CCN(c4ccccc4)CC3)c2N(Cc2ccc(OC)cc2)C1=O,0,O=C1CNc2ncnc(N3CCN(c4ccccc4)CC3)c2N1Cc1ccccc1,458.5660000000003,3.549100000000002,73.83000000000001,1,7,6,5,3,0.34615384615384615,34
CHEMBL1177,NC1=NC(=O)C(c2ccccc2)O1,1,O=C1N=COC1c1ccccc1,176.17499999999998,0.5992000000000001,64.67999999999999,1,3,1,2,1,0.1111111111111111,13
CHEMBL1207855,Nc1c(S(=O)(=O)O)cc(Nc2ccc(Oc3ccccc3)c(S(=O)(=O)O)c2)c2c1C(=O)c1ccccc1C2=O,0,O=C1c2ccccc2C(=O)c2c(Nc3ccc(Oc4ccccc4)cc3)cccc21,566.5690000000002,4.073500000000003,190.15999999999997,4,9,6,5,4,0.0,39
CHEMBL1947088,COC(=O)[C@H]1[C@@H](c2ccc(C)cc2)C[C@@H]2CC[C@H]1N2C/C(I)=C/C(F)(F)F,0,c1ccc(C2CC3CCC(C2)N3)cc1,493.307,4.985720000000005,29.54,0,3,4,3,1,0.55,27
CHEMBL3798401,Cc1cc(-c2n[nH]c3ccc(C(=O)N[C@H](C)c4c(Cl)cccc4Cl)cc23)ccn1,0,O=C(NCc1ccccc1)c1ccc2[nH]nc(-c3ccncc3)c2c1,425.3190000000001,5.731120000000002,70.67,2,3,4,4,4,0.13636363636363635,29
CHEMBL4165830,CC[C@H]1[C@@H](O)[C@@H]2[C@H](CC[C@]3(C)[C@@H]([C@H](C)CCNC(=O)NC4CC4)CC[C@@H]23)[C@@]2(C)CC[C@@H](O)C[C@@H]12,0,O=C(NCCCC1CCC2C1CCC1C3CCCCC3CCC21)NC1CC1,474.73000000000036,5.1009000000000055,81.59,4,3,6,5,0,0.9655172413793104,34
CHEMBL524254,CCc1ccc(CN2CCC(CNC(=O)c3cc(-c4cccc(C(F)(F)F)c4)cs3)C2)cc1,0,O=C(NCC1CCN(Cc2ccccc2)C1)c1cc(-c2ccccc2)cs1,472.5760000000001,6.248200000000005,32.34,1,3,7,4,3,0.34615384615384615,33
CHEMBL704,Nc1ccc(O)c(C(=O)O)c1,1,c1ccccc1,153.137,0.6726000000000001,83.55,3,3,1,1,1,0.0,11
CHEMBL1059,CC(C)C[C@H](CN)CC(=O)O,1,,159.229,1.0821,63.32000000000001,2,2,5,0,0,0.875,11
CHEMBL1402297,Cc1ccc(S(=O)(=O)N2CCOCC2)cc1NC(=O)COc1ncnc2ccccc12,0,O=C(COc1ncnc2ccccc12)Nc1cccc(S(=O)(=O)N2CCOCC2)c1,442.4970000000002,1.9766199999999998,110.72000000000001,1,7,6,4,3,0.2857142857142857,31
CHEMBL165608,O=S(=O)(CCNCc1ccccc1)c1ccccc1,0,O=S(=O)(CCNCc1ccccc1)c1ccccc1,275.37300000000005,2.2500999999999998,46.17,1,3,6,2,2,0.2,19
CHEMBL268355,COc1cccc(CC2CCc3nc(N)nc(N)c3C2)c1,0,c1ccc(CC2CCc3ncncc3C2)cc1,284.363,1.9971999999999999,87.05,2,5,3,3,2,0.375,21
CHEMBL579795,COCCOc1ccc(Nc2nccc(-c3c(-c4cccc(NC(=O)c5c(F)cccc5F)c4)nn4ccccc34)n2)cc1Cl,0,O=C(Nc1cccc(-c2nn3ccccc3c2-c2ccnc(Nc3ccccc3)n2)c1)c1ccccc1,627.051,7.411000000000006,102.67,2,7,10,6,6,0.09090909090909091,45
CHEMBL4297223,O=C(c1ccc(NS(=O)(=O)c2cccc3cccnc23)cc1)N1CCN(CC2CC2)CC1,1,O=C(c1ccc(NS(=O)(=O)c2cccc3cccnc23)cc1)N1CCN(CC2CC2)CC1,450.56400000000036,3.203400000000001,82.60999999999999,1,5,6,5,3,0.3333333333333333,32
CHEMBL2105395,OCCOc1ccc(/C(=C(/CCCl)c2ccccc2)c2ccccc2)cc1,1,C(=C(c1ccccc1)c1ccccc1)c1ccccc1,378.899,5.645700000000005,29.46,1,2,8,3,3,0.16666666666666666,27
CHEMBL1352196,CS(=O)(=O)N1CCN(c2ccc([N+](=O)[O-])c(SCc3ccco3)c2)CC1,0,c1cc(SCc2ccco2)cc(N2CCNCC2)c1,397.4780000000002,2.561700000000001,96.9,0,7,6,3,2,0.375,26
CHEMBL1909288,CC(=O)Oc1ccc(C2(c3ccc(OC(C)=O)cc3)C(=O)N(C(C)=O)c3ccccc32)cc1,1,O=C1Nc2ccccc2C1(c1ccccc1)c1ccccc1,443.45500000000015,3.764700000000003,89.97999999999999,0,6,4,4,3,0.15384615384615385,33
CHEMBL3729106,CN(c1ccc([C@H]2CN(c3nc(-c4ccncc4F)cc(=O)n3C)CCO2)cc1)c1ccccn1,0,O=c1cc(-c2ccncc2)nc(N2CCOC(c3ccc(Nc4ccccn4)cc3)C2)[nH]1,472.5240000000002,3.7222000000000026,76.38000000000001,0,7,5,5,4,0.23076923076923078,35
CHEMBL580579,CC(CN1CCN(CC(c2ccc(F)cc2)N2CCN(C)CC2)CC1)C(=O)c1ccc(O)cc1,0,O=C(CCN1CCN(CC(c2ccccc2)N2CCNCC2)CC1)c1ccccc1,468.61700000000036,2.9564000000000012,50.260000000000005,1,6,8,4,2,0.5185185185185185,34
CHEMBL2106483,CCOc1ccccc1OCC1CNCCO1,1,c1ccc(OCC2CNCCO2)cc1,237.29899999999992,1.4525,39.72,1,4,5,2,1,0.5384615384615384,17
CHEMBL1967564,CCCC(=O)Nc1n[nH]c2nc3ccccc3cc12,0,c1ccc2nc3[nH]ncc3cc2c1,254.293,2.8497000000000003,70.67,2,3,3,3,3,0.21428571428571427,19
CHEMBL622,CCc1cccc2c3c([nH]c12)C(CC)(CC(=O)O)OCC3,1,c1ccc2c3c([nH]c2c1)COCC3,287.35900000000004,3.383000000000002,62.32000000000001,2,2,4,3,2,0.47058823529411764,21
CHEMBL1528134,CN(C)CCCOc1nn(Cc2ccccc2)c2ccccc12,1,c1ccc(Cn2ncc3ccccc32)cc1,309.413,3.4151000000000016,30.29,0,3,7,3,3,0.3157894736842105,23
CHEMBL3194306,C=C(C)/C=N/NC(=S)Nc1ccc(S(=O)(=O)N2CCOCC2)cc1,0,O=S(=O)(c1ccccc1)N1CCOCC1,368.4840000000002,1.5557999999999996,83.03,2,5,5,2,1,0.3333333333333333,24
CHEMBL1201794,Cc1cc2nc3c(=O)[nH]c(=O)nc-3n(C[C@H](O)[C@H](O)[C@H](O)COP(=O)(O)O)c2cc1C,1,O=c1nc2[nH]c3ccccc3nc-2c(=O)[nH]1,456.3480000000002,-1.6065599999999995,208.08999999999997,6,9,7,3,1,0.4117647058823529,31
CHEMBL4083436,O=C(Nc1ccc(Cl)cc1)C1CN(C(=O)c2cccc(-c3ncccn3)c2)CC(F)(F)C1,0,O=C(Nc1ccccc1)C1CCCN(C(=O)c2cccc(-c3ncccn3)c2)C1,456.88000000000017,4.533100000000003,75.19,1,4,4,4,3,0.21739130434782608,32
CHEMBL979,CCCC(C)(COC(N)=O)COC(N)=O,1,,218.25299999999996,0.9834000000000005,104.63999999999999,2,4,6,0,0,0.7777777777777778,15
CHEMBL527807,CC(C)(C)C/C=C\c1ccc(C(=O)NCC2CC2)cc1,0,O=C(NCC1CC1)c1ccccc1,271.40399999999994,4.275800000000003,29.1,1,1,5,2,1,0.5,20
CHEMBL73430,CN(CCCCN1CCC(C(=O)c2ccc(F)cc2)CC1)C(=O)c1nsc2ccccc12,0,O=C(NCCCCN1CCC(C(=O)c2ccccc2)CC1)c1nsc2ccccc12,453.58300000000025,4.882500000000006,53.510000000000005,0,5,8,4,3,0.4,32
CHEMBL3622821,CC[C@@H]1CN(C(=O)NCC(F)(F)F)C[C@@H]1c1cnc2cnc3[nH]ccc3n12,1,c1cc2c(ncc3ncc(C4CCNC4)n32)[nH]1,380.374,2.9079000000000006,78.32,2,3,3,4,3,0.47058823529411764,27
CHEMBL2442402,CCN1CCN(Cc2c(O)ccc3oc(-c4cc(OC)c(OC)c(OC)c4)cc(=O)c23)CC1,0,O=c1cc(-c2ccccc2)oc2cccc(CN3CCNCC3)c12,454.52300000000037,3.3289000000000017,84.61000000000001,1,8,7,4,3,0.4,33
CHEMBL727,Nc1nc2[nH]cnc2c(=S)[nH]1,1,S=c1[nH]cnc2[nH]cnc12,167.197,0.59769,83.38,3,4,0,2,2,0.0,11
CHEMBL2360079,CC(=O)c1ccc2c(c1)N(CCCN1CCN(CCO)CC1)c1ccccc1S2,1,c1ccc2c(c1)Sc1ccccc1N2CCCN1CCNCC1,411.5710000000001,3.491900000000002,47.02000000000001,1,6,7,4,2,0.43478260869565216,29
CHEMBL514349,C=C[C@]1(C)C[C@@H]2OC(=O)C(C)=C2C[C@H]1C(=C)CO[C@@H]1O[C@H](CO[C@@H]2OC[C@](O)(CO)[C@H]2O)[C@@H](O)[C@H](O)[C@H]1O,0,C=C(COC1CCCC(COC2CCCO2)O1)C1CCC2OC(=O)C=C2C1,542.5780000000003,-1.3317999999999974,184.6,6,12,9,4,0,0.7307692307692307,38
CHEMBL38,CC1=C(/C=C/C(C)=C/C=C/C(C)=C/C(=O)O)C(C)(C)CCC1,1,C1=CCCCC1,300.44200000000006,5.602600000000005,37.3,1,1,5,1,0,0.45,22
CHEMBL477201,COc1ccc2c(=O)n(-c3ccc(OCCCN4CCCC4)cc3)c(C)nc2c1,0,O=c1c2ccccc2ncn1-c1ccc(OCCCN2CCCC2)cc1,393.4870000000002,3.567420000000003,56.59,0,5,7,4,3,0.391304347826087,29
CHEMBL304352,CNc1ccc(C(=O)N[C@@H](CCP(=O)(O)O[C@@H](CCC(=O)O)C(=O)O)C(=O)O)cc1,0,c1ccccc1,446.3490000000002,0.8213999999999992,199.56,6,7,13,1,1,0.4117647058823529,30
CHEMBL1200852,CC1(C)S[C@@H]2[C@H](NC(=O)COc3ccccc3)C(=O)N2[C@H]1C(=O)O,1,O=C(COc1ccccc1)NC1C(=O)N2CCSC12,350.3960000000001,0.6970999999999998,95.94000000000001,2,5,5,3,1,0.4375,24
CHEMBL237500,CC#CCn1c(N2CCC[C@@H](N)C2)nc2c1c(=O)n(Cc1nc(C)c3ccccc3n1)c(=O)n2C,1,O=c1[nH]c2nc(N3CCCCC3)[nH]c2c(=O)n1Cc1ncc2ccccc2n1,472.5530000000002,1.1474199999999997,116.86000000000001,1,7,4,5,4,0.4,35
CHEMBL3326757,OCc1cccc(-c2cc3c(Nc4ccncc4)ncnn3c2)c1,0,c1ccc(-c2cc3c(Nc4ccncc4)ncnn3c2)cc1,317.35200000000003,3.0272000000000006,75.34,2,5,4,4,4,0.05555555555555555,24
CHEMBL1507263,CC(C)(CC(=O)O)CC(=O)N1CCN(c2cc(C(F)(F)F)nc3ccccc23)CC1,0,c1ccc2c(N3CCNCC3)ccnc2c1,423.4350000000001,3.7932000000000032,73.74000000000001,1,4,5,3,2,0.47619047619047616,30
CHEMBL2103827,N[C@H](C(=O)O)[C@H](O)c1ccc(O)c(O)c1,1,c1ccccc1,213.189,-0.4569000000000002,124.01000000000002,5,5,3,1,1,0.2222222222222222,15
CHEMBL2448612,CN1C[C@H](C(=O)N[C@]2(C)O[C@@]3(O)[C@@H]4CCCN4C(=O)[C@H](Cc4ccccc4)N3C2=O)C=C2c3cccc4[nH]cc(c34)C[C@H]21,1,O=C(NC1OC2C3CCCN3C(=O)C(Cc3ccccc3)N2C1=O)C1C=C2c3cccc4[nH]cc(c34)CC2NC1,581.6730000000001,1.990800000000002,118.21000000000001,3,6,4,8,3,0.42424242424242425,43
CHEMBL1615374,N#Cc1ccc2[nH]cc(CCCCN3CCN(c4ccc5oc(C(N)=O)cc5c4)CC3)c2c1,1,c1ccc2c(CCCCN3CCN(c4ccc5occc5c4)CC3)c[nH]c2c1,441.5350000000002,4.029580000000003,102.28999999999999,2,5,7,5,4,0.3076923076923077,33
CHEMBL1289,Clc1cc(Cl)c(OCC#CI)cc1Cl,1,c1ccccc1,361.39300000000003,4.421500000000001,9.23,0,1,2,1,1,0.1111111111111111,14
CHEMBL3462461,CCOc1ccccc1C(CC(=O)Nc1ccccc1)NC(C)=O,0,O=C(CCc1ccccc1)Nc1ccccc1,326.396,3.2913000000000014,67.43,2,3,7,2,2,0.2631578947368421,24
CHEMBL3483444,Cc1[nH]c(=O)[nH]c(=O)c1CC(=O)N1CCCN(CC2CC2)C(C(C)C)C1,0,O=C(Cc1c[nH]c(=O)[nH]c1=O)N1CCCN(CC2CC2)CC1,362.4740000000001,0.883020000000001,89.26999999999998,2,4,5,3,1,0.7368421052631579,26
CHEMBL2133527,CC1ON=C(c2ccccn2)N(Cc2ccc(S(C)(=O)=O)cc2)C1=O,0,O=C1CON=C(c2ccccn2)N1Cc1ccccc1,359.4070000000001,1.5942,88.93,0,6,4,3,2,0.23529411764705882,25
CHEMBL1458437,O=C(O)CCc1ccc(-c2ccccc2)n1NC(=O)c1sc2ccccc2c1Cl,0,O=C(Nn1cccc1-c1ccccc1)c1cc2ccccc2s1,424.9090000000002,5.424300000000003,71.33,2,3,6,4,4,0.09090909090909091,29
CHEMBL267894,CCC1(CCC(C)C)C(=O)NC(=O)NC1=O,1,O=C1CC(=O)NC(=O)N1,226.27599999999998,1.1849999999999998,75.27000000000001,2,3,4,1,0,0.7272727272727273,16
CHEMBL407507,Cc1ccccc1NC(=O)NCCCC[C@H](NC(=O)[C@H](Cc1c[nH]c2ccccc12)N(C)C(=O)OC(C)(C)C)C(=O)N(C)[C@@H](CC(=O)O)C(=O)N[C@@H](Cc1ccccc1)C(N)=O,0,O=C(CNC(=O)C(CCCCNC(=O)Nc1ccccc1)NC(=O)CCc1c[nH]c2ccccc12)NCCc1ccccc1,855.006,4.245620000000003,245.36,7,8,20,4,4,0.4,62
CHEMBL1723241,CC(=O)NS(=O)(=O)c1ccc(N)cc1,1,c1ccccc1,214.246,0.0935999999999998,89.26,2,4,2,1,1,0.125,14
CHEMBL3890262,Cc1noc(C)c1Cn1cc(N2C(=O)CN(Cc3ccccc3N)C2=O)cn1,0,O=C1CN(Cc2ccccc2)C(=O)N1c1cnn(Cc2cnoc2)c1,380.4080000000001,2.0872400000000004,110.49,1,6,5,4,3,0.2631578947368421,28
CHEMBL1201016,COCC1=C(C(=O)OC(C)OC(=O)OC(C)C)N2C(=O)[C@@H](NC(=O)/C(=N\OC)c3csc(N)n3)[C@H]2SC1,1,N=C(C(=O)NC1C(=O)N2C=CCSC12)c1cscn1,557.6070000000001,0.8270000000000015,180.96999999999997,2,14,10,3,1,0.5238095238095238,37
CHEMBL941,Cc1ccc(NC(=O)c2ccc(CN3CCN(C)CC3)cc2)cc1Nc1nccc(-c2cccnc2)n1,1,O=C(Nc1cccc(Nc2nccc(-c3cccnc3)n2)c1)c1ccc(CN2CCNCC2)cc1,493.6150000000002,4.590320000000004,86.28000000000002,2,7,7,5,4,0.2413793103448276,37
CHEMBL445395,OCC1O[C@@H](O/N=C/c2ccco2)C(O)[C@@H](O)C1O,0,C(=NOC1CCCCO1)c1ccco1,273.24100000000004,-1.5700000000000005,124.88000000000001,4,8,4,2,1,0.5454545454545454,19
CHEMBL1891558,O=C(O)c1sc(C(=O)O)c(-c2ccccc2)c1-c1ccccc1,0,c1ccc(-c2cscc2-c2ccccc2)cc1,324.357,4.478500000000003,74.6,2,3,4,3,3,0.0,23
CHEMBL3989885,CC(CN(C)C)CN1c2ccccc2Sc2ccccc21,1,c1ccc2c(c1)Nc1ccccc1S2,298.45500000000004,4.487000000000004,6.48,0,3,4,3,2,0.3333333333333333,21
CHEMBL3093243,COc1ccc(N(C(=O)Nc2ccc3nc(-c4cc(-c5cnn(C6CCNCC6)c5)cnc4N)oc3c2)c2ccccc2)cc1,0,O=C(Nc1ccc2nc(-c3cncc(-c4cnn(C5CCNCC5)c4)c3)oc2c1)N(c1ccccc1)c1ccccc1,600.6830000000004,6.638800000000005,136.36,3,8,7,7,6,0.17647058823529413,45
CHEMBL468837,CCC1(C2=CCCCCC2)C(=O)NC(=O)NC1=O,1,O=C1NC(=O)C(C2=CCCCCC2)C(=O)N1,250.29799999999997,1.6392999999999995,75.27000000000001,2,3,2,2,0,0.6153846153846154,18
CHEMBL601719,C[C@@H](Oc1cc(-c2cnn(C3CCNCC3)c2)cnc1N)c1c(Cl)ccc(F)c1Cl,1,c1ccc(COc2cncc(-c3cnn(C4CCNCC4)c3)c2)cc1,450.34500000000014,5.037700000000004,77.99,2,5,5,4,3,0.3333333333333333,30
CHEMBL248752,COc1ccc(C(Cc2cc(-c3ccc(Cl)cc3)n(-c3ccc(OC)cc3)n2)C(=O)O)cc1,0,c1ccc(CCc2cc(-c3ccccc3)n(-c3ccccc3)n2)cc1,462.93300000000016,5.620800000000005,73.58,1,4,8,4,4,0.15384615384615385,33
CHEMBL457717,CCCCNc1cc2c3c(cccc3c1)C(=O)N(CCN(C)C)C2=O,0,O=C1NC(=O)c2cccc3cccc1c23,339.4390000000001,3.2094000000000014,52.650000000000006,1,4,7,3,2,0.4,25
CHEMBL2062266,COc1ccc2c3c1O[C@H]1[C@@H](O)CC[C@H]4[C@@H](C2)N(C)CC[C@@]341,1,c1cc2c3c(c1)OC1CCCC4C(C2)NCCC314,301.3860000000001,1.7251,41.93,1,4,1,5,1,0.6666666666666666,22
CHEMBL1524273,O=C(O)c1ccccc1C(=O)Nc1ccc(S(=O)(=O)Nc2nccs2)cc1,1,O=C(Nc1ccc(S(=O)(=O)Nc2nccs2)cc1)c1ccccc1,403.4410000000001,2.894400000000001,125.46,3,6,6,3,3,0.0,27
CHEMBL312967,COc1ccc2[nH]c3c(c2c1)C1c2cccc(OC)c2C1(O)CC3,0,c1ccc2c(c1)C1CCc3[nH]c4ccccc4c3C21,321.37600000000015,3.4644000000000013,54.480000000000004,2,3,2,5,3,0.3,24
CHEMBL1201043,CC(=O)OCC1=C(C(=O)O)N2C(=O)[C@@H](NC(=O)CSc3ccncc3)[C@H]2SC1,1,O=C(CSc1ccncc1)NC1C(=O)N2C=CCSC12,423.4720000000001,0.4754000000000007,125.89999999999999,2,8,7,3,1,0.35294117647058826,28
CHEMBL1448187,OCCN1CCN(CCCN2c3ccccc3Sc3ccc(C(F)(F)F)cc32)CC1,1,c1ccc2c(c1)Sc1ccccc1N2CCCN1CCNCC1,437.5310000000002,4.308100000000003,29.950000000000003,1,5,6,4,2,0.45454545454545453,30
CHEMBL1200805,COc1ccc([C@@H]2Sc3ccccc3N(CCN(C)C)C(=O)[C@@H]2OC(C)=O)cc1,1,O=C1CC(c2ccccc2)Sc2ccccc2N1,414.52700000000016,3.368500000000002,59.080000000000005,0,6,6,3,2,0.36363636363636365,29
CHEMBL1711280,CN(C)CC/C=C1\c2ccccc2CSc2ccccc21,1,C=C1c2ccccc2CSc2ccccc21,295.451,4.675700000000004,3.24,0,2,3,3,2,0.2631578947368421,21
CHEMBL1594516,O=C(NC1CCCCCCC1)C1CCC(CNc2c(N3CCCC3)c(=O)c2=O)CC1,0,O=C(NC1CCCCCCC1)C1CCC(CNc2c(N3CCCC3)c(=O)c2=O)CC1,415.5780000000004,3.3302000000000014,78.51,2,5,6,4,1,0.7916666666666666,30
CHEMBL2105566,CC(Cc1ccccc1)NCCC#N,1,c1ccccc1,188.27399999999994,2.1208799999999997,35.82,1,2,5,1,1,0.4166666666666667,14
CHEMBL1396835,Cc1ccc(-n2nc(C)c(C(=O)O)c2-n2cccc2)cc1,0,c1ccc(-n2nccc2-n2cccc2)cc1,281.31500000000005,2.978040000000001,60.050000000000004,1,2,3,3,3,0.125,21
CHEMBL488,CCC1(c2ccc(N)cc2)CCC(=O)NC1=O,1,O=C1CCC(c2ccccc2)C(=O)N1,232.28299999999996,1.3532,72.19,2,3,2,2,1,0.38461538461538464,17
CHEMBL1201173,CC(=O)[C@H]1CC[C@H]2[C@@H]3C[C@H](C)C4=CC(=O)CC[C@]4(C)[C@H]3[C@@H](O)C[C@]12C,1,O=C1C=C2CCC3C4CCCC4CCC3C2CC1,344.49500000000006,3.9403000000000032,54.370000000000005,1,3,1,4,0,0.8181818181818182,25
CHEMBL3503958,CN(C)C(=O)CN1CCC2(CCCN(Cc3cccnc3)C2)C1=O,0,O=C1NCCC12CCCN(Cc1cccnc1)C2,330.432,0.9842999999999991,56.75000000000001,0,4,4,3,1,0.6111111111111112,24
CHEMBL3182320,C[C@@H]1O[C@@H](OC[C@H]2O[C@@H](Oc3c(-c4ccc(OCCO)c(OCCO)c4)oc4cc(OCCO)cc(O)c4c3=O)[C@H](O)[C@@H](O)[C@@H]2O)[C@H](O)[C@H](O)[C@H]1O,1,O=c1c(OC2CCCC(COC3CCCCO3)O2)c(-c2ccccc2)oc2ccccc12,742.6800000000007,-2.6905999999999968,297.12,10,19,15,5,3,0.5454545454545454,52
CHEMBL73574,CCOc1ccc(Br)cc1-c1cc(Nc2ccc(C(=O)NO)cc2)nc(N)n1,0,c1ccc(Nc2cc(-c3ccccc3)ncn2)cc1,444.28900000000016,3.749600000000001,122.39,4,7,6,3,3,0.10526315789473684,28
CHEMBL1742423,CCOCCn1c(C2CCN(CCc3ccc(C(C)(C)C(=O)O)cc3)CC2)nc2ccccc21,1,c1ccc(CCN2CCC(c3nc4ccccc4[nH]3)CC2)cc1,463.62200000000024,4.857100000000004,67.59,1,4,10,4,3,0.5,34
CHEMBL527,CN1C(C(=O)Nc2ccccn2)=C(O)c2ccccc2S1(=O)=O,1,O=C(Nc1ccccn1)C1=Cc2ccccc2S(=O)(=O)N1,331.35300000000007,1.5809999999999997,99.6,2,5,2,3,2,0.06666666666666667,23
CHEMBL214513,CCc1ccc(-c2ccc(C(=O)N(C)[C@H]3CCN(C(=O)N4CC[C@@H](NC5CCC(C)(C)CC5)C4)C3)s2)cc1,0,O=C(NC1CCN(C(=O)N2CCC(NC3CCCCC3)C2)C1)c1ccc(-c2ccccc2)s1,536.7860000000004,5.876500000000006,55.89000000000001,1,4,6,5,2,0.6129032258064516,38
CHEMBL1200562,CCCCC(=O)O[C@]1(C(=O)CO)CC[C@H]2[C@@H]3CCC4=CC(=O)CC[C@]4(C)[C@H]3[C@@H](O)C[C@@]21C,1,O=C1C=C2CCC3C4CCCC4CCC3C2CC1,446.58400000000023,3.522700000000002,100.90000000000002,2,6,6,4,0,0.8076923076923077,32
CHEMBL295644,COc1cc(-c2ncn(C)c2-c2ccc3ccn(C)c3c2)cc(OC)c1OC,0,c1ccc(-c2nc[nH]c2-c2ccc3cc[nH]c3c2)cc1,377.4440000000002,4.271600000000003,50.44,0,4,5,4,4,0.22727272727272727,28
CHEMBL567,OCCN1CCN(CCCN2c3ccccc3Sc3ccc(Cl)cc32)CC1,1,c1ccc2c(c1)Sc1ccccc1N2CCCN1CCNCC1,403.9790000000002,3.942700000000003,29.950000000000003,1,5,6,4,2,0.42857142857142855,27
CHEMBL1429983,COC(=O)c1[nH]c(C)c(C(=O)C2=C(O)C(=O)N(CCN(C)C)C2c2ccccc2OC)c1C,0,O=C1C=C(C(=O)c2cc[nH]c2)C(c2ccccc2)N1,455.51100000000025,2.5666400000000005,112.17,2,7,8,3,2,0.375,33
CHEMBL571571,COc1ccc(Nc2ncnc3ccc(NC(=S)Nc4ccc(Br)cc4)cc23)cc1,0,S=C(Nc1ccccc1)Nc1ccc2ncnc(Nc3ccccc3)c2c1,480.39100000000013,5.953400000000003,71.1,3,5,5,4,4,0.045454545454545456,30
CHEMBL998,CCOC(=O)N1CCC(=C2c3ccc(Cl)cc3CCc3cccnc32)CC1,1,c1ccc2c(c1)CCc1cccnc1C2=C1CCNCC1,382.89100000000025,4.887800000000005,42.43,0,3,1,4,2,0.36363636363636365,27
CHEMBL3407566,CN(C(=O)C[C@@]1(C)C[C@H](c2cccc(Cl)c2)[C@@H](c2ccc(Cl)cc2)N([C@H](CS(=O)(=O)C(C)(C)C)C2CC2)C1=O)c1ccc(C(=O)O)cc1,0,O=C(CC1CC(c2ccccc2)C(c2ccccc2)N(CC2CC2)C1=O)Nc1ccccc1,713.724,7.80010000000001,112.06000000000002,1,5,10,5,3,0.43243243243243246,48
CHEMBL1200678,COC(=O)N[C@H](C(=O)N[C@@H](Cc1ccccc1)[C@@H](O)CN(Cc1ccc(-c2ccccn2)cc1)NC(=O)[C@@H](NC(=O)OC)C(C)(C)C)C(C)(C)C,1,c1ccc(CCCCNCc2ccc(-c3ccccn3)cc2)cc1,704.869,4.2116000000000025,171.21999999999997,5,9,14,3,3,0.4473684210526316,51
CHEMBL1201139,CC(=O)O[C@]1(C(C)=O)CC[C@H]2[C@@H]3C=C(C)C4=CC(=O)CC[C@]4(C)[C@H]3CC[C@@]21C,1,O=C1C=C2C=CC3C4CCCC4CCC3C2CC1,384.51600000000025,4.575300000000005,60.440000000000005,0,4,2,4,0,0.7083333333333334,28
CHEMBL2106615,Cc1c(-c2ccc(O)cc2)n(Cc2ccc(OCCN3CCCCCC3)cc2)c2ccc(O)cc12,1,c1ccc(-c2cc3ccccc3n2Cc2ccc(OCCN3CCCCCC3)cc2)cc1,470.6130000000003,6.331020000000006,57.86,2,4,7,5,4,0.3333333333333333,35
CHEMBL2146146,CN1[C@@H]2CC[C@H]1C[C@@H](OC(=O)C(CO)c1ccccc1)C2,1,O=C(Cc1ccccc1)OC1CC2CCC(C1)N2,289.37500000000006,1.9308999999999996,49.769999999999996,1,4,4,3,1,0.5882352941176471,21
CHEMBL1290238,CCn1c(S)n[n+]2c(N)c(C#N)c(-c3ccc(N4CCOCC4)cc3)c(C#N)c12,0,c1n[n+]2ccc(-c3ccc(N4CCOCC4)cc3)cc2[nH]1,406.4950000000003,1.75956,107.98999999999998,2,7,3,4,3,0.3,29
CHEMBL2364608,Cn1c(Cn2ccc(C(F)(F)F)c(Oc3cc(Cl)cc(C#N)c3)c2=O)n[nH]c1=O,1,O=c1[nH]nc(Cn2cccc(Oc3ccccc3)c2=O)[nH]1,425.7540000000001,2.654580000000001,105.69999999999999,1,5,4,3,3,0.17647058823529413,29
CHEMBL4113375,COc1cc(-c2noc(C(C)Nc3nccc(N4C(=O)OC[C@@H]4[C@@H](C)O)n3)n2)ccc1Cl,0,O=C1OCCN1c1ccnc(NCc2nc(-c3ccccc3)no2)n1,460.87800000000016,3.067700000000001,135.73000000000002,2,10,7,4,3,0.35,32
CHEMBL1201352,C=CC[N+]1([C@H]2C[C@H]3[C@@H]4CC[C@H]5C[C@H](OC(C)=O)[C@@H](N6CCCCC6)C[C@]5(C)[C@H]4CC[C@]3(C)[C@H]2OC(=O)CC)CCCCC1,1,C1CCN(C2CCC3CCC4C5CC([NH+]6CCCCC6)CC5CCC4C3C2)CC1,597.9050000000001,6.912200000000008,55.839999999999996,0,5,7,6,0,0.8918918918918919,43
CHEMBL1161,C[C@@H]1C[C@H]2[C@@H]3CCC4=CC(=O)C=C[C@]4(C)[C@@]3(Cl)[C@@H](O)C[C@]2(C)[C@@]1(OC(=O)c1ccco1)C(=O)CCl,1,O=C1C=CC2C(=C1)CCC1C2CCC2C(OC(=O)c3ccco3)CCC21,521.4370000000004,4.869200000000005,93.81,1,6,4,5,1,0.5925925925925926,35
CHEMBL980,COc1ccccc1OCC(O)CO,1,c1ccccc1,198.21799999999996,0.4272000000000001,58.92,2,4,5,1,1,0.4,14
CHEMBL116217,C[N+](C)(C)c1ccc(CC(=O)OCCCCCn2ccc3cc([N+](=O)[O-])ccc32)cc1,0,O=C(Cc1ccccc1)OCCCCCn1ccc2ccccc21,424.5210000000001,4.702400000000004,74.37,0,4,10,3,3,0.375,31
CHEMBL3989868,Cc1cc(Nc2ncnc3ccc(NC4=NC(C)(C)CO4)cc23)ccc1Oc1ccn2ncnc2c1,1,c1nc(Nc2ccc(Oc3ccn4ncnc4c3)cc2)c2cc(NC3=NCCO3)ccc2n1,480.53200000000027,5.093520000000003,110.85000000000001,2,9,5,6,5,0.19230769230769232,36
CHEMBL1200735,COc1c(N2C[C@@H]3CCCN[C@@H]3C2)c(F)cc2c(=O)c(C(=O)O)cn(C3CC3)c12,1,O=c1ccn(C2CC2)c2cc(N3CC4CCCNC4C3)ccc12,401.4380000000002,2.3705000000000007,83.80000000000001,2,5,4,5,2,0.5238095238095238,29
CHEMBL3914976,CC(C)Oc1cc2c(-c3cc(N4C[C@@H](C)O[C@@H](C)C4)ncn3)n[nH]c2cc1F,0,c1ccc2c(-c3cc(N4CCOCC4)ncn3)n[nH]c2c1,385.44300000000004,3.559800000000002,76.16,1,6,4,4,3,0.45,28
CHEMBL1200544,CC1=C(C(=O)O)N2C(=O)[C@@H](NC(=O)[C@H](N)c3ccccc3)[C@H]2SC1,1,O=C(Cc1ccccc1)NC1C(=O)N2C=CCSC12,347.3960000000001,0.4449000000000012,112.73,3,5,4,3,1,0.3125,24
CHEMBL2403238,C[C@H]1CO[C@@H]2Cn3cc(C(=O)NCc4ccc(F)cc4F)c(=O)c(O)c3C(=O)N12,1,O=C(NCc1ccccc1)c1cn2c(cc1=O)C(=O)N1CCOC1C2,405.35700000000014,0.9626999999999997,100.86999999999999,2,5,3,4,2,0.3157894736842105,29
CHEMBL1201760,N[C@@H]1CCCCN(c2c(F)cc3c(=O)c(C(=O)O)cn(C4CC4)c3c2Cl)C1,1,O=c1ccn(C2CC2)c2cc(N3CCCCCC3)ccc12,393.8460000000001,3.144700000000001,88.56,2,4,3,4,2,0.47368421052631576,27
CHEMBL1256987,CC(=O)O[C@H]1C[C@@]2(C)[C@@H](C[C@@H](O)[C@H]3[C@@]4(C)CC[C@@H](O)[C@@H](C)[C@@H]4CC[C@@]32C)/C1=C(\CCC=C(C)C)C(=O)O,1,C=C1CCC2C1CCC1C3CCCCC3CCC21,516.7190000000004,5.6661000000000055,104.06000000000002,3,5,5,4,0,0.8064516129032258,37
CHEMBL1094,NC(=O)OCC(COC(N)=O)c1ccccc1,1,c1ccccc1,238.24300000000002,0.9607999999999993,104.64000000000001,2,4,5,1,1,0.2727272727272727,17
CHEMBL307473,CC1(C)CC(=O)c2csc(-c3cc[nH]n3)c2C1,0,O=C1CCCc2c1csc2-c1cc[nH]n1,246.33499999999998,3.2933000000000012,45.75,1,3,1,3,2,0.38461538461538464,17
CHEMBL72,CNCCCN1c2ccccc2CCc2ccccc21,1,c1ccc2c(c1)CCc1ccccc1N2,266.388,3.5328000000000026,15.27,1,2,4,3,2,0.3333333333333333,20
CHEMBL458817,COc1cc(C(C)C#Cc2c(C)nc(N)nc2N)ccc1-c1c(C)cccc1C,0,C(#Cc1cncnc1)Cc1ccc(-c2ccccc2)cc1,386.49900000000014,4.397060000000002,87.05,2,5,3,3,3,0.25,29
CHEMBL571695,O=C(N/N=C/c1ccc(O)cc1)c1cnccn1,0,O=C(NN=Cc1ccccc1)c1cnccn1,242.238,0.9460999999999999,87.47,2,5,3,2,2,0.0,18
CHEMBL4101807,CC(C)n1nccc1-c1ncccc1COc1cccc(O)c1C=O,1,c1ccc(OCc2cccnc2-c2ccn[nH]2)cc1,337.379,3.6231000000000027,77.24000000000001,1,5,6,3,3,0.21052631578947367,25
CHEMBL1200971,CC(=O)OCC1=C(C(=O)O)N2C(=O)[C@@H](NC(=O)[C@H](N)c3ccccc3)[C@H]2SC1,1,O=C(Cc1ccccc1)NC1C(=O)N2C=CCSC12,405.43200000000013,-0.01189999999999758,139.03,3,7,6,3,1,0.3333333333333333,28
CHEMBL4283548,O=C1CCc2cc(CCCCN3CCC(c4noc5cc(F)ccc45)CC3)cc3c2N1CC3,0,O=C1CCc2cc(CCCCN3CCC(c4noc5ccccc45)CC3)cc3c2N1CC3,447.55400000000026,5.004500000000005,49.580000000000005,0,4,6,6,3,0.48148148148148145,33
CHEMBL599,Cc1cnc(NC(=O)C2=C(O)c3ccccc3S(=O)(=O)N2C)s1,1,O=C(Nc1nccs1)C1=Cc2ccccc2S(=O)(=O)N1,351.4090000000001,1.95092,99.59999999999998,2,6,2,3,2,0.14285714285714285,23
CHEMBL444633,CO[C@H]1/C=C/O[C@@]2(C)Oc3c(C)c(O)c4c(c3C2=O)C2=NC3(CCN(CC(C)C)CC3)NC2=C(NC(=O)/C(C)=C\C=C\[C@H](C)[C@H](O)[C@@H](C)[C@@H](O)[C@@H](C)[C@H](OC(C)=O)[C@@H]1C)C4=O,1,O=C1C=CC=CCCCCCCCCC=COC2Oc3ccc4c(c3C2=O)C2=NC3(CCNCC3)NC2=C(N1)C4=O,847.0190000000003,4.615720000000003,205.54999999999995,5,14,4,6,1,0.5869565217391305,61
CHEMBL4082247,CN(C)CCCNc1c2ccccc2nc2c1oc1c(OCCCN(C)C)cccc12,0,c1ccc2nc3c(cc2c1)oc1ccccc13,420.55700000000024,4.828300000000004,53.77,1,6,10,4,4,0.4,31
CHEMBL139822,C=C(C)[C@@H]1CC[C@]2(COC(=O)CC3(CC(=O)O)CCCC3)CC[C@]3(C)[C@H](CC[C@@H]4[C@@]5(C)CC[C@H](O)C(C)(C)[C@@H]5CC[C@]43C)[C@@H]12,0,O=C(CC1CCCC1)OCC12CCCC1C1CCC3C4CCCCC4CCC3C1CC2,610.9200000000002,8.973300000000005,83.83000000000001,2,4,7,6,0,0.8974358974358975,44
CHEMBL2158552,Brc1ccc(Nc2nc(-c3ccccc3)nc3ccccc23)cc1,0,c1ccc(Nc2nc(-c3ccccc3)nc3ccccc23)cc1,376.25700000000006,5.802900000000004,37.81,1,3,3,4,4,0.0,24
CHEMBL1548943,CCC(C)(C)n1nnnc1C(c1ccc(C)cc1)N1CCC(C)CC1,0,c1ccc(C(c2nnn[nH]2)N2CCCCC2)cc1,341.5030000000002,3.9479200000000034,46.84,0,4,5,3,2,0.65,25
CHEMBL1359524,CC(C)OCCCNC(=O)C1CC(=O)N(CCc2ccccc2)C1,0,O=C1CCCN1CCc1ccccc1,332.444,2.0088999999999992,58.64,1,3,9,2,1,0.5789473684210527,24
CHEMBL448,CCCC(C)C1(CC)C(=O)NC(=O)NC1=O,1,O=C1CC(=O)NC(=O)N1,226.276,1.1849999999999998,75.27000000000001,2,3,4,1,0,0.7272727272727273,16
CHEMBL3805655,O=C1N[C@H](c2cc(C#Cc3ccccc3)ccn2)[C@@H](c2ccccc2)O1,0,O=C1NC(c2cc(C#Cc3ccccc3)ccn2)C(c2ccccc2)O1,340.3820000000001,4.003600000000002,51.22,1,3,2,4,3,0.09090909090909091,26
CHEMBL691,C#C[C@]1(O)CC[C@H]2[C@@H]3CCc4cc(O)ccc4[C@H]3CC[C@@]21C,1,c1ccc2c(c1)CCC1C2CCC2CCCC21,296.4100000000001,3.6126000000000023,40.46,2,2,0,4,1,0.6,22
CHEMBL452990,Nc1ccc(S(=O)(=O)Nc2cc(Cl)cc(Cl)c2)cc1,0,O=S(=O)(Nc1ccccc1)c1ccccc1,317.197,3.376400000000001,72.19,2,3,3,2,2,0.0,19
CHEMBL1029,CCCCN1C[C@H](O)[C@@H](O)[C@H](O)[C@H]1CO,1,C1CCNCC1,219.28099999999998,-1.4542999999999995,84.16000000000001,4,5,4,1,0,1.0,15
CHEMBL2103844,NCCNc1ccc(NCCN)c2c1C(=O)c1ccncc1C2=O,1,O=C1c2ccccc2C(=O)c2cnccc21,325.372,0.5982000000000002,123.13,4,7,6,3,2,0.23529411764705882,24
CHEMBL444868,Nc1ncnc2c1ncn2C12CC(OP(=O)(O)O)C(COP(=O)(O)O)C1C2,0,c1ncc2ncn(C34CCCC3C4)c2n1,421.2430000000001,-0.2692000000000001,203.14,5,8,6,4,2,0.5833333333333334,27
CHEMBL3818443,COc1cc2c(c(OC)c1OC)-c1c(cc3c(c1OC)OCO3)C[C@H](C)[C@](C)(O)[C@H]2OC(=O)c1ccc([N+](=O)[O-])cc1Br,0,O=C(OC1CCCc2cc3c(cc2-c2ccccc21)OCO3)c1ccccc1,660.4700000000004,5.6287000000000065,145.05000000000004,1,11,7,5,3,0.36666666666666664,43
CHEMBL411,CC/C(=C(/CC)c1ccc(O)cc1)c1ccc(O)cc1,1,C(=Cc1ccccc1)c1ccccc1,268.356,4.828600000000005,40.46,2,2,4,2,2,0.2222222222222222,20
CHEMBL3460273,COC(=O)COc1cc(NCc2c(C)noc2C)c(Cl)cc1C,0,c1ccc(NCc2cnoc2)cc1,338.79100000000005,3.4171600000000018,73.59,1,6,6,2,2,0.375,23
CHEMBL1093520,O=C(CCl)Nc1ccc(-c2nc3cc(C(F)(F)F)ccc3n2C23CC4CC(CC(C4)C2)C3)cc1,0,c1ccc(-c2nc3ccccc3n2C23CC4CC(CC(C4)C2)C3)cc1,487.9530000000003,6.824700000000005,46.92,1,2,4,7,3,0.46153846153846156,34
CHEMBL1201115,COC(=O)CCc1ccc(OCC(O)CNC(C)C)cc1,1,c1ccccc1,295.379,1.5298999999999996,67.79,2,5,9,1,1,0.5625,21
CHEMBL4298149,[O-][n+]1cccc(/C(Cl)=N/OC[C@H](O)CN2CCCCC2)c1,1,C(=NOCCCN1CCCCC1)c1ccc[nH+]c1,313.78500000000014,1.0838,72.0,1,5,6,2,1,0.5714285714285714,21
CHEMBL3688888,C[C@H]1COCCN1c1nc(N2CCOC[C@@H]2C)c2ccc(-c3ccc([N+](=O)[O-])cc3)nc2n1,0,c1ccc(-c2ccc3c(N4CCOCC4)nc(N4CCOCC4)nc3n2)cc1,450.49900000000014,3.050200000000001,106.75,0,9,4,5,3,0.43478260869565216,33
CHEMBL3989569,CCCCCN(C)CCC(O)(P(=O)(O)O)P(=O)(O)O,1,,319.23100000000005,0.4999999999999996,138.53,5,4,9,0,0,1.0,19
CHEMBL3503949,Cc1ccc(CN2CCCn3nnc(COCCN(C)C)c3C2)s1,0,c1csc(CN2CCCn3nncc3C2)c1,349.5040000000001,2.1321199999999996,46.42000000000001,0,6,7,3,2,0.6470588235294118,24
CHEMBL1200712,Cc1cc(-c2ccc(/N=N/c3ccc4c(S(=O)(=O)O)cc(S(=O)(=O)O)c(N)c4c3O)c(C)c2)ccc1/N=N/c1ccc2c(S(=O)(=O)O)cc(S(=O)(=O)O)c(N)c2c1O,1,c1ccc2cc(N=Nc3ccc(-c4ccc(N=Nc5ccc6ccccc6c5)cc4)cc3)ccc2c1,872.8940000000001,6.670040000000006,359.42,8,16,9,6,6,0.058823529411764705,58
CHEMBL3989908,CC(C)(O)CNc1nc(Nc2ccnc(C(F)(F)F)c2)nc(-c2cccc(C(F)(F)F)n2)n1,1,c1ccc(-c2ncnc(Nc3ccncc3)n2)nc1,473.3810000000001,4.292600000000002,108.74,3,8,6,3,3,0.3157894736842105,33
CHEMBL1717767,Cc1ccc(NC(=O)CSc2nc(=O)n(Cc3cccnc3)c3c2CCC3)cc1F,0,O=C(CSc1nc(=O)n(Cc2cccnc2)c2c1CCC2)Nc1ccccc1,424.5010000000002,3.353620000000002,76.88,1,5,6,4,3,0.2727272727272727,30
CHEMBL513,O=NN(CCCl)C(=O)NCCCl,1,,214.052,1.157,61.77,1,3,5,0,0,0.8,12
CHEMBL5,CCn1cc(C(=O)O)c(=O)c2ccc(C)nc21,1,O=c1cc[nH]c2ncccc12,232.23899999999998,1.4230200000000002,72.19,1,3,2,2,2,0.25,17
CHEMBL1802227,C[C@H](CCCc1ccoc1)CC(=O)C[C@@H](C)CCCc1ccoc1,0,O=C(CCCCCc1ccoc1)CCCCCc1ccoc1,330.468,5.839700000000006,43.35,0,3,12,2,2,0.5714285714285714,24
CHEMBL137429,CC(=O)OC1CCn2c1nc1c2C(=O)C=C(N2CC2)C1=O,0,O=C1C(N2CC2)=CC(=O)c2c1nc1n2CCC1,287.27500000000003,0.46950000000000003,81.27000000000001,0,6,2,4,1,0.42857142857142855,21
CHEMBL1082034,COc1cc(O)c2c(c1)/C=C/C[C@H](O)[C@H](O)/C=C\[C@@H](Cc1ccccc1)[C@H](C)OC2=O,0,O=C1OCC(Cc2ccccc2)C=CCCCC=Cc2ccccc21,424.4930000000002,3.499900000000002,96.22,3,6,3,3,2,0.32,31
CHEMBL1254682,C=CCN1CC[C@]23CCCC[C@H]2[C@H]1Cc1ccc(O)cc13,1,c1ccc2c(c1)CC1NCCC23CCCCC13,283.415,3.6366000000000023,23.47,1,2,2,4,1,0.5789473684210527,21
CHEMBL569713,CN1[C@@H]2C[C@@H](OC(=O)[C@H](CO)c3ccccc3)C[C@H]1[C@@H]1O[C@@H]12,1,O=C(Cc1ccccc1)OC1CC2NC(C1)C1OC21,303.358,0.9180999999999995,62.3,1,5,4,4,1,0.5882352941176471,22
CHEMBL1200948,CC(CN(C)C)CN1c2ccccc2CCc2ccccc21,1,c1ccc2c(c1)CCc1ccccc1N2,294.442,4.121000000000003,6.48,0,2,4,3,2,0.4,22
CHEMBL1200950,C[N+]12CCC(CC1)C(OC(=O)C(O)(c1ccccc1)c1ccccc1)C2,1,O=C(OC1C[NH+]2CCC1CC2)C(c1ccccc1)c1ccccc1,352.45400000000006,2.7045000000000012,46.53,1,3,4,5,2,0.4090909090909091,26
CHEMBL359332,Cc1noc(NS(=O)(=O)c2ccccc2-c2ccccc2N(C)C)c1C,0,O=S(=O)(Nc1ccno1)c1ccccc1-c1ccccc1,371.46200000000016,3.8252400000000026,75.44,1,5,5,3,3,0.21052631578947367,26
CHEMBL3719053,COc1cc(OCc2csc(-c3cccc(O)c3)n2)c2cc(-c3cn4nc(C)ccc4n3)oc2c1,0,c1ccc(-c2nc(COc3cccc4oc(-c5cn6ncccc6n5)cc34)cs2)cc1,484.5370000000002,5.867620000000005,94.91,1,8,6,6,6,0.11538461538461539,35
CHEMBL1023,C=C(c1ccc(C(=O)O)cc1)c1cc2c(cc1C)C(C)(C)CCC2(C)C,1,C=C(c1ccccc1)c1ccc2c(c1)CCCC2,348.48600000000016,6.103720000000005,37.3,1,1,3,3,2,0.375,26
CHEMBL595948,N#Cc1ccc2[nH]c(C(=O)O)nc2c1,0,c1ccc2[nH]cnc2c1,187.158,1.13278,89.77,2,3,1,2,2,0.0,14
CHEMBL1200623,CC[C@]1(O)CC[C@H]2[C@@H]3CCC4=CCCC[C@@H]4[C@H]3CC[C@@]21C,1,C1=C2CCC3C4CCCC4CCC3C2CCC1,288.475,5.090300000000005,20.23,1,1,1,4,0,0.9,21
CHEMBL3984315,Cc1noc(-c2ccc(Nc3nn(C4(CC#N)CCN(C(=O)OC(C)(C)C)CC4)cc3C(N)=O)cc2)n1,0,c1noc(-c2ccc(Nc3ccn(C4CCNCC4)n3)cc2)n1,506.5670000000003,3.723900000000002,165.19,2,9,6,4,3,0.44,37
CHEMBL1852124,COc1cccc(CN2CCC(=O)C(C(c3ccc(F)cc3)c3ccc(F)cc3)C2)c1,0,O=C1CCN(Cc2ccccc2)CC1C(c1ccccc1)c1ccccc1,421.4870000000001,5.196500000000006,29.54,0,3,6,4,3,0.2692307692307692,31
CHEMBL1337326,Cc1nc2ccccc2c(=O)n1CCCn1ccnc1,0,O=c1c2ccccc2ncn1CCCn1ccnc1,268.31999999999994,1.99172,52.71,0,3,4,3,3,0.26666666666666666,20
CHEMBL695,CN1C(=O)OC(C)(C)C1=O,1,O=C1COC(=O)N1,143.142,0.37359999999999993,46.61,0,3,0,1,0,0.6666666666666666,10
CHEMBL3989514,CCc1c2c(nc3ccc(OC(=O)N4CCC(N5CCCCC5)CC4)cc13)-c1cc3c(c(=O)n1C2)COC(=O)[C@]3(O)CC,1,O=C1Cc2cc3n(c(=O)c2CO1)Cc1cc2cc(OC(=O)N4CCC(N5CCCCC5)CC4)ccc2nc1-3,586.6890000000004,4.0911000000000035,114.2,1,8,4,7,3,0.5151515151515151,43
CHEMBL500,CC(C)NCC(O)COc1cccc2[nH]ccc12,1,c1ccc2[nH]ccc2c1,248.32600000000002,1.9055999999999995,57.279999999999994,3,3,6,2,2,0.42857142857142855,18
CHEMBL2131257,CC1(c2nc3ccccc3cc2C#N)OCCO1,0,c1ccc2nc(C3OCCO3)ccc2c1,240.26199999999994,2.3259800000000004,55.14,0,4,1,3,2,0.2857142857142857,18
CHEMBL3676888,CN(C)S(=O)(=O)N[C@H]1CC[C@H](CCN2CCC(c3coc4ccccc34)CC2)CC1,0,c1ccc2c(C3CCN(CCC4CCCCC4)CC3)coc2c1,433.6180000000002,3.957100000000003,65.79,1,4,7,4,2,0.6521739130434783,30
CHEMBL3216351,Fc1ccc(CN(Cc2nc3ccccc3[nH]2)c2cc(C(F)(F)F)cc(C(F)(F)F)c2)c(F)c1,0,c1ccc(CN(Cc2nc3ccccc3[nH]2)c2ccccc2)cc1,485.3780000000001,7.085500000000004,31.92,1,2,5,4,4,0.17391304347826086,34
CHEMBL4301581,CC(C)(C)c1cc(C(C)(C)C)cc(S(=O)(=O)N2CCC(C(=O)NCCNC(=N)N)CC2)c1,0,O=S(=O)(c1ccccc1)N1CCCCC1,465.66400000000027,2.281570000000002,128.38000000000002,4,4,6,2,1,0.6521739130434783,32
CHEMBL1561,OCCN1C[C@H](O)[C@@H](O)[C@H](O)[C@H]1CO,1,C1CCNCC1,207.226,-3.262099999999999,104.39000000000001,5,6,3,1,0,1.0,14
CHEMBL112405,CN(C(=O)CN1CCOCC1)c1ccccc1-c1cnc(Nc2ccc3c(-c4cnco4)c[nH]c3c2)o1,0,O=C(CN1CCOCC1)Nc1ccccc1-c1cnc(Nc2ccc3c(-c4cnco4)c[nH]c3c2)o1,498.5430000000002,4.516500000000003,112.66000000000001,2,8,7,6,5,0.2222222222222222,37
CHEMBL1201204,Cc1cc(O)c(C(=O)N[C@@H](C(=O)N[C@@H]2C(=O)N3C(C(=O)O)=C(CSc4nnnn4C)CS[C@H]23)c2ccc(O)cc2)cn1,1,O=C(NC(C(=O)NC1C(=O)N2C=C(CSc3nnn[nH]3)CSC12)c1ccccc1)c1cccnc1,612.6500000000003,0.3267200000000013,212.76,5,12,9,5,3,0.28,42
CHEMBL3319031,Cc1ccc(NC(=O)Nc2cc3ncncc3cc2OCc2cccc(F)c2)cc1,0,O=C(Nc1ccccc1)Nc1cc2ncncc2cc1OCc1ccccc1,402.42900000000014,5.300320000000003,76.14,2,4,5,4,4,0.08695652173913043,30
CHEMBL2105760,O=c1ccc2ccc(OCCCCN3CCN(c4cccc5sccc45)CC3)cc2[nH]1,1,O=c1ccc2ccc(OCCCCN3CCN(c4cccc5sccc45)CC3)cc2[nH]1,433.5770000000001,4.724000000000004,48.57,1,5,7,5,4,0.32,31
CHEMBL2103870,Cc1ccc(NC(=O)C2(c3ccc4c(c3)OC(F)(F)O4)CC2)nc1-c1cccc(C(=O)O)c1,1,O=C(Nc1cccc(-c2ccccc2)n1)C1(c2ccc3c(c2)OCO3)CC1,452.41300000000024,4.747020000000004,97.75000000000001,2,5,5,5,3,0.20833333333333334,33
CHEMBL1200531,CCC(=O)N(c1ccccc1)C1(COC)CCN(CCn2nnn(CC)c2=O)CC1,1,O=c1[nH]nnn1CCN1CCC(Nc2ccccc2)CC1,416.52600000000024,1.3838999999999997,85.49000000000001,0,6,9,3,2,0.6190476190476191,30
CHEMBL1256,FC(F)OC(Cl)C(F)(F)F,1,,184.49099999999996,2.3528000000000002,9.23,0,1,2,0,0,1.0,10
CHEMBL1287853,Cc1cnc(Nc2ccc(OCCN3CCCC3)cc2)nc1Nc1cccc(S(=O)(=O)NC(C)(C)C)c1,1,c1ccc(Nc2ccnc(Nc3ccc(OCCN4CCCC4)cc3)n2)cc1,524.6910000000001,4.823620000000004,108.48000000000002,3,8,10,4,3,0.4074074074074074,37
CHEMBL2325331,N#Cc1cc(S(=O)(=O)Nc2ncns2)ccc1Oc1ccc(C(F)(F)F)cc1-c1ccnn1C1CNC1,0,O=S(=O)(Nc1ncns1)c1ccc(Oc2ccccc2-c2ccnn2C2CNC2)cc1,547.5440000000001,4.029480000000003,134.82,2,9,7,5,4,0.18181818181818182,37
CHEMBL1414590,O=C(CN1CCN(c2ccc(F)cc2)CC1)NC(=O)NCc1ccco1,0,O=C(CN1CCN(c2ccccc2)CC1)NC(=O)NCc1ccco1,360.38900000000007,1.5666999999999998,77.82000000000001,2,5,5,3,2,0.3333333333333333,26
CHEMBL1727377,Cc1c(C(=O)N2CCN(c3ccc(F)cc3)CC2)oc2c1C(=O)CCC2,0,O=C1CCCc2oc(C(=O)N3CCN(c4ccccc4)CC3)cc21,356.3970000000002,3.208520000000002,53.760000000000005,0,4,2,4,2,0.4,26
CHEMBL1580,OC[C@H]1O[C@@H](n2cnc3c2N=CNC[C@H]3O)C[C@@H]1O,1,C1=Nc2c(ncn2C2CCCO2)CCN1,268.273,-1.1798000000000006,112.13000000000001,4,7,2,3,1,0.6363636363636364,19
CHEMBL1200585,C[C@]12C/C(=C/O)C(=O)C[C@@H]1CC[C@@H]1[C@@H]2CC[C@@]2(C)[C@H]1CC[C@]2(C)O,1,C=C1CC2C(CCC3C4CCCC4CCC23)CC1=O,332.4840000000001,4.401000000000005,57.53,2,3,0,4,0,0.8571428571428571,24
CHEMBL3403770,CO[C@@H](C)COc1ccc([C@H](CO)NC(=O)[C@@H](C)c2ccccc2)cc1,0,O=C(Cc1ccccc1)NCc1ccccc1,357.45000000000005,3.053600000000002,67.78999999999999,2,4,9,2,2,0.38095238095238093,26
CHEMBL2070202,O=C(NCc1ccccc1)c1cc2cc(O)c(O)cc2[nH]1,0,O=C(NCc1ccccc1)c1cc2ccccc2[nH]1,282.299,2.509100000000001,85.35,4,3,3,3,3,0.0625,21
CHEMBL1972218,CN1CCN(Cc2ccc3c(c2)-c2n[nH]c(=O)c4cccc(c24)O3)CC1,0,O=c1[nH]nc2c3c(cccc13)Oc1ccc(CN3CCNCC3)cc1-2,348.4060000000001,2.4432,61.459999999999994,1,5,2,5,3,0.3,26
CHEMBL571546,O=C(Cc1ccc(-c2ccc(OCCN3CCOCC3)cc2)cn1)NCc1ccccc1,1,O=C(Cc1ccc(-c2ccc(OCCN3CCOCC3)cc2)cn1)NCc1ccccc1,431.5360000000001,3.318500000000001,63.69,1,5,9,4,3,0.3076923076923077,32
CHEMBL3707372,CC[C@@H]1[C@@H]2CN(C(=O)[C@H](C(C)(C)C)NC(=O)O[C@@H]3C[C@H]3CCCCC(F)(F)c3nc4ccc(OC)cc4nc3O2)[C@@H]1C(=O)N[C@]1(C(=O)NS(=O)(=O)C2(C)CC2)C[C@H]1C(C)C,1,O=C1NCC(=O)N2CC(CC2C(=O)NC2(C(=O)NS(=O)(=O)C3CC3)CC2)Oc2nc3ccccc3nc2CCCCCC2CC2O1,861.0219999999999,5.347400000000004,195.22,3,11,8,7,2,0.7142857142857143,60
CHEMBL788,O=c1[nH]c(=O)n([C@H]2C[C@H](O)[C@@H](CO)O2)cc1I,1,O=c1ccn(C2CCCO2)c(=O)[nH]1,354.1,-1.2181000000000002,104.55000000000001,3,5,2,2,1,0.5555555555555556,17
CHEMBL4116827,O=c1cc(-c2cc(O)c(O)cc2I)oc2c(O)c(O)ccc12,0,O=c1cc(-c2ccccc2)oc2ccccc12,412.1350000000001,2.8870000000000005,111.13000000000001,4,6,1,3,3,0.0,22
CHEMBL192748,COC1(c2ccc(Br)cc2)SC=C(C)n2c1noc2=O,0,O=c1onc2n1C=CSC2c1ccccc1,355.21300000000014,3.011400000000001,57.26,0,5,2,3,2,0.23076923076923078,20
CHEMBL1607042,COc1ccccc1NCN1C(=O)CCC1=O,0,O=C1CCC(=O)N1CNc1ccccc1,234.25499999999994,1.2135999999999998,58.64,1,4,4,2,1,0.3333333333333333,17
CHEMBL1200980,C[C@]12CC[C@@H]3c4ccc(OS(=O)(=O)O)cc4CC[C@H]3[C@@H]1CCC2=O,1,O=C1CCC2C1CCC1c3ccccc3CCC12,350.43600000000015,3.293400000000002,80.67000000000002,1,4,2,4,1,0.6111111111111112,24
CHEMBL729,Cc1cccc(C)c1OCC(=O)N[C@@H](Cc1ccccc1)[C@@H](O)C[C@H](Cc1ccccc1)NC(=O)[C@H](C(C)C)N1CCCNC1=O,1,O=C(COc1ccccc1)NC(CCC(Cc1ccccc1)NC(=O)CN1CCCNC1=O)Cc1ccccc1,628.8139999999999,4.328140000000003,120.0,4,5,15,4,3,0.43243243243243246,46
CHEMBL2283290,COc1ccc(C2C(C(=O)Nc3ccccc3)=C(C)N=c3o/c(=C\c4ccc(N(C)C)cc4)c(=O)n32)cc1,0,O=C(Nc1ccccc1)C1=CN=c2oc(=Cc3ccccc3)c(=O)n2C1c1ccccc1,508.57800000000026,3.480000000000003,89.07,1,6,6,5,4,0.16666666666666666,38
CHEMBL1200468,CCOC(=O)CC(SP(=S)(OC)OC)C(=O)OCC,1,,330.3640000000001,2.1218000000000004,71.06,0,8,9,0,0,0.8,19
CHEMBL710,CC(C)(C)NC(=O)[C@H]1CC[C@H]2[C@@H]3CC[C@H]4NC(=O)C=C[C@]4(C)[C@H]3CC[C@]12C,1,O=C1C=CC2C(CCC3C4CCCC4CCC23)N1,372.55300000000017,3.8145000000000024,58.2,2,2,1,4,0,0.8260869565217391,27
CHEMBL1200618,CC(C)(C(=O)O)c1ccc(C(O)CCCN2CCC(C(O)(c3ccccc3)c3ccccc3)CC2)cc1,1,c1ccc(CCCCN2CCC(C(c3ccccc3)c3ccccc3)CC2)cc1,501.66700000000014,5.510500000000006,81.0,3,4,10,4,3,0.40625,37
CHEMBL3676573,O=C(c1ccc2c(c1)C(O)(C(F)(F)F)c1ccccc1-2)N1CCC(CO)C1,0,O=C(c1ccc2c(c1)Cc1ccccc1-2)N1CCCC1,377.3620000000002,2.9196000000000017,60.769999999999996,2,3,2,4,2,0.35,27
CHEMBL1256696,CCN(CC)CCOCCOC(=O)C1(c2ccccc2)CCCC1,1,c1ccc(C2CCCC2)cc1,333.47200000000015,3.400000000000002,38.77,0,4,10,2,1,0.65,24
CHEMBL3208869,COC(=O)c1noc(C)c1/C(C)=N/OC(=O)c1ccc(C)cc1,0,O=C(ON=Cc1cnoc1)c1ccccc1,316.31300000000005,2.659040000000001,90.99000000000001,0,7,4,2,2,0.25,23
CHEMBL4100195,CCC1CCC(C(=O)NCC2NCCc3ccccc32)CC1,0,O=C(NCC1NCCc2ccccc21)C1CCCCC1,300.4460000000001,3.2060000000000013,41.13,2,2,4,3,1,0.631578947368421,22
CHEMBL259972,COc1ccc(-c2noc(CC(=O)O)c2-c2ccc(OC)cc2)cc1,1,c1ccc(-c2conc2-c2ccccc2)cc1,339.34700000000004,3.6529000000000025,81.79,1,5,6,3,3,0.15789473684210525,25
CHEMBL1200699,C[C@H]1c2cccc(O)c2C(=O)C2=C(O)[C@]3(O)C(=O)C(C(N)=O)=C(O)[C@@H](N(C)C)[C@@H]3[C@@H](O)[C@@H]21,1,O=C1C2=CC3C(=O)C=CCC3CC2Cc2ccccc21,444.44000000000017,-0.3475999999999985,181.62,6,9,2,4,1,0.4090909090909091,32
CHEMBL1191582,COc1cccc(/C(=C\OCCN2CCC[C@@H](C(=O)O)C2)c2ccccc2C)c1,0,C(OCCN1CCCCC1)=C(c1ccccc1)c1ccccc1,395.4990000000001,4.206020000000003,59.0,1,4,8,3,2,0.375,29
CHEMBL960,Cc1oncc1C(=O)Nc1ccc(C(F)(F)F)cc1,1,O=C(Nc1ccccc1)c1cnoc1,270.21,3.2541200000000012,55.13,1,3,2,2,2,0.16666666666666666,19
CHEMBL1888568,Cn1cnc2ncnc(Oc3ccc(Br)cc3)c21,0,c1ccc(Oc2ncnc3nc[nH]c23)cc1,305.13500000000005,2.918100000000001,52.83,0,4,2,3,3,0.08333333333333333,18
CHEMBL6067642,COc1ccc2c3c1O[C@H]1[C@@H](O)C=C[C@H]4[C@@H](C2)N(C)CC[C@@]341,1,C1=CC2C3Cc4cccc5c4C2(CCN3)C(C1)O5,299.3700000000001,1.5010999999999999,41.93,1,4,1,5,1,0.5555555555555556,22
CHEMBL561511,CCCN(CCN1CCN(C(=O)c2cnc3ccccc3c2)CC1)C1CCc2c(O)cccc2C1,0,O=C(c1cnc2ccccc2c1)N1CCN(CCNC2CCc3ccccc3C2)CC1,472.6330000000003,3.9677000000000033,59.91,1,5,7,5,3,0.4482758620689655,35
CHEMBL405110,CN(C)c1ccc2nc3ccc(N(C)C)cc3[s+]c2c1,1,c1ccc2[s+]c3ccccc3nc2c1,284.408,3.862600000000003,19.370000000000005,0,3,2,3,3,0.25,20
CHEMBL1201758,O=C(O)CCCN1CCC(O[C@@H](c2ccc(Cl)cc2)c2ccccn2)CC1,1,c1ccc(C(OC2CCNCC2)c2ccccn2)cc1,388.8950000000002,4.170200000000004,62.66,1,4,8,3,2,0.42857142857142855,27
CHEMBL376359,Cn1c(=O)cc(N2CCC[C@@H](N)C2)n(Cc2ccccc2C#N)c1=O,1,O=c1cc(N2CCCCC2)n(Cc2ccccc2)c(=O)[nH]1,339.39900000000006,0.3944800000000006,97.05000000000001,1,5,3,3,2,0.3888888888888889,25
CHEMBL2269770,CCCONC(=O)c1cn(C)nc1Oc1cccc(C(F)(F)F)c1,0,c1ccc(Oc2cc[nH]n2)cc1,343.305,3.3026000000000018,65.38,1,4,6,2,2,0.3333333333333333,24
CHEMBL3504277,Cc1cccnc1N1CC2(CCN(Cc3cccnc3)C2)C1,0,c1ccc(N2CC3(CCN(Cc4cccnc4)C3)C2)nc1,294.4020000000001,2.49732,32.260000000000005,0,4,3,4,2,0.4444444444444444,22
CHEMBL249474,C=CCCCCCCCCCO[C@H]1C(O)O[C@H](CO)[C@@H](O)[C@@H]1O,0,C1CCOCC1,332.437,1.1096999999999992,99.38000000000001,4,6,12,1,0,0.8823529411764706,23
CHEMBL4176782,OC1c2ccccc2-c2nc(-c3ccccc3)cc(-c3ccccc3)c21,0,c1ccc(-c2cc(-c3ccccc3)c3c(n2)-c2ccccc2C3)cc1,335.40600000000006,5.477700000000004,33.120000000000005,1,2,2,5,4,0.041666666666666664,26
CHEMBL4216467,CCn1c(=O)c(-c2cc(NC(=O)Nc3ccccc3)c(F)cc2Br)cc2cnc(NC)cc21,1,O=C(Nc1ccccc1)Nc1cccc(-c2cc3cnccc3[nH]c2=O)c1,510.36700000000013,5.670700000000004,88.05000000000001,3,4,5,4,4,0.125,33
CHEMBL1640,Cc1cc(-c2ccc(/N=N/c3c(S(=O)(=O)O)cc4cc(S(=O)(=O)O)cc(N)c4c3O)c(C)c2)ccc1/N=N/c1c(S(=O)(=O)O)cc2cc(S(=O)(=O)O)cc(N)c2c1O,1,c1ccc2cc(N=Nc3ccc(-c4ccc(N=Nc5ccc6ccccc6c5)cc4)cc3)ccc2c1,872.8940000000001,6.6700400000000055,359.42,8,16,9,6,6,0.058823529411764705,58
CHEMBL1201745,CC(C)(Oc1ccc(C(=O)c2ccc(Cl)cc2)cc1)C(=O)O,1,O=C(c1ccccc1)c1ccccc1,318.75600000000003,3.8130000000000033,63.60000000000001,1,3,5,2,2,0.17647058823529413,22
CHEMBL2103868,COc1cc2nccc(Oc3ccc(NC(=O)C4(C(=O)Nc5ccc(F)cc5)CC4)cc3)c2cc1OC,1,O=C(Nc1ccccc1)C1(C(=O)Nc2ccc(Oc3ccnc4ccccc34)cc2)CC1,501.51400000000024,5.5408000000000035,98.78000000000002,2,6,8,5,4,0.17857142857142858,37
CHEMBL1628233,O=C(O)c1ccccc1-c1c2ccc(=O)cc-2oc2cc(O)ccc12,1,O=c1ccc2c(-c3ccccc3)c3ccccc3oc-2c1,332.31100000000004,3.9686000000000012,87.74,2,4,2,4,2,0.0,25
CHEMBL99081,CC(=O)N[C@H](CSCc1ccccc1)C(=O)N[C@@H](Cc1ccccc1)[C@H](O)CN1C[C@H]2CCCC[C@H]2C[C@H]1C(=O)NC(C)(C)C,0,O=C(CCSCc1ccccc1)NC(CCN1CCC2CCCCC2C1)Cc1ccccc1,636.9030000000002,4.308300000000004,110.77000000000001,4,6,13,4,2,0.5833333333333334,45
CHEMBL3914196,CCC(CC)(NC(=O)c1ccc(C2CC2)c(OCC2CC2)n1)C(=O)NCCO,0,c1cnc(OCC2CC2)c(C2CC2)c1,389.49600000000015,2.1449000000000003,100.55,3,5,11,3,1,0.6666666666666666,28
CHEMBL5095056,COc1ccc2c3c1O[C@H]1C[C@@H](OC(=O)c4ccccc4)C=C[C@@]31CCN(C)C2,1,O=C(OC1C=CC23CCNCc4cccc(c42)OC3C1)c1ccccc1,391.46700000000016,3.7150000000000025,48.00000000000001,0,5,3,5,2,0.375,29
CHEMBL3979115,Cc1cn(-c2ccc3n(c2=O)CCN(C[C@@H]2CC[C@H](c4cc(F)c(C(F)(F)F)c(F)c4)O2)C3=O)cn1,0,O=C1c2ccc(-n3ccnc3)c(=O)n2CCN1CC1CCC(c2ccccc2)O1,508.44700000000006,4.015520000000003,69.36000000000001,0,4,4,5,3,0.375,36
CHEMBL470311,C=CCc1c(OC)c(N)cc2c(NCc3ccc(OC)c(Cl)c3)ncnc12,0,c1ccc(CNc2ncnc3ccccc23)cc1,384.86700000000013,4.223200000000002,82.29,2,6,7,3,3,0.2,27
CHEMBL3671798,C[C@]1(O)CC[C@@H](Nc2c(C(N)=O)cnn3cc(-c4cncnc4)cc23)CC1,0,c1ncc(-c2cc3c(NC4CCCCC4)ccnn3c2)cn1,366.4250000000001,1.9956999999999991,118.42999999999999,3,6,4,4,3,0.3684210526315789,27
CHEMBL557555,CC(C)(Oc1ccc(C2CC2(Cl)Cl)cc1)C(=O)O,1,c1ccc(C2CC2)cc1,289.158,3.589800000000003,46.53,1,2,4,2,1,0.46153846153846156,18
CHEMBL1742424,CCN(CC)C(=O)Nc1ccc(OCC(O)CNC(C)(C)C)c(C(C)=O)c1,1,c1ccccc1,379.5010000000002,2.8907000000000007,90.9,3,5,9,1,1,0.6,27
CHEMBL71,CN(C)CCCN1c2ccccc2Sc2ccc(Cl)cc21,1,c1ccc2c(c1)Nc1ccccc1S2,318.8730000000001,4.894400000000004,6.48,0,3,4,3,2,0.29411764705882354,21
CHEMBL3092786,CCCCNc1ncc(-c2cccnc2)c(N[C@H]2CC[C@H](O)CC2)n1,0,c1cncc(-c2cncnc2NC2CCCCC2)c1,341.4590000000001,3.466000000000002,82.96000000000001,3,6,7,3,2,0.5263157894736842,25
CHEMBL2418672,COc1cccc(CCNC(=O)c2ccc3c(c2)nc(-c2cc(OC)cc(OC)c2)n3CCc2ccc(OC)c(OC)c2)c1,0,O=C(NCCc1ccccc1)c1ccc2c(c1)nc(-c1ccccc1)n2CCc1ccccc1,595.6960000000004,5.961500000000006,93.07000000000002,1,7,13,5,5,0.2571428571428571,44
CHEMBL1529376,O=C(Nc1ccc(F)cc1)c1cccnc1NCCc1ccccc1,0,O=C(Nc1ccccc1)c1cccnc1NCCc1ccccc1,335.38200000000006,4.127600000000002,54.02,2,3,6,3,3,0.1,25
CHEMBL1520566,COc1cc(N2CCOCC2)ccc1C=C1C(=O)NC(=O)NC1=O,0,O=C1NC(=O)C(=Cc2ccc(N3CCOCC3)cc2)C(=O)N1,331.32800000000003,0.2812,96.97,2,6,3,3,1,0.3125,24
CHEMBL500611,CN(C)C(=O)N(CCCN1CCOCC1)Cc1ccc(O)cc1,0,c1ccc(CNCCCN2CCOCC2)cc1,321.42099999999994,1.5981,56.250000000000014,1,4,6,2,1,0.5882352941176471,23
CHEMBL2334072,Cc1c(C(=O)Nc2cnc(N3CCC(COc4cccc(C(=O)O)c4)CC3)nc2)oc2ccc(-c3ccccc3)cc12,0,O=C(Nc1cnc(N2CCC(COc3ccccc3)CC2)nc1)c1cc2cc(-c3ccccc3)ccc2o1,562.6260000000003,6.444120000000006,117.79,2,7,8,6,5,0.21212121212121213,42
CHEMBL152822,O=C(O)CCCC1=C(CCCC(=O)O)C(=O)c2ccccc2C1=O,0,O=C1C=CC(=O)c2ccccc21,330.33600000000007,2.8720000000000008,108.73999999999998,2,4,8,2,1,0.3333333333333333,24
CHEMBL483282,Cc1ccc2sn(/N=C/c3ccco3)c(=O)c2c1,0,O=c1c2ccccc2sn1N=Cc1ccco1,258.302,2.8466200000000006,47.5,0,4,2,3,3,0.07692307692307693,18
CHEMBL2107011,COc1cc2[nH]c(C)c(CCN3CCN(c4ccccc4)CC3)c2cc1OC,1,c1ccc(N2CCN(CCc3c[nH]c4ccccc34)CC2)cc1,379.50400000000013,3.858220000000003,40.730000000000004,1,4,6,4,3,0.391304347826087,28
CHEMBL3970673,COC(=O)Nc1nc2cc(C3(O)c4ccccc4C(=O)N3c3cccc(C(N)=O)c3)ccc2[nH]1,0,O=C1c2ccccc2C(c2ccc3[nH]cnc3c2)N1c1ccccc1,457.4460000000002,2.6939,150.64,4,6,4,5,4,0.08333333333333333,34
CHEMBL1615779,N=C(N)NCc1cccc([131I])c1,1,c1ccccc1,279.09512459999996,1.27427,61.900000000000006,3,1,2,1,1,0.125,12
CHEMBL1201163,CCC(=O)N(c1ccccc1)C1(COC)CCN(CCc2cccs2)CC1,1,c1ccc(NC2CCN(CCc3cccs3)CC2)cc1,386.56100000000015,4.214800000000004,32.78,0,4,8,3,2,0.5,27
CHEMBL3643068,CCc1ncnc(-c2ccc(C(=O)N3CCN(C)CC3)c(OC)c2)c1C#Cc1ccc(N)nc1,0,O=C(c1ccc(-c2ncncc2C#Cc2cccnc2)cc1)N1CCNCC1,456.55000000000024,2.4791999999999996,97.47,1,7,4,4,3,0.3076923076923077,34
CHEMBL545700,COc1cc2c(cc1OC)C(c1ccnc(-n3nc(-c4cncnc4)c4ccccc4c3=O)c1)=N[C@H](CO)C2,0,O=c1c2ccccc2c(-c2cncnc2)nn1-c1cc(C2=NCCc3ccccc32)ccn1,520.5490000000002,3.0093000000000014,124.61000000000001,1,9,6,6,5,0.1724137931034483,39
CHEMBL308954,Cc1cc(C#N)cc(C)c1Oc1nc(Nc2ccc(C#N)cc2)nc(N)c1Br,1,c1ccc(Nc2nccc(Oc3ccccc3)n2)cc1,435.2850000000001,4.717400000000002,120.63999999999999,2,7,4,3,3,0.1,28
CHEMBL3765917,NOCc1cccc(Br)c1,0,c1ccccc1,202.051,1.8394,35.25,1,2,2,1,1,0.14285714285714285,10
CHEMBL3087710,Cn1c(-c2ccco2)nc2c(NC(=O)C(c3ccccc3)c3ccccc3)ncnc21,0,O=C(Nc1ncnc2[nH]c(-c3ccco3)nc12)C(c1ccccc1)c1ccccc1,409.44900000000007,4.393900000000003,85.84,1,5,5,5,5,0.08333333333333333,31
CHEMBL1862370,CC1CC(N/C(=N\O)c2cccnc2Oc2cc(Cl)ccc2Cl)CC(C)(C)C1,0,N=C(NC1CCCCC1)c1cccnc1Oc1ccccc1,422.35600000000017,6.120900000000004,66.74000000000001,2,4,4,3,2,0.42857142857142855,28
CHEMBL512351,COc1ccc(NC(=O)c2ccc(C(=N)N(C)C)cc2)c(C(=O)Nc2ccc(Cl)cn2)c1,1,O=C(Nc1ccccc1C(=O)Nc1ccccn1)c1ccccc1,451.91400000000016,4.135170000000002,107.41000000000001,3,5,6,3,3,0.13043478260869565,32
CHEMBL112,CC(=O)Nc1ccc(O)cc1,1,c1ccccc1,151.165,1.3505999999999998,49.33,2,2,1,1,1,0.125,11
CHEMBL3958044,O=S(=O)(Nc1nccs1)c1ccc2c(c1)OCCN2c1cccc2scnc12,0,O=S(=O)(Nc1nccs1)c1ccc2c(c1)OCCN2c1cccc2scnc12,430.5360000000002,4.084100000000002,84.42,1,8,4,5,4,0.1111111111111111,28
CHEMBL1309016,Cn1cnnc1SC(C(=O)Nc1ccc(F)cc1)c1ccccc1,0,O=C(Nc1ccccc1)C(Sc1nnc[nH]1)c1ccccc1,342.39900000000006,3.4263000000000012,59.81,1,4,5,3,3,0.11764705882352941,24
CHEMBL459,C[C@](N)(Cc1ccc(O)c(O)c1)C(=O)O,1,c1ccccc1,211.21699999999998,0.4423000000000001,103.78000000000002,4,4,3,1,1,0.3,15
CHEMBL1293,CC1=C(/C=C/C(C)=C/C=C/C(C)=C/C=C/C=C(C)/C=C/C=C(C)/C=C/C2=C(C)CCCC2(C)C)C(C)(C)CCC1,1,C(=CC=CC=CC=CC=CC1=CCCCC1)C=CC=CC=CC=CC1=CCCCC1,536.8880000000004,12.605799999999977,0.0,0,0,10,2,0,0.45,40
CHEMBL3984552,COc1nc(-c2nc3n(n2)CCC[C@H]3c2cc(-c3ccc(C(F)(F)F)cn3)ccc2Cl)ccc1-n1cnc(C)c1,0,c1ccc(-c2cccc(C3CCCn4nc(-c5ccc(-n6ccnc6)cn5)nc43)c2)nc1,565.987,6.502720000000005,83.54,0,6,5,6,5,0.25,40
CHEMBL1460,O=c1[nH]cnc2c1ncn2[C@H]1CC[C@@H](CO)O1,1,O=c1[nH]cnc2c1ncn2C1CCCO1,236.23099999999997,-0.21050000000000008,93.03,2,5,2,3,2,0.5,17
CHEMBL1474409,CC(C)OC(=O)c1cc(Cl)c(=O)n(Cc2ccc(Cl)cc2Cl)c1,0,O=c1ccccn1Cc1ccccc1,374.65100000000007,4.422000000000003,48.300000000000004,0,3,4,2,2,0.25,23
CHEMBL47482,NCC1c2ccccc2Cc2ccccc21,0,c1ccc2c(c1)Cc1ccccc1C2,209.29199999999997,2.681400000000001,26.02,1,1,1,3,2,0.2,16
CHEMBL1358,C[C@]12CC[C@@H]3c4ccc(O)cc4C[C@@H](CCCCCCCCC[S+]([O-])CCCC(F)(F)C(F)(F)F)[C@H]3[C@@H]1CC[C@@H]2O,1,c1ccc2c(c1)CCC1C2CCC2CCCC21,606.7820000000003,8.682600000000003,63.519999999999996,2,3,14,4,1,0.8125,41
CHEMBL410638,CCCCCCCCc1ccc(OCC(O)COc2ccc3c(c2)cc(C(=O)O)n3CC(=O)O)cc1,0,c1ccc(OCCCOc2ccc3[nH]ccc3c2)cc1,497.58800000000025,5.145800000000004,118.21999999999998,3,5,16,3,3,0.42857142857142855,36
CHEMBL1909283,CC(NN)c1ccccc1,1,c1ccccc1,136.19799999999998,1.2109,38.05,2,2,2,1,1,0.25,10
CHEMBL1200534,CCOC(=O)[C@H](CCc1ccccc1)N[C@@H](C)C(=O)N1Cc2cc(OC)c(OC)cc2C[C@H]1C(=O)O,1,O=C(CNCCCc1ccccc1)N1CCc2ccccc2C1,498.5760000000004,2.5843,114.40000000000002,2,7,11,3,2,0.4444444444444444,36
CHEMBL266349,N=C(N)c1ccc(CNC(=O)[C@@H]2CCN2C(=O)[C@H](NCC(=O)O)C2CCCCC2)cc1,1,O=C(NCc1ccccc1)C1CCN1C(=O)CC1CCCCC1,429.52100000000024,0.8108700000000015,148.60999999999999,5,5,9,3,1,0.5454545454545454,31
CHEMBL25,CC(=O)Oc1ccccc1C(=O)O,1,c1ccccc1,180.15899999999996,1.3101,63.60000000000001,1,3,2,1,1,0.1111111111111111,13
CHEMBL3652339,CO[C@@H]1CCN(S(=O)(=O)C[C@H]2CC[C@H](N(C)c3ncnc4[nH]ccc34)CC2)C1,0,O=S(=O)(CC1CCC(Nc2ncnc3[nH]ccc23)CC1)N1CCCC1,407.5400000000002,2.0034,91.41999999999999,1,6,6,4,2,0.6842105263157895,28
CHEMBL1521977,COc1ccc(-c2nc(CSCC(=O)N3CCN(c4ccc(F)cc4)CC3)c(C)o2)cc1,0,O=C(CSCc1coc(-c2ccccc2)n1)N1CCN(c2ccccc2)CC1,455.5550000000002,4.379720000000003,58.81,0,6,7,4,3,0.3333333333333333,32
CHEMBL284906,O=C(NCCO[N+](=O)[O-])c1cccnc1,1,c1ccncc1,211.17700000000002,0.01969999999999983,94.36,1,5,5,1,1,0.25,15
CHEMBL1312065,COc1cc(CNC(C)=C2C(=O)N(C)C(=O)N(C)C2=O)cc(OC)c1,0,O=C1NC(=O)C(=CNCc2ccccc2)C(=O)N1,347.3710000000001,1.1178,88.18,1,6,5,2,1,0.35294117647058826,25
CHEMBL1542,Cn1cnc([N+](=O)[O-])c1Sc1ncnc2[nH]cnc12,1,c1nc(Sc2cnc[nH]2)c2nc[nH]c2n1,277.269,1.1457999999999997,115.42,1,7,3,3,3,0.1111111111111111,19
CHEMBL1531864,CN1CCN(CC(=O)N2c3ccccc3C(=O)Nc3cccnc32)CC1,1,O=C1Nc2cccnc2N(C(=O)CN2CCNCC2)c2ccccc21,351.41000000000014,1.5593999999999992,68.78,1,5,2,4,2,0.3157894736842105,26
CHEMBL2103736,CC(C(=O)O)c1cccc(Oc2ccccc2)c1,1,c1ccc(Oc2ccccc2)cc1,242.274,3.6670000000000016,46.53,1,2,4,2,2,0.13333333333333333,18
CHEMBL3901160,O=C1NCC(c2ccc(C3CCCCC3)cc2)N1c1ccn2ccnc2c1,0,O=C1NCC(c2ccc(C3CCCCC3)cc2)N1c1ccn2ccnc2c1,360.46099999999996,4.652900000000004,49.64,1,2,3,5,3,0.36363636363636365,27
CHEMBL4297516,COc1ccc2[nH]c3c(c2c1)CCN[C@]31CS[C@@H]2c3c(OC(C)=O)c(C)c4c(c3[C@H](COC1=O)N1[C@@H]2[C@H]2c3c(cc(C)c(OC)c3O)C[C@@H]([C@@H]1O)N2C)OCO4,1,O=C1OCC2c3c(ccc4c3OCO4)C(SCC13NCCc1c3[nH]c3ccccc13)C1C3NC(Cc4ccccc43)CN21,784.8880000000001,4.188940000000003,164.28,4,14,3,11,4,0.4634146341463415,56
CHEMBL1183177,CCN(CCCn1cc[n+](C)c1/C=N/O)S(=O)(=O)C(F)(F)F,0,c1c[nH+]c[nH]1,343.35100000000006,0.6822999999999999,78.78,1,4,7,1,1,0.6363636363636364,22
CHEMBL3948660,Nc1ncnc(N2CCC(c3nc(-c4ccc(C(F)(F)F)c(F)c4)cn3CCN3CCC3)CC2)c1C1CCC1,0,c1ccc(-c2cn(CCN3CCC3)c(C3CCN(c4ncncc4C4CCC4)CC3)n2)cc1,543.6130000000002,5.437400000000005,76.10000000000001,1,6,7,6,3,0.5357142857142857,39
CHEMBL3188267,CNC(=O)c1ccc(-c2cnc3ncc(Cc4ccc5ncccc5c4)n3n2)cc1F,1,c1ccc(-c2cnc3ncc(Cc4ccc5ncccc5c4)n3n2)cc1,412.42800000000005,3.429000000000002,85.07000000000001,1,5,4,5,5,0.08695652173913043,31
CHEMBL1950500,COc1ccc(OCCCCCN2CCCC(COC(=O)c3cc(=O)c4ccccc4o3)C2)cc1,0,O=C(OCC1CCCN(CCCCCOc2ccccc2)C1)c1cc(=O)c2ccccc2o1,479.5730000000002,4.919700000000005,78.21,0,7,11,4,3,0.42857142857142855,35
CHEMBL4173281,CC(C)C(O/N=C(\C(=O)N[C@@H]1C(=O)N(S(=O)(=O)O)[C@@H]1CN1CCNC1=O)c1csc(N)n1)c1cc(=O)c(O)cn1O,0,O=C(NC1C(=O)NC1CN1CCNC1=O)C(=NOCc1cc(=O)cc[nH]1)c1cscn1,614.6190000000004,-1.5284999999999949,259.08,6,13,10,4,2,0.42857142857142855,41
CHEMBL4078709,Cc1nc2c(N3CCOCC3)nccn2c1NCc1ccccc1-c1ccccc1Cl,0,c1ccc(-c2ccccc2CNc2cnc3c(N4CCOCC4)nccn23)cc1,433.9430000000001,4.8068200000000045,54.69,1,5,5,5,4,0.25,31
CHEMBL50588,CC[C@H]1CN2CCc3cc(OC)c(OC)cc3[C@@H]2C[C@@H]1C[C@H]1NCCc2cc(OC)c(OC)cc21,1,c1ccc2c(c1)CCNC2CC1CCN2CCc3ccccc3C2C1,480.64900000000034,4.943400000000005,52.19000000000001,1,6,7,5,2,0.5862068965517241,35
CHEMBL1201003,CN1CCC[C@@H]1Cc1c[nH]c2ccc(CCS(=O)(=O)c3ccccc3)cc12,1,O=S(=O)(CCc1ccc2[nH]cc(CC3CCCN3)c2c1)c1ccccc1,382.5290000000001,3.8210000000000024,53.17,1,3,6,4,3,0.36363636363636365,27
CHEMBL1200798,O=c1n(CCCN2CCN(c3cccc(Cl)c3)CC2)nc2ccccn12,1,O=c1n(CCCN2CCN(c3ccccc3)CC2)nc2ccccn12,371.8720000000001,2.3617,45.78,0,4,5,4,3,0.3684210526315789,26
CHEMBL565907,Cc1cncn1CCCN/C(=C\[N+](=O)[O-])Nc1cccc2ccccc12,0,C=C(NCCCn1ccnc1)Nc1cccc2ccccc12,351.4100000000001,3.5121200000000012,85.02,2,5,8,3,3,0.21052631578947367,26
CHEMBL2105708,Cc1ccc(C(=O)Nc2ccc(CN3CCN(C)CC3)c(C(F)(F)F)c2)cc1C#Cc1cnc2cccnn12,1,O=C(Nc1ccc(CN2CCNCC2)cc1)c1cccc(C#Cc2cnc3cccnn23)c1,532.5700000000002,4.456020000000003,65.77000000000001,1,5,4,5,4,0.27586206896551724,39
CHEMBL1511429,Cc1ccc(Nc2nc(Nc3ccc(C)cc3)nc(SC3=NCCS3)n2)cc1,0,c1ccc(Nc2nc(Nc3ccccc3)nc(SC3=NCCS3)n2)cc1,408.55600000000015,5.1705400000000035,75.09,2,8,5,4,3,0.2,28
CHEMBL1580716,COc1ccc(NC(=O)Cc2c(F)c(F)c(F)c(F)c2F)cc1OC,0,O=C(Cc1ccccc1)Nc1ccccc1,361.266,3.5805000000000025,47.56,1,3,5,2,2,0.1875,25
CHEMBL1200975,C[C@@H]1C[C@H]2[C@@H]3C[C@H](F)C4=CC(=O)C=C[C@]4(C)[C@@]3(Cl)[C@@H](O)C[C@]2(C)[C@H]1C(=O)COC(=O)C(C)(C)C,1,O=C1C=CC2C(=C1)CCC1C3CCCC3CCC21,495.03100000000035,4.595100000000004,80.66999999999999,1,5,3,4,0,0.7407407407407407,34
CHEMBL40,CCC1(c2ccccc2)C(=O)NC(=O)NC1=O,1,O=C1NC(=O)C(c2ccccc2)C(=O)N1,232.23899999999995,0.7004,75.27000000000001,2,3,2,2,1,0.25,17
CHEMBL3707306,N#Cc1c(N(CC(=O)O)CC(=O)O)sc(C(=O)O)c1CC(=O)O,1,c1ccsc1,342.2850000000001,-0.07932000000000056,176.23,4,7,8,1,1,0.25,23
CHEMBL169142,Cc1cc(SC2=C(O)OC(CCc3ccc(O)cc3)(C(C)C)CC2=O)c(C(C)(C)C)cc1OS(=O)(=O)c1cccs1,0,O=C1CC(CCc2ccccc2)OC=C1Sc1ccc(OS(=O)(=O)c2cccs2)cc1,616.8230000000003,7.663520000000007,110.13,2,9,9,4,3,0.3870967741935484,41
CHEMBL1493172,NC(=O)C1CCN(C(=O)c2ccc3c(c2)N(Cc2cccc(Cl)c2)C(=O)c2ccccc2S3(=O)=O)CC1,0,O=C(c1ccc2c(c1)N(Cc1ccccc1)C(=O)c1ccccc1S2(=O)=O)N1CCCCC1,538.0250000000001,3.6707000000000027,117.85,1,5,4,5,3,0.2222222222222222,37
CHEMBL1200584,Nc1ccc(C(=O)O)c(O)c1,1,c1ccccc1,153.137,0.6726000000000001,83.55000000000001,3,3,1,1,1,0.0,11
CHEMBL1201117,COc1ccccc1OCC(O)COC(N)=O,1,c1ccccc1,241.24299999999994,0.5302000000000002,91.00999999999999,2,5,6,1,1,0.36363636363636365,17
CHEMBL345896,CCCc1c(OCCCCCCCCCCC(=O)O)ccc(C(C)=O)c1O,0,c1ccccc1,378.509,5.5216000000000065,83.83,2,4,15,1,1,0.6363636363636364,27
CHEMBL641,CNCC[C@@H](Oc1ccccc1C)c1ccccc1,1,c1ccc(COc2ccccc2)cc1,255.361,3.7246200000000034,21.259999999999998,1,2,6,2,2,0.29411764705882354,19
CHEMBL1336359,CCCCNC(=O)c1ccc(N2CCC3(CC2)OCCO3)c([N+](=O)[O-])c1,0,c1ccc(N2CCC3(CC2)OCCO3)cc1,363.4140000000001,2.468000000000001,93.94000000000001,1,6,6,3,1,0.6111111111111112,26
CHEMBL5314373,C/C=C/C1=C(C(=O)O)N2C(=O)[C@@H](NC(=O)[C@H](N)c3ccc(O)cc3)[C@H]2SC1,1,O=C(Cc1ccccc1)NC1C(=O)N2C=CCSC12,389.4330000000001,0.7067000000000008,132.96,4,6,5,3,1,0.2777777777777778,27
CHEMBL995,CCCCc1nc(Cl)c(CO)n1Cc1ccc(-c2ccccc2-c2nnn[nH]2)cc1,1,c1ccc(-c2nnn[nH]2)c(-c2ccc(Cn3ccnc3)cc2)c1,422.9200000000001,4.2668000000000035,92.50999999999999,2,5,8,4,4,0.2727272727272727,30
CHEMBL932,OCCN(CCO)c1nc(N2CCCCC2)c2nc(N(CCO)CCO)nc(N3CCCCC3)c2n1,1,c1nc(N2CCCCC2)c2ncnc(N3CCCCC3)c2n1,504.6360000000004,-0.017599999999997396,145.44,4,12,12,4,2,0.75,36
CHEMBL1201156,CNCCC=C1c2ccccc2CCc2ccccc21,1,C=C1c2ccccc2CCc2ccccc21,263.38399999999996,3.826400000000003,12.03,1,1,3,3,2,0.2631578947368421,20
CHEMBL2152388,COC(=O)c1c(Cc2ccc(C(=O)NC(C)(C)CO)cc2)c(=O)c2cccnc2n1-c1ccccc1,0,O=c1c(Cc2ccccc2)cn(-c2ccccc2)c2ncccc12,485.54000000000013,3.2638000000000016,110.52000000000001,2,6,7,4,4,0.21428571428571427,36
CHEMBL786,CC/C(=C(\c1ccccc1)c1ccc(OCCN(C)C)cc1)c1ccccc1,1,C(=C(c1ccccc1)c1ccccc1)c1ccccc1,371.524,5.9961000000000055,12.47,0,2,8,3,3,0.23076923076923078,28
CHEMBL1996231,COc1ccc(N2C(=O)C3c4[nH]c5ccc(OC)cc5c4C4CCC(C(C)(C)C)CC4C3C2=O)cc1,0,O=C1C2c3[nH]c4ccccc4c3C3CCCCC3C2C(=O)N1c1ccccc1,486.61200000000036,6.017900000000005,71.63,1,4,3,6,3,0.4666666666666667,36
CHEMBL400586,CCOC(=O)c1ccc(Oc2ccc(OC)c(F)c2)cc1,0,c1ccc(Oc2ccccc2)cc1,290.28999999999996,3.803300000000003,44.760000000000005,0,4,5,2,2,0.1875,21
CHEMBL1964976,NS(=O)(=O)c1ccc(Nc2c3ccccc3nc3c(C(=O)NCCO)cccc23)cc1,0,c1ccc(Nc2c3ccccc3nc3ccccc23)cc1,436.4930000000002,2.501100000000001,134.41,4,6,6,4,4,0.09090909090909091,31
CHEMBL3039514,COC(=O)N[C@H](C(=O)N1CCC[C@H]1c1nc(-c2ccc3c(c2)O[C@@H](c2ccccc2)n2c-3cc3cc(-c4c[nH]c([C@@H]5CCCN5C(=O)[C@@H](NC(=O)OC)C(C)C)n4)ccc32)c[nH]1)C(C)C,1,c1ccc(C2Oc3cc(-c4c[nH]c(C5CCCN5)n4)ccc3-c3cc4cc(-c5c[nH]c(C6CCCN6)n5)ccc4n32)cc1,882.0349999999996,8.116000000000009,188.79999999999998,4,9,11,9,6,0.3877551020408163,65
CHEMBL1086657,CC(C)(Cc1nc(-c2ccc(O)cn2)no1)C(=O)NC1=C(C(=O)O)CCCC1,0,O=C(CCc1nc(-c2ccccn2)no1)NC1=CCCCC1,386.40800000000024,2.4348,138.44,3,7,6,3,2,0.42105263157894735,28
CHEMBL475572,C/C=C(C)\C=C(/C)c1oc(=O)c(C)c(OC)c1C,0,O=c1cccco1,248.32199999999995,3.6347400000000025,39.44,0,3,3,1,1,0.4,18
CHEMBL3686296,CN1CC[C@@H](COc2ccc(C(F)(F)F)cc2C(=O)/N=c2\sc(C(C)(C)C)cn2C[C@H]2CCCO2)C1,0,O=C(N=c1sccn1CC1CCCO1)c1ccccc1OCC1CCNC1,525.6370000000003,5.116500000000005,56.06,0,5,6,4,2,0.6153846153846154,36
CHEMBL170345,CCOC(=O)N1CCN(C2=Nc3ccccc3Nc3sc(CC)cc32)CC1,0,c1ccc2c(c1)N=C(N1CCNCC1)c1ccsc1N2,384.5050000000003,4.2199000000000035,57.17,1,6,2,4,2,0.4,27
CHEMBL1095,CCN1C(=O)NC(c2ccccc2)C1=O,1,O=C1NC(=O)C(c2ccccc2)N1,204.22899999999998,1.2993999999999999,49.410000000000004,1,2,2,2,1,0.2727272727272727,15
CHEMBL565,CCOC(=O)C(C)(C)Oc1ccc(Cl)cc1,1,c1ccccc1,242.702,3.060500000000001,35.53,0,3,4,1,1,0.4166666666666667,16
CHEMBL3199008,COc1cccc(/C=N\NC(=O)C2=NNC(=O)C2C)c1O,0,O=C1CC(C(=O)NN=Cc2ccccc2)=NN1,290.27900000000005,-0.02720000000000017,112.38000000000001,3,6,4,2,1,0.23076923076923078,21
CHEMBL1625315,CC1=C(c2ccccc2)SC2=NCCN21,0,C1=C(c2ccccc2)SC2=NCCN12,216.30899999999994,2.7935000000000008,15.6,0,3,1,3,1,0.25,15
CHEMBL2105709,CC(C)(C)c1cc(NC(=O)Nc2ccc(-c3cn4c(n3)sc3cc(OCCN5CCOCC5)ccc34)cc2)no1,1,O=C(Nc1ccc(-c2cn3c(n2)sc2cc(OCCN4CCOCC4)ccc23)cc1)Nc1ccon1,560.6800000000004,5.856500000000005,106.16000000000001,2,8,7,6,5,0.3448275862068966,40
CHEMBL1200423,CC(=O)Nc1c(I)c(C(=O)O)c(I)c(N(C)C(C)=O)c1I,1,c1ccccc1,627.9420000000001,3.1397000000000013,86.71000000000001,2,3,3,1,1,0.25,21
CHEMBL1770276,O=C1OCC=C1CSC(=S)Nc1ccccc1,0,O=C1OCC=C1CSC(=S)Nc1ccccc1,265.35900000000004,2.599800000000001,38.33,1,4,3,2,1,0.16666666666666666,17
CHEMBL24499,CCCCc1nc2c(C)cccc2c(=O)n1Cc1ccc(-c2ccccc2C(=O)O)cc1,0,O=c1c2ccccc2ncn1Cc1ccc(-c2ccccc2)cc1,426.51600000000013,5.461020000000005,72.19,1,3,7,4,4,0.2222222222222222,32
CHEMBL2441830,COc1ccccc1N1Cc2nc(C)c(CN)c(-c3ccc(Cl)cc3Cl)c2C1=O,0,O=C1c2c(-c3ccccc3)ccnc2CN1c1ccccc1,428.3190000000001,4.991520000000004,68.44999999999999,1,4,4,4,3,0.18181818181818182,29
CHEMBL1200612,CCCCOc1cc(C(=O)NCCN(CC)CC)c2ccccc2n1,1,c1ccc2ncccc2c1,343.471,3.4853000000000023,54.46,1,4,10,2,2,0.5,25
CHEMBL3601713,C=CC(=O)Nc1cccc(CN(C)c2nc(Nc3cnn(C)c3)ncc2Cl)c1,0,c1ccc(CNc2ccnc(Nc3cn[nH]c3)n2)cc1,397.87,3.368000000000001,87.97000000000001,2,6,7,3,3,0.15789473684210525,28
CHEMBL1834691,Cc1ccccc1C(=O)Nc1nnc(-c2ccc3c(c2)OCCO3)s1,0,O=C(Nc1nnc(-c2ccc3c(c2)OCCO3)s1)c1ccccc1,353.40300000000013,3.537020000000002,73.34,1,6,3,4,3,0.16666666666666666,25
CHEMBL1428887,CCOC(=O)c1[nH]c(C)c(C(=O)NCc2ccc(Cl)cc2)c1C,0,O=C(NCc1ccccc1)c1cc[nH]c1,334.80300000000005,3.3916400000000015,71.19,2,3,5,2,2,0.29411764705882354,23
CHEMBL1834657,CCN1CCN(c2ccc(Nc3cc(N(C)C(=O)Nc4c(Cl)c(OC)cc(OC)c4Cl)ncn3)cc2)CC1,1,O=C(Nc1ccccc1)Nc1cc(Nc2ccc(N3CCNCC3)cc2)ncn1,560.4860000000001,5.354400000000004,95.09,2,8,8,4,3,0.34615384615384615,38
CHEMBL15870,CC(C(=O)O)c1ccc(N2Cc3ccccc3C2=O)cc1,1,O=C1c2ccccc2CN1c1ccccc1,281.311,3.0351000000000017,57.61,1,2,3,3,2,0.17647058823529413,21
CHEMBL1886716,Cc1ccc(-c2nc(C)sc2CC(=O)OCC(=O)Nc2ccc(F)c(Cl)c2)cc1,0,O=C(COC(=O)Cc1scnc1-c1ccccc1)Nc1ccccc1,432.904,4.943840000000004,68.28999999999999,1,5,6,3,3,0.19047619047619047,29
CHEMBL3989562,COc1cc2nc(N3CCN(C(=O)C4CCCO4)CC3)nc(N)c2cc1OC,1,O=C(C1CCCO1)N1CCN(c2ncc3ccccc3n2)CC1,387.44000000000017,1.0567999999999995,103.04,1,8,4,4,2,0.5263157894736842,28
CHEMBL4211480,O=C1OCc2ccc(-c3ccc(O)cc3)c(C(=O)c3ccc(O)cc3)c21,0,O=C1OCc2ccc(-c3ccccc3)c(C(=O)c3ccccc3)c21,346.338,3.6662000000000017,83.83,2,5,3,4,3,0.047619047619047616,26
CHEMBL580,O=C1Nc2ccc(Cl)cc2C(c2ccccc2Cl)=NC1O,1,O=C1CN=C(c2ccccc2)c2ccccc2N1,321.163,3.1013000000000015,61.69,2,3,1,3,2,0.06666666666666667,21
CHEMBL1782683,Cc1[nH]c(/C=C2\C(=O)N(CCCN(C)C)c3ccc(F)cc32)c(C)c1C(=O)N1CCCC1,0,O=C1Nc2ccccc2C1=Cc1cc(C(=O)N2CCCC2)c[nH]1,438.5470000000003,3.8455400000000033,59.650000000000006,1,3,6,4,2,0.44,32
CHEMBL1416392,CSC1=NSC2=NC(=O)/C(=C\c3c(C)[nH]c4ccccc34)C(=N)N12,0,N=C1C(=Cc2c[nH]c3ccccc23)C(=O)N=C2SN=CN12,355.44800000000004,3.4159900000000007,84.67,2,5,1,4,2,0.125,24
CHEMBL1813452,CCCCCCCN1C(=O)[C@@H]([C@H](O)C2CCCCC2)NC(=O)C12CCN(Cc1ccc(Oc3ccc(C(=O)NC)cc3)cc1)CC2,0,O=C1NC2(CCN(Cc3ccc(Oc4ccccc4)cc3)CC2)C(=O)NC1CC1CCCCC1,632.8460000000002,5.411700000000004,111.21000000000001,3,6,13,5,2,0.5945945945945946,46
CHEMBL4113356,O=C(N[C@@H]1CC[C@@H](c2cccc(F)c2F)Cc2cccnc21)c1cnc2c(c1)C[C@@]1(C2)C(=O)Nc2ncccc21,0,O=C(NC1CCC(c2ccccc2)Cc2cccnc21)c1cnc2c(c1)CC1(C2)C(=O)Nc2ncccc21,537.5700000000003,4.729700000000003,96.87,2,5,3,7,4,0.25806451612903225,40
CHEMBL3944165,O=C(C1CCS(=O)(=O)CC1)N1CCN(c2cnc(C(F)(F)F)cn2)CC1c1ccc(F)s1,0,O=C(C1CCS(=O)(=O)CC1)N1CCN(c2cnccn2)CC1c1cccs1,492.5200000000001,2.910700000000001,83.47000000000001,0,7,3,4,2,0.5263157894736842,32
CHEMBL4080001,CCCCN(CCCC)CCCCCOc1c(-c2cc(OC)c(OC)c(OC)c2)oc2ccccc2c1=O,0,O=c1cc(-c2ccccc2)oc2ccccc12,525.6860000000003,6.937100000000009,70.37,0,7,17,3,3,0.5161290322580645,38
CHEMBL6067656,CO/N=C(\C(=O)N[C@@H]1C(=O)N2C(C(=O)O)=C(CSc3nc(=O)c(O)nn3C)CS[C@H]12)c1csc(N)n1,1,N=C(C(=O)NC1C(=O)N2C=C(CSc3nc(=O)cn[nH]3)CSC12)c1cscn1,554.592,-1.198999999999999,215.22000000000003,4,14,8,4,2,0.3333333333333333,36
CHEMBL1201066,COc1ccc(C(CN(C)C)C2(O)CCCCC2)cc1,1,c1ccc(CC2CCCCC2)cc1,277.4079999999999,3.0356000000000014,32.7,1,3,5,2,1,0.6470588235294118,20
CHEMBL1201262,CNCC(O)c1ccc(OC(=O)C(C)(C)C)c(OC(=O)C(C)(C)C)c1,1,c1ccccc1,351.4430000000001,2.8424000000000014,84.85999999999999,2,6,5,1,1,0.5789473684210527,25
CHEMBL288185,C=C(C)[C@H]1C(=O)c2c3c(cc4c5c(n1c24)[C@@]1(C)C(CC[C@H]2[C@](C)(/C=C/CC=O)[C@@H](O)CC[C@@]21C)C5)C1=CC(C)(C)OC(C)(C)C1[C@@H]3O,0,O=C1Cn2c3c(c4cc5c(c1c42)CC1COCC=C51)CC1CCC2CCCCC2C31,637.8610000000003,7.74130000000001,88.76,2,5,4,8,2,0.6097560975609756,47
CHEMBL105,CO[C@@]12[C@H](COC(N)=O)C3=C(C(=O)C(C)=C(N)C3=O)N1C[C@@H]1N[C@@H]12,1,O=C1C=CC(=O)C2=C1CC1C3NC3CN21,334.33200000000005,-1.6511999999999971,146.89000000000001,3,8,3,4,0,0.5333333333333333,24
CHEMBL833,Clc1ccccc1CN1CCc2sccc2C1,1,c1ccc(CN2CCc3sccc3C2)cc1,263.793,3.959800000000002,3.24,0,2,2,3,2,0.2857142857142857,17
CHEMBL3039507,CCOc1ccc(Cc2cc([C@@H]3O[C@H](SC)[C@@H](O)[C@H](O)[C@H]3O)ccc2Cl)cc1,1,c1ccc(Cc2cccc(C3CCCCO3)c2)cc1,424.946,3.172600000000002,79.15,3,6,6,3,2,0.42857142857142855,28
CHEMBL3338640,C=C[C@H]1[C@H](O[C@@H]2O[C@H](COC(C)=O)[C@@H](OC(C)=O)[C@H](O)[C@H]2OC(=O)c2cccc(O)c2O)OC=C2C(=O)OCC[C@H]21,0,O=C1OCCC2CC(OC3OCCCC3OC(=O)c3ccccc3)OC=C12,578.5230000000001,0.8259000000000002,193.57999999999996,3,14,8,4,1,0.48148148148148145,41
CHEMBL1726,COC(=O)C1=C(C)NC(C)=C(C(=O)OCC(C)C)C1c1ccccc1[N+](=O)[O-],1,C1=CC(c2ccccc2)C=CN1,388.4200000000001,3.201800000000002,107.77000000000001,1,7,6,2,1,0.4,28
CHEMBL519855,CNc1nc(-c2ccccc2)c(-c2nc3ccccc3c(=O)n2-c2ccc(C(C)=O)cc2)s1,0,O=c1c2ccccc2nc(-c2scnc2-c2ccccc2)n1-c1ccccc1,452.5390000000002,5.420500000000003,76.88,1,6,5,5,5,0.07692307692307693,33
CHEMBL3601021,CC1CCN(CCOc2ccc(C#Cc3ncc(-c4ccc(Cl)cc4)cc3F)cc2)CC1,0,C(#Cc1ccc(-c2ccccc2)cn1)c1ccc(OCCN2CCCCC2)cc1,448.96900000000016,6.051600000000006,25.36,0,3,5,4,3,0.2962962962962963,32
CHEMBL3273885,COc1cc2c(cc1OC)-c1c(cnn1-c1ccccc1)CC2,0,c1ccc(-n2ncc3c2-c2ccccc2CC3)cc1,306.36500000000007,3.655100000000002,36.28,0,3,3,4,3,0.21052631578947367,23
CHEMBL3690990,CCCc1cccc(-c2cc(NC(=O)[C@@H]3CNC(=O)C3)nn2-c2ccc(OC)cc2)c1,0,O=C1CC(C(=O)Nc2cc(-c3ccccc3)n(-c3ccccc3)n2)CN1,418.4970000000002,3.575000000000002,85.25000000000001,2,4,7,4,3,0.2916666666666667,31
CHEMBL4212339,O=S(=O)(NC1CCN(CCOc2ccccc2)CC1)c1ccccc1Cl,0,O=S(=O)(NC1CCN(CCOc2ccccc2)CC1)c1ccccc1,394.9240000000001,3.1617000000000015,58.64,1,4,7,3,2,0.3684210526315789,26
CHEMBL2048028,CS(=O)(=O)c1cccc(C[C@H](NC(=O)c2c(Cl)cc3c(c2Cl)CCN(C(=O)c2ccc4ccoc4c2)C3)C(=O)O)c1,1,O=C(NCCc1ccccc1)c1ccc2c(c1)CCN(C(=O)c1ccc3ccoc3c1)C2,615.4910000000003,4.767300000000004,133.99,2,6,7,5,4,0.20689655172413793,41
CHEMBL269628,Nc1c(S(N)(=O)=O)cc(S(N)(=O)=O)c(Cl)c1Cl,0,c1ccccc1,320.1790000000001,-0.12959999999999894,146.34,3,5,2,1,1,0.0,17
CHEMBL4079775,Cc1n[nH]c2nccc(-c3ccc(NC(=O)Nc4cccc(C#N)c4)cc3)c12,0,O=C(Nc1ccccc1)Nc1ccc(-c2ccnc3[nH]ncc23)cc1,368.4000000000001,4.449000000000002,106.49000000000001,3,4,3,4,4,0.047619047619047616,28
CHEMBL4297534,CN1CC[C@@H](NC(=O)Nc2ccc(C#N)cc2)C[C@@H]1c1nc2ccccc2[nH]1,1,O=C(Nc1ccccc1)NC1CCNC(c2nc3ccccc3[nH]2)C1,374.4480000000001,3.391580000000002,96.84,3,4,3,4,3,0.2857142857142857,28
CHEMBL11662,O=C(O)/C=C/c1ccc(Cn2ccnc2)cc1,1,c1ccc(Cn2ccnc2)cc1,228.251,2.0292,55.12,1,2,4,2,2,0.07692307692307693,17
CHEMBL2375186,CCC(=O)O[C@@H]1C2[C@@H](OC(C)=O)[C@]34CO[C@@](C)([C@@H]3C3C(C[C@]3(C)OC(C)=O)[C@@H](OC(=O)c3ccccc3)C4=O)[C@H](OC(C)=O)[C@@]2(OC(C)=O)C[C@@H]1C,0,O=C(OC1C(=O)C23COC(CC4CCCC4C2)C3C2CCC12)c1ccccc1,726.7720000000002,3.3008000000000006,184.09999999999997,0,14,8,6,1,0.6578947368421053,52
CHEMBL1770916,CCC[C@H](N[C@H]1CCc2cc(F)cc(F)c2C1)C(=O)Nc1cn(C(C)(C)CNCC(C)(C)C)cn1,1,O=C(CNC1CCc2ccccc2C1)Nc1c[nH]cn1,489.65500000000026,4.786400000000004,70.98,3,4,10,3,2,0.6296296296296297,35
CHEMBL75658,COc1ccc(C(=O)NC(C(=O)NCC2CCN(C(C)C)CC2)c2ccnc3ccccc23)cc1,0,O=C(NC(C(=O)NCC1CCNCC1)c1ccnc2ccccc12)c1ccccc1,474.60500000000025,3.951100000000003,83.55999999999999,2,5,8,4,3,0.39285714285714285,35
CHEMBL1320183,Cc1[nH]c2ccccc2c1SCC(=O)N1CCOCC1,0,O=C(CSc1c[nH]c2ccccc12)N1CCOCC1,290.38800000000003,2.42722,45.33,1,3,3,3,2,0.4,20
CHEMBL2106556,CCC1(C2=CCCCC2)C(=O)NC(=O)NC1=O,1,O=C1NC(=O)C(C2=CCCCC2)C(=O)N1,236.271,1.2491999999999996,75.27000000000001,2,3,2,2,0,0.5833333333333334,17
CHEMBL3448891,COc1cccc(CN2CCOC(c3cnccn3)C2)c1F,0,c1ccc(CN2CCOC(c3cnccn3)C2)cc1,303.33700000000005,2.1978,47.480000000000004,0,5,4,3,2,0.375,22
CHEMBL521544,CC(C)C[C@H](N)C(=O)NS(=O)(=O)OC[C@H]1O[C@@H](n2cnc3c(N)ncnc32)[C@H](F)[C@@H]1O,0,c1ncc2ncn(C3CCCO3)c2n1,461.4760000000001,-1.2440999999999975,197.56999999999996,4,11,8,3,2,0.625,31
CHEMBL1201193,CCCCN1CCCC[C@H]1C(=O)Nc1c(C)cccc1C,1,O=C(Nc1ccccc1)C1CCCCN1,288.43500000000006,3.8965400000000026,32.34,1,2,5,2,1,0.6111111111111112,21
CHEMBL2058008,Cn1c2nc3ccccc3c-2c(NCCCCN)c2ccccc21,0,c1ccc2[nH]c3nc4ccccc4c-3cc2c1,318.4239999999999,3.9821000000000026,55.870000000000005,2,3,5,4,2,0.25,24
CHEMBL3228957,Cc1cc(C)n(-c2ccc(S(=O)(=O)N3CC(=O)N(Cc4ccccc4)C3=S)cc2)n1,0,O=C1CN(S(=O)(=O)c2ccc(-n3cccn3)cc2)C(=S)N1Cc1ccccc1,440.5500000000001,2.8071400000000013,75.51,0,5,5,4,3,0.19047619047619047,30
CHEMBL1651990,Clc1ccc(C(Cn2ccnc2)OCc2ccc(Sc3ccccc3)cc2)c(Cl)c1,1,c1ccc(Sc2ccc(COC(Cn3ccnc3)c3ccccc3)cc2)cc1,455.4100000000001,7.299200000000004,27.05,0,3,8,4,4,0.125,30
CHEMBL1764,COc1ccc2c(c1)N(C[C@H](C)CN(C)C)c1ccccc1S2,1,c1ccc2c(c1)Nc1ccccc1S2,328.481,4.495600000000004,15.71,0,4,5,3,2,0.3684210526315789,23
CHEMBL4214254,COC(=O)c1cccc(CC[C@H]([C@H](C)O)n2cnc3c(N)ncnc32)c1,0,c1ccc(CCCn2cnc3cncnc32)cc1,355.3980000000001,1.7497999999999998,116.14999999999999,2,7,6,3,3,0.3333333333333333,26
CHEMBL1445,C[C@]1(O)CC[C@H]2[C@@H]3CCC4=CC(=O)CC[C@]4(C)[C@@]3(F)[C@@H](O)C[C@@]21C,1,O=C1C=C2CCC3C4CCCC4CCC3C2CC1,336.44700000000006,3.332200000000002,57.53,2,3,0,4,0,0.85,24
CHEMBL628,CC(=O)CCCCn1c(=O)c2c(ncn2C)n(C)c1=O,1,O=c1[nH]c(=O)c2[nH]cnc2[nH]1,278.31200000000007,0.19300000000000006,78.89,0,4,5,2,2,0.5384615384615384,20
CHEMBL2105527,CN1C(=O)CN=C(C2=CCCCC2)c2cc(Cl)ccc21,1,O=C1CN=C(C2=CCCCC2)c2ccccc2N1,288.77799999999996,3.6059000000000028,32.67,0,2,1,3,1,0.375,20
CHEMBL2425160,COc1ccc(-c2ccc(NC(=O)Nc3cc(C(C)(C)C)nn3-c3ccc(C)cc3)cc2)cn1,0,O=C(Nc1ccc(-c2cccnc2)cc1)Nc1ccnn1-c1ccccc1,455.5620000000001,6.1928200000000055,81.07000000000001,2,4,5,4,4,0.2222222222222222,34
CHEMBL1584,CC(=O)c1ccc2c(c1)N(CCCN1CCC(CCO)CC1)c1ccccc1S2,1,c1ccc2c(c1)Sc1ccccc1N2CCCN1CCCCC1,410.5830000000001,4.976400000000005,43.78,1,5,7,4,2,0.4583333333333333,29
CHEMBL1161207,O=P(O)(O)CCCCC(F)(F)P(=O)(O)O,0,,268.08899999999994,1.1048999999999998,115.06,4,2,6,0,0,1.0,15
CHEMBL2362387,O=C(c1cscn1)N1CCOc2ccc(CN3CCC(Oc4cccnc4)CC3)cc2C1,0,O=C(c1cscn1)N1CCOc2ccc(CN3CCC(Oc4cccnc4)CC3)cc2C1,450.5640000000003,3.6163000000000025,67.79,0,7,5,5,3,0.375,32
CHEMBL1862533,O/N=C(\NCc1ccco1)c1ccc(Oc2ccc(Cl)cc2)nc1,0,N=C(NCc1ccco1)c1ccc(Oc2ccccc2)nc1,343.77000000000004,4.045900000000002,79.88000000000001,2,5,5,3,3,0.058823529411764705,24
CHEMBL514800,CCOc1cc([C@@H](CS(C)(=O)=O)N2C(=O)c3cccc(NC(C)=O)c3C2=O)ccc1OC,1,O=C1c2ccccc2C(=O)N1Cc1ccccc1,460.5080000000002,2.4342000000000006,119.08,1,7,8,3,2,0.3181818181818182,32
CHEMBL1390550,COC(=O)c1ccccc1NC(=O)NCc1ccccc1,0,O=C(NCc1ccccc1)Nc1ccccc1,284.315,2.794900000000001,67.42999999999999,2,3,4,2,2,0.125,21
CHEMBL3193628,Cc1cc(/C=N/NC(=O)c2cccs2)c(C)n1-c1ccccc1,0,O=C(NN=Cc1ccn(-c2ccccc2)c1)c1cccs1,323.42100000000005,3.9195400000000022,46.39,1,3,4,3,3,0.1111111111111111,23
CHEMBL3182343,CC(C)(C)C(=O)OCOC(=O)[C@@H]1N2C(=O)[C@@H](NC(=O)[C@H](N)c3ccccc3)[C@H]2SC1(C)C,1,O=C(Cc1ccccc1)NC1C(=O)N2CCSC12,463.55600000000015,1.3235000000000015,128.03,2,8,6,3,1,0.5454545454545454,32
CHEMBL1165841,N#Cc1c2ccccc2[n+]([O-])n1CC/C=C\c1ccccc1,0,C(=Cc1ccccc1)CCn1cc2ccccc2[nH+]1,289.33799999999997,3.249880000000002,55.66,0,2,4,3,3,0.1111111111111111,22
CHEMBL3955003,Cc1nc2c(N)cc(N3CCOCC3)nn2c1Nc1cccc(C(F)(F)F)c1CN1CC(O)C1,0,c1ccc(Nc2cnc3ccc(N4CCOCC4)nn23)c(CN2CCC2)c1,477.49100000000016,2.3954200000000005,104.17999999999999,3,8,5,5,3,0.45454545454545453,34
CHEMBL255044,CCOC(=O)Nc1ccc(NCc2ccc(F)cc2)nc1N,1,c1ccc(CNc2ccccn2)cc1,304.32500000000005,2.9834000000000005,89.27,3,5,5,2,2,0.2,22
CHEMBL45029,CCC1(c2ccccc2)C(=O)NC(=O)N(C)C1=O,1,O=C1NC(=O)C(c2ccccc2)C(=O)N1,246.26599999999993,1.0426,66.48,1,3,2,2,1,0.3076923076923077,18
CHEMBL98,O=C(CCCCCCC(=O)Nc1ccccc1)NO,1,c1ccccc1,264.32500000000005,2.4711,78.43,3,3,8,1,1,0.42857142857142855,19
CHEMBL1200791,Cc1cc(C(C)(C)C)c(O)c(C)c1CC1=NCCN1,1,c1ccc(CC2=NCCN2)cc1,260.3809999999999,2.850740000000001,44.620000000000005,2,3,2,2,1,0.5625,19
CHEMBL3936761,C=CC(=O)N1CCC([C@@H]2CCNc3c(C(N)=O)c(-c4ccc(Oc5ccccc5)cc4)nn32)CC1,1,c1ccc(Oc2ccc(-c3cc4n(n3)C(C3CCNCC3)CCN4)cc2)cc1,471.5610000000002,4.222600000000003,102.48000000000002,2,5,6,5,3,0.2962962962962963,35
CHEMBL1201293,CC(=O)NCCCS(=O)(=O)O,1,,181.213,-0.5995999999999997,83.47,2,3,4,0,0,0.8,11
CHEMBL2063490,O=C(Cn1cncn1)c1ccc(Cl)cc1,0,O=C(Cn1cncn1)c1ccccc1,221.64700000000002,1.8144,47.78,0,3,3,2,2,0.1,15
CHEMBL587967,O=C(Nc1cccc(CN2CCCN(Cc3ncc[nH]3)CC2)c1)c1ccc(Cl)c(Cl)c1,0,O=C(Nc1cccc(CN2CCCN(Cc3ncc[nH]3)CC2)c1)c1ccccc1,458.39300000000014,4.676700000000004,64.26,2,4,6,4,3,0.30434782608695654,31
CHEMBL1737,CCCc1nn(C)c2c(=O)[nH]c(-c3cc(S(=O)(=O)N4CCN(C)CC4)ccc3OCC)nc12,1,O=c1[nH]c(-c2cccc(S(=O)(=O)N3CCNCC3)c2)nc2cn[nH]c12,474.5870000000004,1.6109,113.41999999999999,1,7,7,4,3,0.5,33
CHEMBL1446,NC[C@H]1O[C@H](O[C@H]2[C@H](O)[C@@H](O[C@H]3O[C@H](CO)[C@@H](O)[C@H](N)[C@H]3O)[C@H](N)C[C@@H]2N)[C@H](O)[C@@H](O)[C@@H]1O,1,C1CCC(OC2CCCC(OC3CCCCO3)C2)OC1,484.50300000000016,-7.2914000000000065,282.61000000000007,11,15,6,3,0,1.0,33
CHEMBL1712842,CN1CCCC(CN2c3ccccc3Sc3ccccc32)C1,1,c1ccc2c(c1)Sc1ccccc1N2CC1CCCNC1,310.4660000000001,4.631100000000004,6.48,0,3,2,4,2,0.3684210526315789,22
CHEMBL2107806,C=Cc1c(C)c2cc3nc(c(CC(=O)N[C@@H](CC(=O)O)C(=O)O)c4[nH]c(cc5nc(cc1[nH]2)C(C)=C5CC)c(C)c4C(=O)O)[C@@H](CCC(=O)O)[C@@H]3C,1,C1=Cc2cc3ccc(cc4nc(cc5ccc(cc1n2)[nH]5)CC4)[nH]3,711.772,5.952240000000004,235.66,7,7,12,5,3,0.34210526315789475,52
CHEMBL1075,CCOC(=O)Nc1ccc2c(c1)N(C(=O)CCN1CCOCC1)c1ccccc1S2,1,O=C(CCN1CCOCC1)N1c2ccccc2Sc2ccccc21,427.52600000000024,4.106600000000004,71.11,1,6,5,4,2,0.36363636363636365,30
CHEMBL277062,O=C1CN=C(c2ccccn2)c2cc(Br)ccc2N1,1,O=C1CN=C(c2ccccn2)c2ccccc2N1,316.15799999999996,2.6336000000000004,54.35,1,3,1,3,2,0.07142857142857142,19
CHEMBL361497,C[C@H]1[C@H](OC(=O)CCC(=O)O)O[C@@H]2O[C@@]3(C)CC[C@H]4[C@H](C)CC[C@@H]1[C@@]24OO3,1,C1CC2CCOC3OC4CCC(C1)C23OO4,384.4250000000002,2.6024000000000003,100.52000000000002,1,7,4,5,0,0.8947368421052632,27
CHEMBL1872004,COC(=O)c1c(-c2ccccc2OC)sc2cc3c(cc12)OCO3,0,c1ccc(-c2cc3cc4c(cc3s2)OCO4)cc1,342.3720000000001,4.092200000000003,53.99000000000001,0,6,3,4,3,0.16666666666666666,24
CHEMBL59,NCCc1ccc(O)c(O)c1,1,c1ccccc1,153.18099999999998,0.5989999999999998,66.48,3,3,2,1,1,0.25,11
CHEMBL1697744,O=C(O)CSCC(=O)NC1CCSC1=O,1,O=C1CCCS1,249.313,-0.047499999999999876,83.47,2,5,5,1,0,0.625,15
CHEMBL247388,COC(=O)C(=O)Nc1cccc2c1Cc1c-2n[nH]c1-c1ccsc1,0,c1ccc2c(c1)Cc1c-2n[nH]c1-c1ccsc1,339.37600000000003,2.8209,84.08000000000001,2,5,2,4,3,0.11764705882352941,24
CHEMBL2087860,Cn1cc(C#N)cc1-c1c2c(=O)n(CC3CC3)c(=O)n(CC3CC3)c2nn1Cc1ccnc2ccc(Cl)cc12,0,O=c1c2c(-c3ccc[nH]3)n(Cc3ccnc4ccccc34)nc2n(CC2CC2)c(=O)n1CC1CC1,540.0270000000003,4.306780000000003,103.42999999999999,0,5,7,7,5,0.3448275862068966,39
CHEMBL168849,CCCSC[C@@H](N)[C@H](O)C(=O)N[C@@H](CO)c1ccccc1,0,c1ccccc1,312.435,0.6676000000000002,95.58,4,5,9,1,1,0.5333333333333333,21
CHEMBL1884331,Nn1c(SCc2cn3ccccc3n2)nnc1-c1ccncc1,0,c1ccn2cc(CSc3nnc(-c4ccncc4)[nH]3)nc2c1,323.38500000000005,1.9938999999999998,86.92,1,6,4,4,4,0.06666666666666667,23
CHEMBL3460593,CC(=O)N1CCN(C(=O)c2cnc(OC(C)C)c(Cl)c2)CC1,0,O=C(c1cccnc1)N1CCNCC1,325.7960000000001,1.8264999999999998,62.74000000000001,0,4,3,2,1,0.5333333333333333,22
CHEMBL5314649,C=CC(=O)N1C[C@H](Nc2ncnc3[nH]ccc23)CC[C@@H]1C,1,c1nc(NC2CCCNC2)c2cc[nH]c2n1,285.35100000000006,1.9352999999999994,73.91,2,4,3,3,2,0.4,21
CHEMBL4216686,COc1ccc([C@@H]2COc3cc(O)ccc3C2=O)c(O)c1,0,O=C1c2ccccc2OCC1c1ccccc1,286.283,2.465300000000001,75.99,2,5,2,3,2,0.1875,21
CHEMBL2003546,Cc1cc(-c2c(Br)cc(C(=O)O)n2C)on1,0,c1c[nH]c(-c2ccno2)c1,285.09700000000004,2.4492200000000004,68.25999999999999,1,3,2,2,2,0.2,16
CHEMBL1313366,CCOc1ccc(CCNC(=O)CCn2cccc2)cc1OCC,0,O=C(CCn1cccc1)NCCc1ccccc1,330.4280000000001,3.0345000000000013,52.489999999999995,1,3,10,2,2,0.42105263157894735,24
CHEMBL19299,CC(C(=O)O)c1ccc(CC2CCCC2=O)cc1,1,O=C1CCCC1Cc1ccccc1,246.30599999999993,2.7864000000000013,54.37,1,2,4,2,1,0.4666666666666667,18
CHEMBL1364144,CC(=O)OCC(=O)[C@@]1(O)CC[C@H]2[C@@H]3C[C@H](C)C4=CC(=O)C=C[C@]4(C)[C@H]3[C@@H](O)C[C@@]21C,1,O=C1C=CC2C(=C1)CCC1C3CCCC3CCC21,416.5140000000002,2.3744000000000005,100.90000000000002,2,6,3,4,0,0.7083333333333334,30
CHEMBL1185,CN(C)CCc1c[nH]c2ccc(C[C@H]3COC(=O)N3)cc12,1,O=C1NC(Cc2ccc3[nH]ccc3c2)CO1,287.36299999999994,1.9229,57.36,2,3,5,3,2,0.4375,21
CHEMBL3244648,CN(Cc1cnc2nc(N)nc(N)c2n1)c1ccc(C(=O)N[C@@H](CCC(=O)O)C(=O)O)cc1,1,c1ccc(NCc2cnc3ncncc3n2)cc1,454.44700000000023,0.2684000000000012,210.53999999999996,5,10,9,3,3,0.25,33
CHEMBL251913,COc1cc(OC)c2c(c1)C(=O)C1=C(CO[C@@](C)(O)C1)C2=O,0,O=C1C2=C(COCC2)C(=O)c2ccccc21,304.29800000000006,1.5082,82.06,1,6,2,3,1,0.375,22
CHEMBL1200482,CCN1CCN(C(=O)N[C@@H](C(=O)N[C@@H]2C(=O)N3C(C(=O)O)=C(CSc4nnnn4C)CS[C@H]23)c2ccc(O)cc2)C(=O)C1=O,1,O=C1NCCN(C(=O)NC(C(=O)NC2C(=O)N3C=C(CSc4nnn[nH]4)CSC23)c2ccccc2)C1=O,645.6800000000003,-1.1119999999999965,220.25999999999996,4,12,9,5,2,0.4,44
CHEMBL3684523,NCCc1ccc(-c2nnc3n2-c2cccnc2Nc2ccccc2-3)cc1,0,c1ccc(-c2nnc3n2-c2cccnc2Nc2ccccc2-3)cc1,354.4170000000001,3.5545000000000018,81.65,2,5,3,5,4,0.09523809523809523,27
CHEMBL1361708,CCCCNC(=O)c1nn(-c2ccc(CC)cc2)nc1CO,0,c1ccc(-n2nccn2)cc1,302.37800000000004,1.8519,80.04,2,4,7,2,2,0.4375,22
CHEMBL1957068,COc1ccc(S(=O)(=O)N(CC(C)C)C[C@@H](O)[C@H](Cc2ccc(-c3ccc(OC)c(C)c3)cc2)NC(=O)O[C@H]2CCOC2)cc1,0,O=C(NC(CCNS(=O)(=O)c1ccccc1)Cc1ccc(-c2ccccc2)cc1)OC1CCOC1,640.7990000000001,4.813220000000004,123.63000000000002,2,8,14,4,3,0.4411764705882353,45
CHEMBL3037991,CCCC[C@@H]1C(=O)O[C@@H]2O[C@]3(C)CC[C@H]4[C@H](C)CC[C@@H]1[C@@]24OO3,0,O=C1CC2CCCC3CCC4OOC32C(O1)O4,324.41700000000003,3.5652000000000026,53.99000000000001,0,5,3,5,0,0.9444444444444444,23
CHEMBL3329296,CCNC(=O)Nc1cc(N2CCN(C)CC2)c(C(=O)Nc2nccs2)cn1,0,O=C(Nc1nccs1)c1cnccc1N1CCNCC1,389.48499999999996,1.6836,102.49000000000001,3,7,5,3,2,0.4117647058823529,27
CHEMBL3545363,CC(C)(C)[C@@H]1NC(=O)O[C@@H]2CCC[C@H]2OC/C=C/C(F)(F)c2nc3ccccc3nc2O[C@@H]2C[C@@H](C(=O)N[C@]3(C(=O)NS(=O)(=O)C4(C)CC4)C[C@H]3C(F)F)N(C2)C1=O,1,O=C1NCC(=O)N2CC(CC2C(=O)NC2(C(=O)NS(=O)(=O)C3CC3)CC2)Oc2nc3ccccc3nc2CC=CCOC2CCCC2O1,838.8779999999998,3.8568000000000016,195.22,3,11,6,7,2,0.631578947368421,58
CHEMBL496189,O=C1CC2(CCN(C(=O)N[C@H]3C[C@@H]3c3ccccc3)CC2)Oc2ccccc21,0,O=C1CC2(CCN(C(=O)NC3CC3c3ccccc3)CC2)Oc2ccccc21,376.4560000000002,3.752100000000003,58.64,1,3,2,5,2,0.391304347826087,28
CHEMBL475187,O=C(N/N=C/c1ccccc1Cl)C1=C(O)c2ccccc2S(=O)(=O)N1,0,O=C(NN=Cc1ccccc1)C1=Cc2ccccc2S(=O)(=O)N1,377.809,2.0088,107.85999999999999,3,5,3,3,2,0.0,25
CHEMBL176354,O=S(=O)(NCCCCCc1ccccc1)NS(=O)(=O)NCCCCCc1ccccc1,0,O=S(=O)(NCCCCCc1ccccc1)NS(=O)(=O)NCCCCCc1ccccc1,467.6570000000003,3.070800000000001,104.37,3,4,16,2,2,0.45454545454545453,31
CHEMBL69082,C=CC[C@@H]1COC(CC)(CC(=O)O)c2[nH]c3c(CC)cccc3c21,0,c1ccc2c3c([nH]c2c1)COCC3,327.42400000000004,4.500200000000004,62.32,2,2,6,3,2,0.45,24
CHEMBL3693092,CC(C)CNS(=O)(=O)c1ccccc1-c1ccc(-c2ccc(N)nc2)c(F)c1,0,c1ccc(-c2ccc(-c3cccnc3)cc2)cc1,399.4910000000001,4.071200000000002,85.08,2,4,6,3,3,0.19047619047619047,28
CHEMBL524564,O=C(Nc1ccc(OC2CCN(Cc3ccccc3)C2)c(Cl)c1)c1ccsc1,0,O=C(Nc1ccc(OC2CCN(Cc3ccccc3)C2)cc1)c1ccsc1,412.94200000000006,5.307100000000004,41.57,1,4,6,4,3,0.22727272727272727,28
CHEMBL1189679,O=C1c2cccc3c2[C@H](CCC3)CN1[C@@H]1CN2CCC1CC2,1,O=C1c2cccc3c2C(CCC3)CN1C1CN2CCC1CC2,296.414,2.656500000000001,23.550000000000004,0,2,1,6,1,0.631578947368421,22
CHEMBL252983,CCNC(=O)c1[nH]nc(-c2cc(Cl)c(O)cc2O)c1-c1cccc(CN2CCC(CO)CC2)c1,0,c1ccc(-c2n[nH]cc2-c2cccc(CN3CCCCC3)c2)cc1,484.9840000000004,3.7623000000000015,121.71000000000001,5,6,7,4,3,0.36,34
CHEMBL251501,CCN(CC)C(=O)Oc1ccc(C(CC)(CC)c2ccc(N(C)C(C)=O)c(C)c2)cc1,0,c1ccc(Cc2ccccc2)cc1,424.58500000000015,5.924420000000007,49.85,0,3,8,2,2,0.46153846153846156,31
CHEMBL3914234,COc1cnn(-c2ccc(-c3nccc4c(Cl)c([C@]5(C)CS(=O)(=O)N(C)C(=N)N5)sc34)c(F)c2)c1,0,N=C1NC(c2cc3ccnc(-c4ccc(-n5cccn5)cc4)c3s2)CS(=O)(=O)N1,535.0260000000003,3.964870000000002,113.19999999999999,2,7,4,5,4,0.22727272727272727,35
CHEMBL1739,COc1ccc2cc1Oc1cc3c(cc1OC)CC[N+](C)(C)[C@H]3Cc1ccc(cc1)Oc1c(OC)c(OC)cc3c1[C@@H](C2)[N+](C)(C)CC3,1,c1cc2cc(c1)Oc1ccc3c(c1)C(Cc1ccc(cc1)Oc1cccc4c1C(C2)[NH2+]CC4)[NH2+]CC3,652.8319999999999,7.451600000000009,55.38000000000001,0,6,4,8,4,0.4,48
CHEMBL814,COCCCC/C(=N\OCCN)c1ccc(C(F)(F)F)cc1,1,c1ccccc1,318.339,3.201500000000001,56.84,1,4,9,1,1,0.5333333333333333,22
CHEMBL3401502,COc1ccc(OC)c(-c2nnc(N3CCCCC3)s2)c1,0,c1ccc(-c2nnc(N3CCCCC3)s2)cc1,305.40299999999996,3.212600000000002,47.480000000000004,0,6,4,3,2,0.4666666666666667,21
CHEMBL2269980,Cc1ccc(Oc2ccc(CNC(=O)c3c(Cl)c(C)nn3C)cc2)cc1,0,O=C(NCc1ccc(Oc2ccccc2)cc1)c1ccn[nH]1,369.8520000000001,4.412640000000002,56.15,1,3,5,3,3,0.2,26
CHEMBL2107355,OC[C@H]1NC[C@H](O)[C@@H](O)[C@H]1O,1,C1CCNCC1,163.173,-2.9667999999999988,92.95,5,5,1,1,0,1.0,11
CHEMBL1200940,CCN(CC)CCNC(=O)c1cc(Cl)c(N)cc1OC,1,c1ccccc1,299.8020000000001,2.0023999999999997,67.59,2,4,7,1,1,0.5,20
CHEMBL1201103,COc1ccc(OC)c(C(O)C(C)N)c1,1,c1ccccc1,211.261,1.0844,64.71,2,4,4,1,1,0.45454545454545453,15
CHEMBL252582,CS(=O)(=O)c1ccc(-c2ccc([C@H](N[C@@H](CC(Cl)Cl)C(=O)NC(C#N)(C3CC3)C3CC3)C(F)(F)F)cc2)cc1,0,O=C(CNCc1ccc(-c2ccccc2)cc1)NC(C1CC1)C1CC1,602.5060000000004,5.711080000000005,99.06,2,5,11,4,2,0.48148148148148145,39
CHEMBL3143892,OC[C@H]1O[C@@H](n2cnc3c(SCc4ccccc4)nccc32)C[C@@H]1O,0,c1ccc(CSc2nccc3c2ncn3C2CCCO2)cc1,357.4350000000001,2.3643000000000005,80.4,2,6,5,4,3,0.3333333333333333,25
CHEMBL696,CCC1(C)CC(=O)NC1=O,1,O=C1CCC(=O)N1,141.17,0.4491999999999999,46.17,1,2,1,1,0,0.7142857142857143,10
CHEMBL101742,Cc1cc(C)nc(OC(C(=O)O)C(OCCc2ccc(C(=O)O)cc2)(c2ccccc2)c2ccccc2)n1,0,c1ccc(CCOC(COc2ncccn2)(c2ccccc2)c2ccccc2)cc1,512.5620000000001,4.826740000000004,118.84,2,6,11,4,4,0.2,38
CHEMBL2105722,CC(=O)[C@@]1(O)CC[C@H]2[C@@H]3C=C(C)C4=CC(=O)CC[C@@H]4[C@H]3CC[C@@]21C,1,O=C1C=C2C=CC3C4CCCC4CCC3C2CC1,328.45200000000006,3.6144000000000025,54.37,1,3,1,4,0,0.7142857142857143,24
CHEMBL476,CN(C)/N=N/c1[nH]cnc1C(N)=O,1,c1c[nH]cn1,182.18699999999998,0.0688999999999999,99.72999999999999,2,4,3,1,1,0.3333333333333333,13
CHEMBL1567244,CCSCc1nnc(SCC(=O)Nc2cc(F)ccc2C)n1C,0,O=C(CSc1nnc[nH]1)Nc1ccccc1,354.4760000000001,3.246520000000001,59.81,1,5,7,2,2,0.4,23
CHEMBL1488,Oc1ncc(N(CCCl)CCCl)c(O)n1,1,c1cncnc1,252.101,1.1718,69.48,2,5,5,1,1,0.5,15
CHEMBL3186492,Cc1nccn1CC1CCc2c(c3ccccc3n2C)C1=O,1,O=C1c2c([nH]c3ccccc23)CCC1Cn1ccnc1,293.37000000000006,3.1285200000000017,39.82,0,2,2,4,3,0.3333333333333333,22
CHEMBL3653347,CC1(c2cccc(NC(=O)c3ncccc3F)c2)COCC(N)=N1,0,O=C(Nc1cccc(C2COCC=N2)c1)c1ccccn1,328.3470000000001,2.0756,89.6,2,5,3,3,2,0.23529411764705882,24
CHEMBL1200869,Cc1ncc([N+](=O)[O-])n1CCO,1,c1c[nH]cn1,171.15599999999998,0.09201999999999994,81.19,1,4,3,1,1,0.5,12
CHEMBL1200384,CCC(=O)OCC(=O)[C@@]1(OC(=O)CC)[C@@H](C)C[C@H]2[C@@H]3CCC4=CC(=O)C=C[C@]4(C)[C@@]3(F)[C@@H](O)C[C@@]21C,1,O=C1C=CC2C(=C1)CCC1C3CCCC3CCC21,504.5950000000003,3.8175000000000026,106.97000000000001,1,7,6,4,0,0.7142857142857143,36
CHEMBL1200399,O=C1CC2(CCCC2)CC(=O)N1CCCCN1CCN(c2ncccn2)CC1,1,O=C1CC2(CCCC2)CC(=O)N1CCCCN1CCN(c2ncccn2)CC1,385.5120000000001,2.0881999999999996,69.64000000000001,0,6,6,4,1,0.7142857142857143,28
CHEMBL1200914,CCOc1ccccc1OCCN[C@H](C)Cc1ccc(OC)c(S(N)(=O)=O)c1,1,c1ccc(CCNCCOc2ccccc2)cc1,408.5200000000001,2.3409000000000004,99.88,2,6,11,2,2,0.4,28
CHEMBL124801,COCCOc1ccc(OP(=O)(NC(C)C(=O)OC)OCC2C=CC(n3cc(C)c(=O)[nH]c3=O)O2)cc1,0,O=c1ccn(C2C=CC(CO[PH](=O)Oc3ccccc3)O2)c(=O)[nH]1,539.4780000000003,1.6786199999999998,156.41,2,10,13,3,2,0.43478260869565216,37
CHEMBL4290614,CCOC(=O)C1(C(F)(F)F)C(C#N)=C(N)Oc2[nH]c3ccccc3c21,0,C1=COc2[nH]c3ccccc3c2C1,351.28400000000005,2.6173800000000007,101.13,2,5,2,3,2,0.25,25
CHEMBL169975,COc1ccc(NC(=O)c2cc(NS(C)(=O)=O)ccc2NC(=O)c2ccc(N(C)C)cc2)cc1,0,O=C(Nc1ccccc1C(=O)Nc1ccccc1)c1ccccc1,482.5620000000002,3.6373000000000024,116.83999999999999,3,6,8,3,3,0.16666666666666666,34
CHEMBL168617,O=C(Nc1ccc(F)cc1F)C1c2ccccc2COc2ccc(Br)cc21,0,O=C(Nc1ccccc1)C1c2ccccc2COc2ccccc21,430.2480000000001,5.3903000000000025,38.33,1,2,2,4,3,0.09523809523809523,27
CHEMBL3115973,COc1cccc(-n2cc(CNC[C@@H]3C(=O)O[C@H]4[C@H]3CCC(C)=C3C[C@H]5O[C@@]5(C)[C@@H]34)nn2)c1,0,O=C1OC2C(CCC=C3CC4OC4C32)C1CNCc1cn(-c2ccccc2)nn1,450.53900000000027,2.811000000000001,90.8,1,7,6,6,2,0.56,33
CHEMBL2296257,Cc1ccc(Cn2c(C)nc3c(I)cc(I)cc3c2=O)cc1,0,O=c1c2ccccc2ncn1Cc1ccccc1,516.1200000000001,4.270840000000003,34.89,0,2,2,3,3,0.17647058823529413,22
CHEMBL4078111,O=C(NC12CC3CC(CC(C3)C1)C2)c1cn(CC2CCOCC2)c2ccccc12,0,O=C(NC12CC3CC(CC(C3)C1)C2)c1cn(CC2CCOCC2)c2ccccc12,392.54300000000023,4.766500000000004,43.260000000000005,1,2,4,7,2,0.64,29
CHEMBL3127030,O=C(Nc1cc(-c2ccccc2)sc1C(=O)O)c1ccc(-c2ccccc2)cc1,0,O=C(Nc1csc(-c2ccccc2)c1)c1ccc(-c2ccccc2)cc1,399.4710000000001,6.032600000000004,66.4,2,3,5,4,4,0.0,29
CHEMBL10878,COc1ccc2cccc(CCNC(C)=O)c2c1,1,c1ccc2ccccc2c1,243.30599999999995,2.527,38.33,1,2,4,2,2,0.26666666666666666,18
CHEMBL1200356,CC1(C)S[C@@H]2[C@H](NC(=O)C3(N)CCCCC3)C(=O)N2[C@H]1C(=O)O,1,O=C(NC1C(=O)N2CCSC12)C1CCCCC1,341.433,0.2797000000000011,112.73,3,5,3,3,0,0.8,23
CHEMBL169911,O=C(NCc1ccc(F)cc1)c1cccnc1Oc1ccc(F)cc1,0,O=C(NCc1ccccc1)c1cccnc1Oc1ccccc1,340.32900000000006,4.082100000000002,51.22,1,3,5,3,3,0.05263157894736842,25
CHEMBL1201142,C#CCN[C@@H]1CCc2ccccc21,1,c1ccc2c(c1)CCC2,171.243,1.8967,12.03,1,1,2,2,1,0.3333333333333333,13
CHEMBL9,CCn1cc(C(=O)O)c(=O)c2cc(F)c(N3CCNCC3)cc21,1,O=c1cc[nH]c2cc(N3CCNCC3)ccc12,319.336,1.2683,74.57000000000001,2,4,3,3,2,0.375,23
CHEMBL1200645,COc1cc([C@@H]2c3cc4c(cc3[C@@H](O[C@@H]3O[C@@H]5CO[C@@H](C)O[C@H]5[C@H](O)[C@H]3O)[C@H]3COC(=O)[C@H]23)OCO4)cc(OC)c1OP(=O)(O)O,1,O=C1OCC2C(OC3CCC4OCOCC4O3)c3cc4c(cc3C(c3ccccc3)C12)OCO4,668.5410000000005,1.1044999999999991,207.35999999999999,4,14,7,7,2,0.5517241379310345,46
CHEMBL817,Cc1ccc(S(=O)(=O)NC(=O)NN2CCCCCC2)cc1,1,O=C(NN1CCCCCC1)NS(=O)(=O)c1ccccc1,311.4070000000001,1.7739199999999995,78.50999999999999,2,4,3,2,1,0.5,21
CHEMBL1200908,CCC(=O)O[C@]1(C(=O)CCl)[C@@H](C)C[C@H]2[C@@H]3C[C@H](F)C4=CC(=O)C=C[C@]4(C)[C@@]3(F)[C@@H](O)C[C@@]21C,1,O=C1C=CC2C(=C1)CCC1C3CCCC3CCC21,484.9670000000002,4.0511000000000035,80.67,1,5,4,4,0,0.72,33
CHEMBL454446,CO/N=C(\C(=O)N[C@@H]1C(=O)N2C(C(=O)OCOC(=O)C(C)(C)C)=C(/C=C\c3scnc3C)CS[C@H]12)c1csc(N)n1,1,N=C(C(=O)NC1C(=O)N2C=C(C=Cc3cncs3)CSC12)c1cscn1,620.735,2.2981199999999986,175.40000000000003,2,14,9,4,2,0.4,41
CHEMBL1183717,C=CCNc1nc(NCC=C)nc(N2CCN(C(c3ccc(F)cc3)c3ccc(F)cc3)CC2)n1,1,c1ccc(C(c2ccccc2)N2CCN(c3ncncn3)CC2)cc1,477.56300000000016,4.257200000000004,69.21000000000001,2,7,10,4,3,0.2692307692307692,35
CHEMBL256054,CC(C)(C)OC(=O)NCCCC[C@H](NC(=O)OC(C)(C)C)C(=O)NCCNc1ccc(NCCNC(=O)[C@H](CCCCNC(=O)OC(C)(C)C)NC(=O)OC(C)(C)C)c2c1C(=O)c1ccccc1C2=O,0,O=C1c2ccccc2C(=O)c2ccccc21,981.2019999999997,6.6948000000000105,269.71999999999997,8,14,22,3,2,0.6,70
CHEMBL1512435,CCCCC(=O)Nc1nnc(S(=O)(=O)N(C)Cc2ccccc2)s1,0,O=S(=O)(NCc1ccccc1)c1nncs1,368.4840000000001,2.4875,92.26,1,6,8,2,2,0.4,24
CHEMBL3608419,Cn1cc(-c2ccc(Cn3cc(C(=O)N[C@H]4COCC[C@@H]4O)c4ncccc43)cc2)cn1,0,O=C(NC1CCCOC1)c1cn(Cc2ccc(-c3cn[nH]c3)cc2)c2cccnc12,431.4960000000001,2.3647,94.2,2,5,5,5,4,0.2916666666666667,32
CHEMBL3401994,CCN(CC)c1ccc(/C=C2/SC(Nc3ccc(O)cc3)=NC2=O)cc1,0,O=C1N=C(Nc2ccccc2)SC1=Cc1ccccc1,367.4740000000001,4.320800000000003,64.93,2,5,5,3,2,0.2,26
CHEMBL1201784,CCCCCCOC(=O)CCC(=O)CN,1,,215.29299999999995,1.4179,69.39,1,4,9,0,0,0.8181818181818182,15
CHEMBL3209120,COCc1cc(C)nc(N/N=C/c2ccc(Cl)c(Cl)c2)c1C#N,0,C(=NNc1ccccn1)c1ccccc1,349.22100000000006,4.1609000000000025,70.3,1,5,5,2,2,0.1875,23
CHEMBL108578,CCCCC(=O)N(c1ccc(Nc2c3ccccc3nc3ccccc23)cc1)S(C)(=O)=O,0,c1ccc(Nc2c3ccccc3nc3ccccc23)cc1,447.5600000000002,5.614400000000005,79.37,1,5,7,4,4,0.2,32
CHEMBL1451606,Cc1onc(-c2ccccc2Cl)c1C(=O)NC1CCCCCC1,0,O=C(NC1CCCCCC1)c1conc1-c1ccccc1,332.83100000000024,4.756020000000004,55.13,1,3,3,3,2,0.4444444444444444,23
CHEMBL3229091,CS(=O)(=O)Nc1ccc(Nc2c3ccccc3nc3ccccc23)cc1,0,c1ccc(Nc2c3ccccc3nc3ccccc23)cc1,363.4420000000001,4.5031000000000025,71.09,2,4,4,4,4,0.05,26
CHEMBL712,COc1ccc(C2C(=O)c3ccccc3C2=O)cc1,1,O=C1c2ccccc2C(=O)C1c1ccccc1,252.269,2.8580000000000005,43.370000000000005,0,3,2,3,2,0.125,19
CHEMBL3144534,CC(C)(C)OC(=O)N[C@@H](Cc1c[nH]c2ccccc12)C(=O)N[C@@H](CCCCNC(=O)CCc1cccc(O)c1)C(=O)N[C@@H](CC(=O)O)C(=O)N[C@@H](Cc1ccccc1)C(N)=O,0,O=C(CCc1ccccc1)NCCCCC(NC(=O)CCc1c[nH]c2ccccc12)C(=O)NCC(=O)NCCc1ccccc1,841.9630000000002,2.8857000000000044,271.14,9,9,22,4,4,0.38636363636363635,61
CHEMBL2359337,COc1ccc(S(=O)(=O)N2CCCc3nc(-c4ccc(F)cc4)ccc32)cc1,0,O=S(=O)(c1ccccc1)N1CCCc2nc(-c3ccccc3)ccc21,398.459,4.037800000000003,59.50000000000001,0,4,4,4,3,0.19047619047619047,28
CHEMBL3702706,C=CCN1CC(=O)N2[C@@H](Cc3ccc(O)cc3)C(=O)N(Cc3cccc4c(C(=O)NN5CCN(c6ccccn6)CC5)cn(C)c34)C[C@@H]2N1C(=O)NCc1ccccc1,0,O=C(NN1CCN(c2ccccn2)CC1)c1c[nH]c2c(CN3CC4N(C(=O)NCc5ccccc5)NCC(=O)N4C(Cc4ccccc4)C3=O)cccc12,796.9329999999999,3.4825000000000026,149.82999999999998,3,9,11,8,5,0.29545454545454547,59
CHEMBL1200342,CC(=O)OCC(=O)[C@@]1(O)[C@H](C)C[C@H]2[C@@H]3C[C@H](F)C4=CC(=O)C=C[C@]4(C)[C@H]3[C@@H](O)C[C@@]21C,1,O=C1C=CC2C(=C1)CCC1C3CCCC3CCC21,434.50400000000025,2.3224,100.90000000000002,2,6,3,4,0,0.7083333333333334,31
CHEMBL25604,COc1cccc(CC(=O)N2CCN(C(C)=O)CC2CN2CC[C@H](O)C2)c1,0,O=C(Cc1ccccc1)N1CCNCC1CN1CCCC1,375.4690000000001,0.36360000000000087,73.32000000000001,1,5,5,3,1,0.6,27
CHEMBL222559,CCC[C@@]1(CCc2ccccc2)CC(O)=C([C@H](CC)c2cccc(NS(=O)(=O)c3ccc(C(F)(F)F)cn3)c2)C(=O)O1,1,O=C1OC(CCc2ccccc2)CC=C1Cc1cccc(NS(=O)(=O)c2ccccn2)c1,602.6750000000001,7.325500000000007,105.59000000000002,2,6,11,4,3,0.3548387096774194,42
CHEMBL3652835,CCc1ccccc1Nc1ncc2c(n1)-c1c(nn(C)c1-c1ccccc1)CC2,0,c1ccc(Nc2ncc3c(n2)-c2c(n[nH]c2-c2ccccc2)CC3)cc1,381.4830000000002,4.948700000000004,55.63,1,4,4,5,4,0.20833333333333334,29
CHEMBL223228,O=C1Nc2ccc(Cl)cc2[C@@](C#CC2CC2)(C(F)(F)F)O1,1,O=C1Nc2ccccc2C(C#CC2CC2)O1,315.67799999999994,4.073100000000001,38.33,1,2,0,3,1,0.35714285714285715,21
CHEMBL1201037,NCCCC(N)(C(=O)O)C(F)F,1,,182.17,-0.22749999999999942,89.34,3,3,5,0,0,0.8333333333333334,12
CHEMBL3989803,Cc1c(N(C)CS(=O)(=O)O)c(=O)n(-c2ccccc2)n1C,1,O=c1cc[nH]n1-c1ccccc1,311.36300000000006,0.7659199999999997,84.54000000000002,1,4,4,2,2,0.3076923076923077,21
CHEMBL1683,CCCC(=O)O[C@]1(C(=O)CO)CC[C@H]2[C@@H]3CCC4=CC(=O)CC[C@]4(C)[C@H]3[C@@H](O)C[C@@]21C,1,O=C1C=C2CCC3C4CCCC4CCC3C2CC1,432.5570000000002,3.132600000000002,100.90000000000002,2,6,5,4,0,0.8,31
CHEMBL1200437,C=C[C@H]1CN2CC[C@H]1C[C@@H]2[C@@H](O)c1ccnc2ccc(OC)cc12,1,c1ccc2c(CC3CC4CCN3CC4)ccnc2c1,324.4240000000001,3.1732000000000014,45.59,1,4,4,5,2,0.45,24
CHEMBL3183184,CCCCC(CC)COC(=O)C=Cc1ccc(OC)cc1,1,c1ccccc1,290.403,4.468000000000004,35.53,0,3,9,1,1,0.5,21
CHEMBL927,C=CC1=C(C(=O)O)N2C(=O)[C@@H](NC(=O)/C(=N\O)c3csc(N)n3)[C@H]2SC1,1,N=C(C(=O)NC1C(=O)N2C=CCSC12)c1cscn1,395.4220000000001,-0.17179999999999884,158.21000000000004,4,9,5,3,1,0.21428571428571427,26
CHEMBL1200392,CN(C)CCOC(C)(c1ccccc1)c1ccccn1,1,c1ccc(Cc2ccccn2)cc1,270.37600000000003,2.923300000000001,25.36,0,3,6,2,2,0.35294117647058826,20
CHEMBL1201731,OC(CNCC(O)C1CCc2cc(F)ccc2O1)C1CCc2cc(F)ccc2O1,1,c1ccc2c(c1)CCC(CCNCCC1CCc3ccccc3O1)O2,405.44100000000014,2.363600000000001,70.95,3,5,6,4,2,0.45454545454545453,29
CHEMBL564038,FC(F)(F)Sc1ccc(CNCCCNCCCNCCCNCc2ccc(SC(F)(F)F)cc2)cc1,0,c1ccc(CNCCCNCCCNCCCNCc2ccccc2)cc1,568.6970000000003,6.139300000000005,48.12,4,6,18,2,2,0.52,37
CHEMBL1208,CCn1nc(C(=O)O)c(=O)c2cc3c(cc21)OCO3,1,O=c1cn[nH]c2cc3c(cc12)OCO3,262.22099999999995,0.8432999999999997,90.65,1,5,2,3,2,0.25,19
CHEMBL1194325,O=C(O[C@H]1C[N+]2(CCCOc3ccccc3)CCC1CC2)C(O)(c1cccs1)c1cccs1,1,O=C(OC1C[N+]2(CCCOc3ccccc3)CCC1CC2)C(c1cccs1)c1cccs1,484.66300000000024,4.666800000000005,55.760000000000005,1,6,9,6,3,0.4230769230769231,33
CHEMBL1983268,CN1CCN(c2ccc(C(=O)Nc3n[nH]c4ccc(Cc5cc(F)cc(F)c5)cc34)c(NC3CCOCC3)c2)CC1,1,O=C(Nc1n[nH]c2ccc(Cc3ccccc3)cc12)c1ccc(N2CCNCC2)cc1NC1CCOCC1,560.6490000000001,5.026900000000005,85.52,3,6,7,6,4,0.3548387096774194,41
CHEMBL1200930,COCCCOc1ccnc(C[S+]([O-])c2nc3ccccc3[nH]2)c1C,1,c1ccc(C[SH+]c2nc3ccccc3[nH]2)nc1,359.451,2.989420000000001,83.09,1,5,8,3,3,0.3333333333333333,25
CHEMBL1885186,CCCOC1CCCN(Cc2nc(-c3cnccn3)no2)C1,0,c1cnc(-c2noc(CN3CCCCC3)n2)cn1,303.36600000000004,1.9176,77.17,0,7,6,3,2,0.6,22
CHEMBL1213252,O=C(O)C1N=C(c2ccccc2)c2cc(Cl)ccc2NC1=O,1,O=C1CN=C(c2ccccc2)c2ccccc2N1,314.72800000000007,2.5827,78.75999999999999,2,3,2,3,2,0.0625,22
CHEMBL1201057,CC1(C)C[C@@H]1C(=O)N/C(=C\CCCCSC[C@H](N)C(=O)O)C(=O)O,1,C1CC1,358.46000000000004,1.4326000000000003,129.72,4,5,11,1,0,0.6875,24
CHEMBL419213,NCCCC[C@H](N[C@@H](CCc1ccccc1)C(=O)O)C(=O)N1CCC[C@H]1C(=O)O,1,O=C(CNCCCc1ccccc1)N1CCCC1,405.49500000000023,1.2352000000000007,132.95999999999998,4,5,12,2,1,0.5714285714285714,29
CHEMBL3954091,Nc1ncc(-c2nc(N3CCOCC3)nc3c2CCN3[C@H]2C[C@H](C(N)=O)C2)cn1,0,c1ncc(-c2nc(N3CCOCC3)nc3c2CCN3C2CCC2)cn1,396.4550000000001,-0.021199999999999608,136.38,2,9,4,5,2,0.5263157894736842,29
CHEMBL1271471,CCNCc1ccc(N/C(=C2\C(=O)Nc3cc(C(=O)N(C)CC)ccc32)c2ccccc2)cc1,0,O=C1Nc2ccccc2C1=C(Nc1ccccc1)c1ccccc1,454.5740000000001,4.820500000000004,73.46999999999998,3,4,8,4,3,0.21428571428571427,34
CHEMBL625,c1ccc2[nH]c(-c3cscn3)nc2c1,1,c1ccc2[nH]c(-c3cscn3)nc2c1,201.254,2.6864,41.57,1,3,1,3,3,0.0,14
CHEMBL2031927,CC(C)c1ccc(NC(=O)NCC2CCCCC2)cc1,0,O=C(NCC1CCCCC1)Nc1ccccc1,274.4079999999999,4.511800000000004,41.13,2,1,4,2,1,0.5882352941176471,20
CHEMBL4097391,COc1cccc(-c2cn3c(=O)n(-c4ccccc4)nc3c(N)n2)c1,0,O=c1n(-c2ccccc2)nc2cnc(-c3ccccc3)cn12,333.35100000000006,2.138,87.44,1,5,3,4,4,0.05555555555555555,25
CHEMBL29194,CNCCCNCCCNC,0,,159.27700000000002,-0.20499999999999918,36.089999999999996,3,3,8,0,0,1.0,11
CHEMBL1909298,COc1cc(Br)c(C[N+]2(CCOCCC3CCC4CC3C4(C)C)CCOCC2)cc1OC,1,c1ccc(C[N+]2(CCOCCC3CCC4CC3C4)CCOCC2)cc1,511.52100000000047,5.292300000000005,36.92,0,4,10,5,1,0.7692307692307693,32
CHEMBL520928,CCCCCC[C@@H](CCCCC)[C@@H](CO)NS(=O)(=O)c1ccc(Cl)s1,0,c1ccsc1,410.0450000000001,5.207600000000006,66.4,2,4,14,1,1,0.7777777777777778,25
CHEMBL4225824,CCCCCc1ccc(-c2cc(CCC(=O)O)c3c(=O)n(CC4CCCO4)c(N)nc3c2)cc1,0,O=c1c2ccc(-c3ccccc3)cc2ncn1CC1CCCO1,463.57800000000026,4.574600000000003,107.44,2,5,10,4,3,0.4444444444444444,34
CHEMBL1935650,Cc1ccc(C)c(COc2cc(NC(=O)c3ccc(Cl)cc3)ccc2N(C)S(C)(=O)=O)c1,0,O=C(Nc1cccc(OCc2ccccc2)c1)c1ccccc1,472.99400000000014,5.183940000000005,75.71000000000001,1,4,7,3,3,0.20833333333333334,32
CHEMBL70927,Cc1c(O)c(=O)ccn1C,1,O=c1cc[nH]cc1,139.154,0.39931999999999984,42.23,1,2,0,1,1,0.2857142857142857,10
CHEMBL677,C[C@H](N)[C@H](O)c1ccc(O)c(O)c1,1,c1ccccc1,183.207,0.4784,86.71000000000001,4,4,2,1,1,0.3333333333333333,13
CHEMBL19236,COc1nc(C)nc(Cl)c1NC1=NCCN1,1,c1ncc(NC2=NCCN2)cn1,241.68200000000002,0.8181199999999997,71.43,2,6,2,2,1,0.4444444444444444,16
CHEMBL3403193,CC(=O)O[C@H]1CC[C@]2(C)C3=C(CC[C@H]2C1(C)C)[C@]1(C)CC[C@H]([C@H](C)CCCN2CCOCC2)[C@@]1(C)CC3,0,C1CCC2C3=C(CCC2C1)C1CCC(CCCCN2CCOCC2)C1CC3,513.8070000000006,7.4159000000000095,38.769999999999996,0,4,6,5,0,0.9090909090909091,37
CHEMBL1988657,CCN(CC)c1ccc(/C=N/NC(=S)NCc2ccccc2)c(O)c1,0,S=C(NCc1ccccc1)NN=Cc1ccccc1,356.49500000000006,3.236600000000001,59.89,3,4,7,2,2,0.2631578947368421,25
CHEMBL1092640,CC(=O)N1CCCC1(Cc1ccccc1)C(=O)N(C)Cc1ccccc1,0,O=C(NCc1ccccc1)C1(Cc2ccccc2)CCCN1,350.46200000000016,3.2688000000000024,40.620000000000005,0,2,5,3,2,0.36363636363636365,26
CHEMBL508165,O=C1OC(CO)(COC(=O)C(c2ccccc2)c2ccccc2)C/C1=C/c1ccc(-c2ccc(C(F)(F)F)cc2)cc1,0,O=C1OC(COC(=O)C(c2ccccc2)c2ccccc2)CC1=Cc1ccc(-c2ccccc2)cc1,572.5790000000003,6.809100000000005,72.83000000000001,1,5,8,5,4,0.17647058823529413,42
CHEMBL3714790,CC(C)N(C)c1nc2cc(C(=O)O)ccc2nc1-c1coc2ccccc12,0,c1ccc2nc(-c3coc4ccccc34)cnc2c1,361.4010000000001,4.585800000000003,79.46000000000001,1,5,4,4,4,0.19047619047619047,27
CHEMBL1200474,CN(C)[C@@H]1C(O)=C(C(N)=O)C(=O)[C@@]2(O)C(O)=C3C(=O)c4c(O)ccc(Cl)c4[C@@H](O)[C@H]3C[C@@H]12,1,O=C1C2=CC3C(=O)C=CCC3CC2Cc2ccccc21,464.8580000000002,0.2649000000000006,181.61999999999998,6,9,2,4,1,0.38095238095238093,32
CHEMBL1201002,CC(C)(C)NCC(O)COc1cccc2c1CCC(=O)N2,1,O=C1CCc2ccccc2N1,292.37899999999996,1.6990999999999998,70.58999999999999,3,4,5,2,1,0.5625,21
CHEMBL3137326,[2H]C([2H])([2H])Oc1cc2c(cc1OC([2H])([2H])[2H])C1CC(=O)C(CC(C)C)CN1CC2,1,O=C1CCN2CCc3ccccc3C2C1,323.4656106680001,3.238100000000002,38.77,0,4,4,3,1,0.631578947368421,23
CHEMBL1200799,CC(C)OC(=O)CCC/C=C\C[C@@H]1[C@@H](/C=C/[C@@H](O)COc2cccc(C(F)(F)F)c2)[C@H](O)C[C@@H]1O,1,C(=CC1CCCC1)CCOc1ccccc1,500.5540000000002,4.427400000000005,96.22000000000001,3,6,12,2,1,0.5769230769230769,35
CHEMBL1387,C#C[C@]1(O)CC[C@H]2[C@@H]3CCC4=C(CCC(=O)C4)[C@H]3CC[C@@]21C,1,O=C1CCC2=C(CCC3C2CCC2CCCC23)C1,298.42600000000004,3.636600000000003,37.3,1,2,0,4,0,0.75,22
CHEMBL3989507,O=C(O)CN(CCN(CC(=O)O)CC(=O)O)CC(=O)O,1,,292.244,-2.0711999999999957,155.68,4,6,11,0,0,0.6,20
CHEMBL282042,CC(C)(C)NC(=O)[C@@H]1C[C@@H]2CCCC[C@@H]2CN1C[C@@H](O)[C@H](Cc1ccccc1)NC(=O)[C@H](CC(N)=O)NC(=O)c1ccc2ccccc2n1,1,O=C(CNC(=O)c1ccc2ccccc2n1)NC(CCN1CCC2CCCCC2C1)Cc1ccccc1,670.855,3.092400000000003,166.75,5,7,12,5,3,0.5,49
CHEMBL1511220,Cc1ccc(S(=O)(=O)N2CCCCC2)cc1NC(=O)COC(=O)c1ccccc1F,0,O=C(COC(=O)c1ccccc1)Nc1cccc(S(=O)(=O)N2CCCCC2)c1,434.48900000000015,3.1042200000000015,92.78,1,5,6,3,2,0.3333333333333333,30
CHEMBL512254,C[C@H](N)C(=O)NCc1cccc(-c2ocnc2-c2nnc(-c3ccccc3)o2)c1,0,c1ccc(-c2nnc(-c3ncoc3-c3ccccc3)o2)cc1,389.4150000000001,3.022000000000001,120.07000000000001,2,7,6,4,4,0.14285714285714285,29
CHEMBL361132,C/C=C/C(=O)Nc1cccnc1C(=O)Nc1nccs1,0,O=C(Nc1nccs1)c1ccccn1,288.332,2.3049999999999997,83.98,2,5,4,2,2,0.07692307692307693,20
CHEMBL294749,c1ccc(COc2cc3c(c(OCc4ccccc4)c2OCc2ccccc2)-c2c(cc(OCc4ccccc4)c(OCc4ccccc4)c2OCc2ccccc2)COC3)cc1,0,c1ccc(COc2cc3c(c(OCc4ccccc4)c2OCc2ccccc2)-c2c(cc(OCc4ccccc4)c(OCc4ccccc4)c2OCc2ccccc2)COC3)cc1,832.993,12.85779999999998,64.61000000000001,0,7,18,9,8,0.14285714285714285,63
CHEMBL234305,O=C(NC1CCN(C(=O)CCc2cccnc2)CC1)C(c1ccc2ccccc2c1)C1CCCCC1,0,O=C(NC1CCN(C(=O)CCc2cccnc2)CC1)C(c1ccc2ccccc2c1)C1CCCCC1,483.65600000000035,5.638700000000005,62.300000000000004,1,3,7,5,3,0.45161290322580644,36
CHEMBL417223,CN(C)CCNC(=O)c1cccc2cc3cc(N(C)C)ccc3nc12,0,c1ccc2nc3ccccc3cc2c1,336.4390000000001,2.745400000000001,48.470000000000006,1,4,5,3,3,0.3,25
CHEMBL13209,O=C1CN=C(c2ccccc2)c2cc([N+](=O)[O-])ccc2N1,1,O=C1CN=C(c2ccccc2)c2ccccc2N1,281.27099999999996,2.3842999999999996,84.6,1,4,2,3,2,0.06666666666666667,21
CHEMBL1377335,O=c1cc(Cl)[nH]c(=O)n1CCNc1ncc(C(F)(F)F)cc1Cl,0,O=c1cc[nH]c(=O)n1CCNc1ccccn1,369.13,2.3693,79.78,2,4,4,2,2,0.25,23
CHEMBL3989556,CCN1CCC[C@H]1CNC(=O)c1c(OC)ccc(Br)c1OC,1,O=C(NCC1CCCN1)c1ccccc1,371.2750000000001,2.6804000000000006,50.80000000000001,1,4,6,2,1,0.5625,22
CHEMBL1200866,FC(F)(F)C(F)(F)C(F)(F)C(F)(F)C(F)(F)C(F)(F)C(F)(F)C(F)(F)Br,1,,498.95799999999997,6.348200000000002,0.0,0,0,6,0,0,1.0,26
CHEMBL3833368,CNCc1ccc(-c2[nH]c3cc(F)cc4c3c2CCNC4=O)cc1,1,O=C1NCCc2c(-c3ccccc3)[nH]c3cccc1c23,323.371,2.979300000000001,56.92,3,2,3,4,3,0.21052631578947367,24
CHEMBL25202,CC1(C)CCC(C)(C)c2cc(NC(=O)c3ccc(C(=O)O)cc3)ccc21,1,O=C(Nc1ccc2c(c1)CCCC2)c1ccccc1,351.4460000000001,4.986100000000004,66.4,2,2,3,3,2,0.36363636363636365,26
CHEMBL167418,Cc1sc(N)c(C(=O)c2ccc3c(c2)Cc2ccccc2-3)c1C,0,O=C(c1ccsc1)c1ccc2c(c1)Cc1ccccc1-2,319.4290000000001,4.749340000000003,43.09,1,3,2,4,3,0.15,23
CHEMBL1200487,C=C(CC)C(=O)c1ccc(OCC(=O)O)c(Cl)c1Cl,1,c1ccccc1,303.14099999999996,3.6057000000000023,63.60000000000001,1,3,6,1,1,0.23076923076923078,19
CHEMBL556,CC(=O)N(O)CCCCCNC(=O)CCC(=O)N(O)CCCCCNC(=O)CCC(=O)N(O)CCCCCN,1,,560.6930000000002,0.9221000000000046,205.84,6,9,23,0,0,0.8,39
CHEMBL219916,O=c1[nH]c2ccccc2n1CCCN1CCC(n2c(=O)[nH]c3cc(Cl)ccc32)CC1,1,O=c1[nH]c2ccccc2n1CCCN1CCC(n2c(=O)[nH]c3ccccc32)CC1,425.92000000000013,3.353200000000002,78.82,2,3,5,5,4,0.36363636363636365,30
CHEMBL1465542,COc1cc(-c2nn3c(-c4ccccc4)nnc3s2)cc(OC)c1OC,0,c1ccc(-c2nn3c(-c4ccccc4)nnc3s2)cc1,368.4180000000002,3.545600000000002,70.77000000000001,0,7,5,4,4,0.16666666666666666,26
CHEMBL404849,CCCCCCCCNC(C)C(O)c1ccc(SC(C)C)cc1,1,c1ccccc1,337.5730000000001,5.559100000000006,32.26,2,3,12,1,1,0.7,23
CHEMBL495,CCCCC[C@H](O)/C=C/[C@H]1[C@H](O)CC(=O)[C@@H]1CCCCCCC(=O)O,1,O=C1CCCC1,354.48700000000014,3.475100000000002,94.83,3,4,13,1,0,0.8,25
CHEMBL1609948,CCOC(=O)N1CCN(C(=O)CSc2ncnc3sccc23)CC1,0,O=C(CSc1ncnc2sccc12)N1CCNCC1,366.46800000000013,2.0841000000000003,75.63,0,7,4,3,2,0.4666666666666667,24
CHEMBL489366,O=C(O)c1cc2c(cc1O)-c1[nH]c3cc(C4CCCCC4)ccc3c1CC2,0,c1ccc2c(c1)CCc1c-2[nH]c2cc(C3CCCCC3)ccc12,361.4410000000002,5.385000000000003,73.32,3,2,2,5,3,0.34782608695652173,27
CHEMBL3827974,CN(C/C=C/C=C/c1ccccc1)Cc1ccc2c(c1)CCCCC2,0,C(C=Cc1ccccc1)=CCNCc1ccc2c(c1)CCCCC2,331.5030000000002,5.656900000000006,3.24,0,1,6,3,2,0.3333333333333333,25
CHEMBL2062699,NCC1CN(c2nc3c(cc2F)c(=O)c(C(=O)O)cn3C2CC2)C/C1=N\OCc1ccc(OCc2ccccc2)cc1,0,O=c1ccn(C2CC2)c2nc(N3CCC(=NOCc4ccc(OCc5ccccc5)cc4)C3)ccc12,571.6090000000004,4.115400000000004,132.26999999999998,2,8,10,6,4,0.2903225806451613,42
CHEMBL4250860,CC(=O)c1nn(CC(=O)N2C[C@H](F)C[C@H]2C(=O)Nc2cccc(Br)n2)c2ccc(-c3cnc(C)nc3)cc12,1,O=C(Nc1ccccn1)C1CCCN1C(=O)Cn1ncc2cc(-c3cncnc3)ccc21,580.418,3.7395200000000015,122.97000000000001,1,7,6,5,4,0.2692307692307692,38
CHEMBL877,NC[C@H]1CC[C@H](C(=O)O)CC1,1,C1CCCCC1,157.21299999999997,0.8361000000000001,63.32000000000001,2,2,2,1,0,0.875,11
CHEMBL288470,Cc1c(N(C)C)c(=O)n(-c2ccccc2)n1C,1,O=c1cc[nH]n1-c1ccccc1,231.29900000000004,1.55042,30.17,0,2,2,2,2,0.3076923076923077,17
CHEMBL3912075,CNC(=O)COC1=C(C)CCC(Nc2ncc(F)c(Nc3ccc4c(c3)NC(=O)C(C)(C)O4)n2)=C1,0,O=C1COc2ccc(Nc3ccnc(NC4=CC=CCC4)n3)cc2N1,482.5160000000002,3.5950000000000015,126.5,4,8,7,4,2,0.3333333333333333,35
CHEMBL125145,Clc1cc(-n2ccnc2)nc(SCc2ccc3ccccc3c2)n1,0,c1ccc2cc(CSc3nccc(-n4ccnc4)n3)ccc2c1,352.8500000000001,4.761200000000003,43.6,0,4,4,4,4,0.05555555555555555,24
CHEMBL1200968,C[C@]12CCC(=O)C=C1CC[C@@H]1[C@@H]2[C@@H](O)C[C@@]2(C)[C@H]1CC[C@]2(O)C(=O)COP(=O)(O)O,1,O=C1C=C2CCC3C4CCCC4CCC3C2CC1,442.4450000000002,1.8986,141.36,4,6,4,4,0,0.8095238095238095,30
CHEMBL324020,C[C@H](COc1cnc(Cl)c(Br)c1)N(C)C,0,c1ccncc1,293.59200000000004,2.8264000000000014,25.36,0,3,4,1,1,0.5,15
CHEMBL1201356,CC[C@@H](CO)NC(=O)[C@@H]1C=C2c3cccc4[nH]cc(c34)C[C@H]2N(C)C1,1,C1=C2c3cccc4[nH]cc(c34)CC2NCC1,339.4390000000002,1.9247,68.36,3,3,4,4,2,0.45,25
CHEMBL1213742,FC(F)(F)c1cc(/N=N/C2=C3CCCCN3CCC2)ccc1Cl,0,c1ccc(N=NC2=C3CCCCN3CCC2)cc1,343.78,5.933800000000003,27.96,0,3,2,3,1,0.5,23
CHEMBL1751,C[C@H]1O[C@@H](O[C@H]2[C@@H](O)C[C@H](O[C@H]3[C@@H](O)C[C@H](O[C@H]4CC[C@@]5(C)[C@H](CC[C@@H]6[C@@H]5C[C@@H](O)[C@]5(C)[C@@H](C7=CC(=O)OC7)CC[C@]65O)C4)O[C@@H]3C)O[C@@H]2C)C[C@H](O)[C@@H]1O,1,O=C1C=C(C2CCC3C2CCC2C4CCC(OC5CCC(OC6CCC(OC7CCCCO7)CO6)CO5)CC4CCC23)CO1,780.9490000000002,2.218100000000003,203.05999999999997,6,14,7,8,0,0.926829268292683,55
CHEMBL4297065,CC[C@H]1CCC[C@H](O[C@H]2CC[C@H](N(C)C)[C@@H](C)O2)[C@@H](C)C(=O)C2=C[C@@H]3[C@@H](C=C(C)[C@@H]4C[C@@H](O[C@@H]5O[C@@H](C)[C@H](OC)[C@@H](OC)[C@H]5OC)C[C@@H]34)[C@@H]2CC(=O)O1,1,O=C1CC2C(=CC3C2C=CC2CC(OC4CCCCO4)CC23)C(=O)CC(OC2CCCCO2)CCCCO1,745.9950000000001,5.877500000000007,111.22000000000001,0,11,9,6,0,0.8571428571428571,53
CHEMBL247951,CC[C@@H](Oc1cccc(CN(CCCOc2ccc(OC)cc2)c2nc3ccccc3o2)c1)C(=O)O,1,c1ccc(CN(CCCOc2ccccc2)c2nc3ccccc3o2)cc1,490.55600000000015,5.554100000000006,94.26,1,7,13,4,4,0.2857142857142857,36
CHEMBL2336050,CCCCCCOc1nsnc1C1=CCCN(C)C1,1,C1=C(c2cnsn2)CNCC1,281.425,3.2161000000000017,38.25000000000001,0,5,7,2,1,0.7142857142857143,19
CHEMBL3348923,C[C@@H](NC(=O)c1ncnc(N)c1Cl)c1ncc(C(=O)Nc2cc(C(F)(F)F)c(Cl)cn2)s1,1,O=C(NCc1ncc(C(=O)Nc2ccccn2)s1)c1ccncn1,506.2970000000001,3.9792000000000014,135.78000000000003,3,8,5,3,3,0.17647058823529413,32
CHEMBL1201248,COc1ccc(C[C@@H]2c3cc(OC)c(OC)cc3CC[N@+]2(C)CCC(=O)OCCCCCOC(=O)CC[N@@+]2(C)CCc3cc(OC)c(OC)cc3[C@H]2Cc2ccc(OC)c(OC)c2)cc1OC,1,O=C(CC[NH+]1CCc2ccccc2C1Cc1ccccc1)OCCCCCOC(=O)CC[NH+]1CCc2ccccc2C1Cc1ccccc1,929.161,8.06550000000001,126.44000000000004,0,12,24,6,4,0.5094339622641509,67
CHEMBL1835840,O=S1(=O)N(Cc2cccnc2)CCN1Cc1cccc(Oc2ccccc2)c1,0,O=S1(=O)N(Cc2cccnc2)CCN1Cc1cccc(Oc2ccccc2)c1,395.4840000000001,3.4365000000000023,62.74000000000001,0,4,6,4,3,0.19047619047619047,28
CHEMBL3814825,C=CC(=O)Nc1cccc(-n2c(-c3nc(-c4cnn(C5CCN(C)CC5)c4)cnc3N)nc3ccccc32)c1,0,c1ccc(-n2c(-c3cncc(-c4cnn(C5CCNCC5)c4)n3)nc3ccccc32)cc1,519.6130000000004,4.319400000000003,119.78,2,7,6,6,5,0.20689655172413793,39
CHEMBL1622,Nc1nc(=O)c2nc(CNc3ccc(C(=O)N[C@@H](CCC(=O)O)C(=O)O)cc3)cnc2[nH]1,1,O=c1nc[nH]c2ncc(CNc3ccccc3)nc12,441.40400000000017,-0.04479999999999945,213.27999999999994,6,9,9,3,3,0.21052631578947367,32
CHEMBL1617,CO[C@H]1/C=C/O[C@@]2(C)Oc3c(C)c(O)c4c(O)c(c5c(nc6cc(C)ccn65)c4c3C2=O)NC(=O)/C(C)=C\C=C\[C@H](C)[C@H](O)[C@@H](C)[C@@H](O)[C@@H](C)[C@H](OC(C)=O)[C@@H]1C,1,O=C1C=CC=CCCCCCCCCC=COC2Oc3ccc4cc(c5c(nc6ccccn65)c4c3C2=O)N1,785.8910000000003,6.157840000000009,198.37999999999997,5,12,2,6,4,0.4418604651162791,57
CHEMBL3911239,COc1cc(Cl)cc2[nH]cc(C(=O)OCC34CCN(CC3)CC4)c12,0,O=C(OCC12CCN(CC1)CC2)c1c[nH]c2ccccc12,348.8300000000002,3.4726000000000017,54.56000000000001,1,4,4,5,2,0.5,24
CHEMBL2418960,COC(=O)c1ccc2nc(NC(C)=O)sc2c1,0,c1ccc2scnc2c1,250.279,2.0412999999999997,68.28999999999999,1,5,2,2,2,0.18181818181818182,17
CHEMBL3798547,Cc1cccc(C(=O)Nc2cc(-c3ccc4[nH]ccc4c3)ccc2N2CCN(C)CC2)c1,0,O=C(Nc1cc(-c2ccc3[nH]ccc3c2)ccc1N1CCNCC1)c1ccccc1,424.5480000000003,5.147420000000004,51.370000000000005,2,3,4,5,4,0.2222222222222222,32
CHEMBL529441,CC(=O)c1nc([C@@H](O)[C@H](O)[C@H](O)CO)cn1C,0,c1c[nH]cn1,244.24699999999999,-1.6298000000000004,115.81,4,6,5,1,1,0.6,17
CHEMBL2268999,CCCCC[C@]12O[C@H]1CC[C@H]2OCc1ccccc1F,0,c1ccc(COC2CCC3OC23)cc1,278.36699999999996,4.222600000000004,21.759999999999998,0,2,7,3,1,0.6470588235294118,20
CHEMBL144176,CCCCOc1ccc(S(=O)(=O)N2C[C@@H](N3CCS(=O)(=O)CC3)C[C@@H]2C(=O)NO)cc1,0,O=S1(=O)CCN(C2CCN(S(=O)(=O)c3ccccc3)C2)CC1,475.5890000000002,0.23290000000000288,133.32,2,8,8,3,1,0.631578947368421,31
CHEMBL63954,CC(C)c1ccccc1C(=O)N[C@@H](Cc1ccccc1)C(=O)O,0,O=C(NCCc1ccccc1)c1ccccc1,311.38100000000003,3.2357000000000014,66.4,2,2,6,2,2,0.2631578947368421,23
CHEMBL1276575,CC(C)(C)C1=CS/C(=C(\C#N)c2ccnc(NCCCCN3C(=O)CCC3=O)n2)N1,0,O=C1CCC(=O)N1CCCCNc1nccc(C=C2NC=CS2)n1,426.54600000000033,3.233780000000001,111.01,2,8,7,3,1,0.47619047619047616,30
CHEMBL1421014,Cc1ccc(N2CCN(CCc3nc4cc(NS(C)(=O)=O)ccc4n3C)CC2)cc1,0,c1ccc(N2CCN(CCc3nc4ccccc4[nH]3)CC2)cc1,427.57400000000024,2.6179200000000007,70.47,1,5,6,4,3,0.4090909090909091,30
CHEMBL15687,C[C@]12CCC(=O)C=C1CCC1C2=CC[C@@]2(C)C1CC[C@]2(O)C(=O)CN1CCNCC1,0,O=C1C=C2CCC3C(=CCC4C(C(=O)CN5CCNCC5)CCC34)C2CC1,412.57400000000024,2.6438000000000006,69.64,2,5,3,5,0,0.76,30
CHEMBL539770,CC(CC(c1ccccc1)c1ccccc1)NC(C)(C)C,1,c1ccc(Cc2ccccc2)cc1,281.44300000000004,4.985200000000004,12.03,1,1,5,2,2,0.4,21
CHEMBL2171900,COC(=O)Cc1c(C)c2ccc(OCc3ccc(C(=O)OC)cc3)c(C)c2oc1=O,0,O=c1ccc2ccc(OCc3ccccc3)cc2o1,410.4220000000002,3.490940000000003,92.03999999999999,0,7,6,3,3,0.2608695652173913,30
CHEMBL3220757,CC(=O)CC[C@H]1C(=O)N[C@@H](C(C)C)C(=O)N[C@@H](Cc2cccc(O)c2)C(=O)N2CCCC(N2)C(=O)O[C@H](/C(C)=C/C=C/C(=O)N(C)c2ccccn2)C/C=C/C=C/[C@H](O)[C@H](C)[C@H]1O,0,O=C(C=CC=CC1CC=CC=CCCCCC(=O)NCC(=O)NC(Cc2ccccc2)C(=O)N2CCCC(N2)C(=O)O1)Nc1ccccn1,871.0450000000002,3.3876000000000057,227.79999999999995,6,12,10,4,2,0.46808510638297873,63
CHEMBL937,CCN(CC)C(=O)N1CCN(C)CC1,1,C1CNCCN1,199.29799999999994,0.6956,26.790000000000006,0,2,2,1,0,0.9,14
CHEMBL564864,COc1cc(-c2cc(SC)nc(Nc3nc(NC(C)(C)C)nc(NC(C)(C)C)n3)n2)cc(OC)c1OC,0,c1ccc(-c2ccnc(Nc3ncncn3)n2)cc1,528.6830000000003,5.240700000000004,128.23000000000002,3,12,9,3,3,0.48,37
CHEMBL1008,CC(C)COCC(CN(Cc1ccccc1)c1ccccc1)N1CCCC1,1,c1ccc(CN(CCN2CCCC2)c2ccccc2)cc1,366.5490000000002,4.830200000000005,15.71,0,3,10,3,2,0.5,27
CHEMBL832,O=C1C(CC[S+]([O-])c2ccccc2)C(=O)N(c2ccccc2)N1c1ccccc1,1,O=C1C(CC[SH+]c2ccccc2)C(=O)N(c2ccccc2)N1c1ccccc1,404.4910000000001,3.795500000000003,63.68,0,3,6,4,3,0.13043478260869565,29
CHEMBL1869266,Nc1nc(COc2ccc(F)cc2Cl)nc(N2CCCCC2)n1,0,c1ccc(OCc2ncnc(N3CCCCC3)n2)cc1,337.7860000000002,2.8156000000000008,77.16,1,6,4,3,2,0.4,23
CHEMBL502,COc1cc2c(cc1OC)C(=O)C(CC1CCN(Cc3ccccc3)CC1)C2,1,O=C1c2ccccc2CC1CC1CCN(Cc2ccccc2)CC1,379.50000000000017,4.361100000000004,38.77,0,4,6,4,2,0.4583333333333333,28
CHEMBL4214977,COc1ccc(/C=C/C(=O)/C=C/c2cc3ccccc3nc2Cl)cc1,0,O=C(C=Cc1ccccc1)C=Cc1cnc2ccccc2c1,349.817,5.1925000000000034,39.19,0,3,5,3,3,0.047619047619047616,25
CHEMBL2236597,O=C(O)/C(O)=C/C(=O)c1ccc2c(c1)c(=O)c(C(=O)O)cn2Cc1ccc(F)cc1,0,O=c1ccn(Cc2ccccc2)c2ccccc12,411.3410000000001,2.596300000000001,133.89999999999998,3,5,6,3,3,0.047619047619047616,30
CHEMBL1964499,CS(=O)(=O)N1CC(CCl)c2ccc(NO)cc21,0,c1ccc2c(c1)CCN2,276.74500000000006,1.5897,69.64,2,4,3,2,1,0.4,17
CHEMBL1237055,CN1CC[C@]23c4c5ccc(O)c4O[C@H]2C(=O)CC[C@H]3[C@H]1C5,1,O=C1CCC2C3Cc4cccc5c4C2(CCN3)C1O5,285.34299999999996,1.6302999999999999,49.77,1,4,0,5,1,0.5882352941176471,21
CHEMBL428257,Fc1ccc(C2(c3ccc(F)cc3)Oc3cc(F)c(CN4CCOCC4)cc3O2)cc1,0,c1ccc(C2(c3ccccc3)Oc3ccc(CN4CCOCC4)cc3O2)cc1,427.4220000000003,4.6086000000000045,30.930000000000003,0,4,4,5,3,0.25,31
CHEMBL416956,OC(c1cc(C(F)(F)F)nc2c(C(F)(F)F)cccc12)C1CCCCN1,1,c1ccc2c(CC3CCCCN3)ccnc2c1,378.31600000000014,4.447900000000003,45.150000000000006,2,3,2,3,2,0.47058823529411764,26
CHEMBL1445101,CCn1c(S)nnc1CN1CCN(c2cccc(C)c2C)CC1,0,c1ccc(N2CCN(Cc3nnc[nH]3)CC2)cc1,331.48900000000015,2.5257400000000008,37.190000000000005,1,5,4,3,2,0.5294117647058824,23
CHEMBL2105748,COCCCN1CCC(NC(=O)c2cc(Cl)c(N)c3c2OCC3)CC1,1,O=C(NC1CCNCC1)c1cccc2c1OCC2,367.8770000000003,2.0877999999999997,76.82000000000001,2,5,6,3,1,0.6111111111111112,25
CHEMBL14370,CCOc1ccccc1OC(c1ccccc1)C1CNCCO1,1,c1ccc(OC(c2ccccc2)C2CNCCO2)cc1,313.39700000000005,3.1938000000000004,39.72,1,4,6,3,2,0.3684210526315789,23
CHEMBL1476012,CCOC(=O)c1c(C)c(-c2ccccc2)n(CC(=O)NC2CCCCCC2)c1C,0,O=C(Cn1cccc1-c1ccccc1)NC1CCCCCC1,396.5310000000003,4.787640000000004,60.33,1,3,6,3,2,0.5,29
CHEMBL4297610,C[C@H](Nc1ccc(C#N)n(C)c1=O)c1cc2cc(Cl)ccc2[nH]c1=O,1,O=c1[nH]c2ccccc2cc1CNc1ccc[nH]c1=O,354.797,2.9249800000000006,90.68,2,4,3,3,3,0.16666666666666666,25
CHEMBL1501,CC(=O)OCC(=O)[C@@]12OC(C)(C)O[C@@H]1C[C@H]1[C@@H]3C[C@H](F)C4=CC(=O)C=C[C@]4(C)[C@@]3(F)[C@@H](O)C[C@@]12C,1,O=C1C=CC2C(=C1)CCC1C2CCC2C1CC1OCOC12,494.53100000000023,2.9376000000000015,99.13000000000001,1,7,3,5,0,0.7307692307692307,35
CHEMBL553,C#Cc1cccc(Nc2ncnc3cc(OCCOC)c(OCCOC)cc23)c1,1,c1ccc(Nc2ncnc3ccccc23)cc1,393.4430000000002,3.405100000000002,74.73000000000002,1,7,10,3,3,0.2727272727272727,29
CHEMBL3218481,Cc1cnc(NC(=O)c2cc(Oc3ccc(C#N)cc3)c3cc(C)oc3c2)cn1,0,O=C(Nc1cnccn1)c1cc(Oc2ccccc2)c2ccoc2c1,384.39500000000015,4.755920000000002,101.03999999999999,1,6,4,4,4,0.09090909090909091,29
CHEMBL925,N[C@@H](Cc1ccc(O)cc1)C(=O)O,1,c1ccccc1,181.19099999999997,0.3466,83.55,3,3,3,1,1,0.2222222222222222,13
CHEMBL918,NC(=O)NC(=O)Cc1ccccc1,1,c1ccccc1,178.191,0.42399999999999954,72.19,2,2,2,1,1,0.1111111111111111,13
CHEMBL542188,COc1cc(OCC(O)CN2CCN(c3ccccc3SC)CC2)cc(OC)c1OC,0,c1ccc(OCCCN2CCN(c3ccccc3)CC2)cc1,448.58500000000026,2.9962000000000018,63.63000000000001,1,8,10,3,2,0.4782608695652174,31
CHEMBL1200779,N[C@@H]1[C@H]2CN(c3nc4c(cc3F)c(=O)c(C(=O)O)cn4-c3ccc(F)cc3F)C[C@@H]12,1,O=c1ccn(-c2ccccc2)c2nc(N3CC4CC4C3)ccc12,416.3590000000001,1.8944999999999996,101.44999999999999,2,5,3,5,3,0.25,30
CHEMBL964,CCN(CC)C(=S)SSC(=S)N(CC)CC,1,,296.5520000000001,3.6212000000000026,6.48,0,4,4,0,0,0.8,16
CHEMBL3453060,CCc1ncc2c(n1)CN(CC(=O)NC1CCCCNC1=O)CC2,0,O=C(CN1CCc2cncnc2C1)NC1CCCCNC1=O,331.4200000000001,0.18200000000000155,87.22,2,5,4,3,1,0.6470588235294118,24
CHEMBL1200895,NNCCc1ccccc1,1,c1ccccc1,136.19799999999998,0.6923999999999992,38.05,2,2,3,1,1,0.25,10
CHEMBL4217549,C[C@H](Nc1c(C(N)=O)nnc2ccc(-c3ccc(OCCCN(C)C)nc3)cc12)C1CCOCC1,0,c1cncc(-c2ccc3nncc(NCC4CCOCC4)c3c2)c1,478.59700000000043,3.348200000000001,115.49,2,8,10,4,3,0.46153846153846156,35
CHEMBL3974189,O=C(O[C@H]1C[N+]2(CCCOc3ccccc3)CCC1CC2)C(O)(c1ccccc1)c1cccs1,0,O=C(OC1C[N+]2(CCCOc3ccccc3)CCC1CC2)C(c1ccccc1)c1cccs1,478.63400000000024,4.605300000000004,55.760000000000005,1,5,9,6,3,0.39285714285714285,34
CHEMBL1660,CO[C@H]1/C=C/O[C@@]2(C)Oc3c(C)c(O)c4c(O)c(c(/C=N/N5CCN(C6CCCC6)CC5)c(O)c4c3C2=O)NC(=O)/C(C)=C\C=C\[C@H](C)[C@H](O)[C@@H](C)[C@@H](O)[C@@H](C)[C@H](OC(C)=O)[C@@H]1C,1,O=C1C=CC=CCCCCCCCCC=COC2Oc3ccc4cc(c(C=NN5CCN(C6CCCC6)CC5)cc4c3C2=O)N1,877.0450000000004,5.6482200000000065,220.14999999999995,6,15,5,7,2,0.574468085106383,63
CHEMBL3833301,CNC(C)CC1CCCCC1,1,C1CCCCC1,155.28499999999997,2.564700000000001,12.03,1,1,3,1,0,1.0,11
CHEMBL601538,O=C(CC(=NNc1nc(NN=C(CC(=O)C(F)(F)F)C(F)(F)F)nc(N(c2ccccc2)c2ccccc2)n1)C(F)(F)F)C(F)(F)F,0,c1ccc(N(c2ccccc2)c2ncncn2)cc1,688.4330000000003,7.044800000000004,124.83,2,10,11,3,3,0.24,47
CHEMBL2362805,Cc1cccc(CN2CCN(C3CN(Cc4cn(Cc5ccccc5)nn4)S(=O)(=O)C3)CC2)c1,0,O=S1(=O)CC(N2CCN(Cc3ccccc3)CC2)CN1Cc1cn(Cc2ccccc2)nn1,480.63800000000026,1.96662,74.57,0,6,7,5,3,0.44,34
CHEMBL1290201,C#CCOc1ccc(/C=C/C(=O)/C=C/c2ccc(F)cc2F)cc1OC,0,O=C(C=Cc1ccccc1)C=Cc1ccccc1,354.35200000000003,4.281100000000004,35.53,0,3,7,2,2,0.09523809523809523,26
CHEMBL3415585,Cc1cc(C)nc(Nc2cc(NC[C@@H](N)CC(F)F)cnc2C(N)=O)c1,0,c1ccc(Nc2cccnc2)nc1,364.4000000000001,2.3303399999999996,118.94999999999999,4,6,8,2,2,0.35294117647058826,26
CHEMBL149972,CCC1(c2ccccc2)C(=O)N=C(O)NC1=O,1,O=C1N=CNC(=O)C1c1ccccc1,232.23899999999995,0.9048,78.75999999999999,2,2,2,2,1,0.25,17
CHEMBL297302,O=C(CCCN1CCC(n2c(=O)[nH]c3ccccc32)CC1)c1ccc(F)cc1,1,O=C(CCCN1CCC(n2c(=O)[nH]c3ccccc32)CC1)c1ccccc1,381.4510000000002,3.7687000000000026,58.1,1,3,6,4,3,0.36363636363636365,28
CHEMBL1458936,Cc1cccc2[nH]c(CN(C)C(=O)C3CCC(=O)N(CCc4ccccc4)C3)nc12,0,O=C(NCc1nc2ccccc2[nH]1)C1CCC(=O)N(CCc2ccccc2)C1,404.5140000000002,3.311020000000002,69.30000000000001,1,3,6,4,3,0.375,30
CHEMBL1601676,COc1cc2c(cc1OC)[C@H](C)N(C(=O)NCc1ccccc1)CC2,0,O=C(NCc1ccccc1)N1CCc2ccccc2C1,340.42300000000006,3.532700000000002,50.800000000000004,1,3,4,3,2,0.35,25
CHEMBL2298512,CC(=O)Nc1ccc(S(=O)(=O)NCc2nc3ccccc3c(=O)n2-c2cccc(C)c2)cc1,0,O=c1c2ccccc2nc(CNS(=O)(=O)c2ccccc2)n1-c1ccccc1,462.5310000000002,3.131020000000002,110.16,2,5,6,4,4,0.125,33
CHEMBL1168,CCOC(=O)[C@H](CCc1ccccc1)N[C@@H](C)C(=O)N1[C@H](C(=O)O)C[C@@H]2CCC[C@@H]21,1,O=C(CNCCCc1ccccc1)N1CCC2CCCC21,416.5180000000003,2.3831999999999995,95.94000000000001,2,5,9,3,1,0.6086956521739131,30
CHEMBL562,COC1=CC(=O)C[C@@H](C)[C@]12Oc1c(Cl)c(OC)cc(OC)c1C2=O,1,O=C1C=CC2(CC1)Oc1ccccc1C2=O,352.7700000000001,2.8103000000000007,71.06,0,6,3,3,1,0.4117647058823529,24
CHEMBL1098357,Cc1ncnc(C)c1C(=O)N1C[C@H]2CN(CC[C@H](NC(=O)CC3CCC(F)(F)CC3)c3cccc(F)c3)C[C@H]2C1,0,O=C(CC1CCCCC1)NC(CCN1CC2CN(C(=O)c3cncnc3)CC2C1)c1ccccc1,557.6610000000002,4.699540000000003,78.43,1,5,8,5,2,0.6,40
CHEMBL1765865,O=C(c1ncco1)[C@H]1Cc2ccc(Oc3ccccc3)cc2C1,0,O=C(c1ncco1)C1Cc2ccc(Oc3ccccc3)cc2C1,305.3330000000001,4.064600000000002,52.33,0,4,4,4,3,0.15789473684210525,23
CHEMBL3250101,Cc1ccc2c(c1)[C@]1(C)CC(NC(=O)CCN3CCN(C)CC3)C(=O)C[C@@H]1O2,0,O=C(CCN1CCNCC1)NC1CC2c3ccccc3OC2CC1=O,385.5080000000002,1.4989199999999994,61.88000000000001,1,5,4,4,1,0.6363636363636364,28
CHEMBL56337,CC(/C=C1\SC(=S)N(CC(=O)O)C1=O)=C\c1ccccc1,1,O=C1NC(=S)SC1=CC=Cc1ccccc1,319.407,2.918700000000001,57.61000000000001,1,4,4,2,1,0.13333333333333333,21
CHEMBL3545376,COc1cc(OC)cc(N(CCNC(C)C)c2ccc3ncc(-c4cnn(C)c4)nc3c2)c1,1,c1ccc(Nc2ccc3ncc(-c4cn[nH]c4)nc3c2)cc1,446.5550000000001,4.183600000000003,77.33,1,7,9,4,4,0.32,33
CHEMBL1372763,CC(=O)N1CCc2cc(S(=O)(=O)NCCC3=CCCCC3)ccc21,0,O=S(=O)(NCCC1=CCCCC1)c1ccc2c(c1)CCN2,348.4680000000002,2.764400000000001,66.48,1,3,5,3,1,0.5,24
CHEMBL1201229,CN(CCCCCCCCCCN(C)C(=O)Oc1cccc([N+](C)(C)C)c1)C(=O)Oc1cccc([N+](C)(C)C)c1,1,O=C(NCCCCCCCCCCNC(=O)Oc1ccccc1)Oc1ccccc1,556.7920000000001,6.762200000000008,59.08,0,4,15,2,2,0.5625,40
CHEMBL3578202,O=C(O)CCc1ccc(O)c(CN(CCN(CC(=O)O)Cc2cc(CCC(=O)NCCCCCC(=O)NCCCC[C@H](NC(=O)N[C@@H](CCC(=O)O)C(=O)O)C(=O)O)ccc2O)CC(=O)O)c1,1,c1ccc(CNCCNCc2ccccc2)cc1,947.0050000000002,1.5545000000000095,370.07000000000005,12,13,35,2,2,0.5227272727272727,67
CHEMBL1477036,CCCCC(CC)COC(=O)CC(C(=O)OCC(CC)CCCC)S(=O)(=O)O,1,,422.58400000000023,4.1521000000000035,106.97000000000001,1,6,16,0,0,0.9,28
CHEMBL3951380,C[C@H]1c2nnn(-c3ccn(CCF)n3)c2CCN1C(=O)c1cccc(C(F)(F)F)c1Cl,0,O=C(c1ccccc1)N1CCc2c(nnn2-c2cc[nH]n2)C1,456.831,3.8650000000000038,68.84,0,4,4,4,3,0.3684210526315789,31
CHEMBL1790041,CNC(=C[N+](=O)[O-])NCCSCc1ccc(CN(C)C)o1,1,c1ccoc1,314.411,1.4589999999999999,83.58,2,7,10,1,1,0.5384615384615384,21
CHEMBL2133640,COc1ccc(C(O)c2nc(-c3cccc(CO)c3)cs2)cc1,0,c1ccc(Cc2nc(-c3ccccc3)cs2)cc1,327.405,3.3927000000000014,62.58,2,5,5,3,3,0.16666666666666666,23
CHEMBL3546943,N[C@H]1C[C@H]1c1cccc(NC(=O)c2ccccc2)c1,0,O=C(Nc1cccc(C2CC2)c1)c1ccccc1,252.317,2.7535000000000007,55.12,2,2,3,3,2,0.1875,19
CHEMBL1370950,O=C(c1ccc(Cn2cc(Br)cn2)cc1)N1CCN(c2ccccc2)CC1,0,O=C(c1ccc(Cn2cccn2)cc1)N1CCN(c2ccccc2)CC1,425.3300000000002,3.6563000000000025,41.370000000000005,0,3,4,4,3,0.23809523809523808,27
CHEMBL3640630,C[S+]([O-])CCONCc1cc(C(=O)NOCCO)c(Nc2ccc(I)cc2F)c(F)c1F,0,c1ccc(Nc2ccccc2)cc1,587.3580000000002,2.5054999999999996,114.91000000000001,4,7,12,2,2,0.3157894736842105,32
CHEMBL230734,CC(C)(NC(=O)c1cc2[nH]c3ccccc3c(=O)c2cc1F)c1ccccc1,0,O=C(NCc1ccccc1)c1ccc2c(=O)c3ccccc3[nH]c2c1,374.415,4.485500000000003,61.96,2,2,3,4,4,0.13043478260869565,28
CHEMBL239306,COC(=O)c1cc2c([nH]c3ncccc32)c(C2CCCCC2)n1,0,c1cnc2[nH]c3c(C4CCCCC4)nccc3c2c1,309.3690000000001,3.945400000000002,67.87,1,4,2,4,3,0.3888888888888889,23
CHEMBL1200916,CSc1ccc2c(c1)N(CCC1CCCCN1C)c1ccccc1S2,1,c1ccc2c(c1)Sc1ccccc1N2CCC1CCCCN1,370.587,5.885600000000005,6.48,0,4,4,4,2,0.42857142857142855,25
CHEMBL1200695,CC(N)C(O)c1ccccc1,1,c1ccccc1,151.20899999999997,1.0672000000000001,46.25,2,2,2,1,1,0.3333333333333333,11
CHEMBL325833,C/C(=N\N=C(/S)NCc1ccccn1)c1cnccn1,0,C(=NN=Cc1cnccn1)NCc1ccccn1,286.36400000000003,1.6712,75.42,2,5,4,2,2,0.15384615384615385,20
CHEMBL1908370,N#Cc1c(N2C[C@@H]3NCCO[C@H]3C2)c(F)cc2c(=O)c(C(=O)O)cn(C3CC3)c12,1,O=c1ccn(C2CC2)c2cc(N3CC4NCCOC4C3)ccc12,398.3940000000002,1.2223799999999996,107.59,2,6,3,5,2,0.45,29
CHEMBL231779,COc1ccc(-n2nc(C(N)=O)c3c2C(=O)N(c2ccc(N4CCCCC4=O)cc2)CC3)cc1,1,O=C1CCCCN1c1ccc(N2CCc3cnn(-c4ccccc4)c3C2=O)cc1,459.5060000000003,2.699600000000001,110.75999999999999,1,5,5,5,3,0.28,34
CHEMBL118268,Cc1cc2c(cc1Sc1ncc(C(=O)O)s1)C(C)(C)CCC2(C)C,0,c1csc(Sc2ccc3c(c2)CCCC3)n1,361.5320000000002,5.649920000000004,50.19,1,4,3,3,2,0.47368421052631576,24
CHEMBL1333903,COc1ccc(OCC(=O)NCC(c2ccc(OC)cc2)N2CCCCC2)cc1,0,O=C(COc1ccccc1)NCC(c1ccccc1)N1CCCCC1,398.50300000000027,3.426000000000003,60.03000000000001,1,5,9,3,2,0.43478260869565216,29
CHEMBL1200979,CC(C)(CO)[C@@H](O)C(=O)NCCCO,1,,205.25399999999996,-1.1355999999999997,89.79,4,4,6,0,0,0.8888888888888888,14
CHEMBL4062166,O=C(O)CCc1ccc(OCc2cccc(-c3cc(Cl)nc(Cl)c3)c2)s1,0,c1cc(COc2cccs2)cc(-c2ccncc2)c1,408.30600000000004,5.7131000000000025,59.42,1,4,7,3,3,0.15789473684210525,26
CHEMBL1367605,CC(NCCc1ccc(O)cc1)C(O)c1ccc(O)cc1,1,c1ccc(CCNCCc2ccccc2)cc1,287.35900000000004,2.3520000000000003,72.72,4,4,6,2,2,0.29411764705882354,21
CHEMBL3401169,CCCCCCCCCCCCCCCCOP1(=O)OC(C)=C(C(=O)OC)CCC1(F)F,0,O=[PH]1CCCC=CO1,480.5730000000002,8.527600000000005,61.83,0,5,17,1,0,0.875,32
CHEMBL3593842,CN(C)CCOc1cc(N2CC3CNCC(C3)C2)cc(F)c1F,0,c1ccc(N2CC3CNCC(C3)C2)cc1,325.40299999999996,1.9508999999999999,27.740000000000002,1,4,5,3,1,0.6470588235294118,23
CHEMBL3590187,CCC(=O)O[C@]1(C(=O)CO)CC[C@H]2[C@@H]3CCC4=CC(=O)CC[C@]4(C)[C@H]3CC[C@@]21C,1,O=C1C=C2CCC3C4CCCC4CCC3C2CC1,402.5310000000003,3.7717000000000027,80.67000000000002,1,5,4,4,0,0.7916666666666666,29
CHEMBL4211353,CCc1c(-c2ccc3c(c2)cc(CNC(C)(C)C)n3C)[nH]c(=O)c(C(=O)O)c1O,0,O=c1cccc(-c2ccc3[nH]ccc3c2)[nH]1,397.4750000000001,3.3879000000000015,107.35000000000001,4,4,5,3,3,0.36363636363636365,29
CHEMBL1100,CCC1(C)OC(=O)N(C)C1=O,1,O=C1COC(=O)N1,157.16899999999995,0.7637,46.61,0,3,1,1,0,0.7142857142857143,11
CHEMBL1591236,CCc1noc(C)c1C(=O)Nc1nc(-c2ccc(OC)cc2)cs1,0,O=C(Nc1nc(-c2ccccc2)cs1)c1cnoc1,343.4080000000001,3.929820000000003,77.25000000000001,1,6,5,3,3,0.23529411764705882,24
CHEMBL2316801,O=C(/C=C/c1cccc([N+](=O)[O-])c1)NCCCCNc1ccnc2cc(Cl)ccc12,0,O=C(C=Cc1ccccc1)NCCCCNc1ccnc2ccccc12,424.8880000000001,4.818100000000004,97.16,2,5,9,3,3,0.18181818181818182,30
CHEMBL1477274,CCC1(c2cccc(O)c2)CCCCN(C)C1,1,c1ccc(C2CCCCNC2)cc1,233.3549999999999,3.1557000000000013,23.47,1,2,2,2,1,0.6,17
CHEMBL128747,O=C(O)CCCCCCCCn1ncc(-c2ccccc2)c1-c1ccccc1,0,c1ccc(-c2cn[nH]c2-c2ccccc2)cc1,376.50000000000006,6.032400000000006,55.12,1,2,11,3,3,0.3333333333333333,28
CHEMBL1860284,CCCCCOc1ccc(-c2nc(CNC3CC(C)CC(C)(C)C3)co2)cc1,0,c1ccc(-c2nc(CNC3CCCCC3)co2)cc1,384.5640000000002,6.215000000000007,47.29,1,4,9,3,2,0.625,28
CHEMBL3989566,COCCc1ccc(OCC(O)CNC(C)C)cc1,1,c1ccccc1,267.36899999999997,1.6132,50.72,2,4,9,1,1,0.6,19
CHEMBL849,Oc1cc(Cl)ccc1Oc1ccc(Cl)cc1Cl,1,c1ccc(Oc2ccccc2)cc1,289.54499999999996,5.144700000000002,29.46,1,2,2,2,2,0.0,17
CHEMBL761,c1ccc2c(CC3=NCCN3)cccc2c1,1,c1ccc2c(CC3=NCCN3)cccc2c1,210.28000000000003,2.3840000000000003,24.39,1,2,2,3,2,0.21428571428571427,16
CHEMBL3298876,CCNC(C)C(=O)c1ccccc1,0,c1ccccc1,177.247,1.8673000000000002,29.1,1,2,4,1,1,0.36363636363636365,13
CHEMBL3674553,C/C(=N\NC(=O)c1cccnc1)c1cnc2nnn(Cc3cc4cccnc4cc3F)c2n1,0,O=C(NN=Cc1cnc2nnn(Cc3ccc4ncccc4c3)c2n1)c1cccnc1,441.4300000000002,2.5059000000000005,123.73000000000002,1,8,5,5,5,0.09090909090909091,33
CHEMBL230936,CN(C)Cc1cc(OCCCCl)ccc1Nc1ncnc2ccccc12,0,c1ccc(Nc2ncnc3ccccc23)cc1,370.88400000000007,4.442700000000003,50.28,1,5,8,3,3,0.3,26
CHEMBL1697985,COC(=O)c1ccsc1NC(=O)CSc1nnnn1Cc1ccccc1,0,O=C(CSc1nnnn1Cc1ccccc1)Nc1cccs1,389.4620000000001,2.3003,99.0,1,8,7,3,3,0.1875,26
CHEMBL1396004,O=C(CN1CCN(S(=O)(=O)c2ccc(Cl)cc2)CC1)NCC1(N2CCOCC2)CCCCC1,0,O=C(CN1CCN(S(=O)(=O)c2ccccc2)CC1)NCC1(N2CCOCC2)CCCCC1,499.07700000000057,1.7975999999999996,82.19,1,6,7,4,1,0.6956521739130435,33
CHEMBL3741563,O=C(NCCCCc1ccccc1)n1c(=O)oc2ccc(C(F)(F)F)cc21,0,O=C(NCCCCc1ccccc1)n1c(=O)oc2ccccc21,378.3500000000001,4.193900000000003,64.24000000000001,1,3,5,3,3,0.2631578947368421,27
CHEMBL1201753,O=C(O)C[C@H](O)C[C@H](O)/C=C/c1c(C2CC2)nc2ccccc2c1-c1ccc(F)cc1,1,c1ccc(-c2cc(C3CC3)nc3ccccc23)cc1,421.4680000000001,4.518100000000003,90.65,3,4,8,4,3,0.28,31
CHEMBL181808,COc1ccc(Cl)cc1C(=O)NCN(c1ccccc1)c1ccccc1,0,O=C(NCN(c1ccccc1)c1ccccc1)c1ccccc1,366.84800000000007,4.874200000000004,41.57,1,3,6,3,3,0.09523809523809523,26
CHEMBL606260,CC1(C)S[C@@H]2[C@H](NC(=O)C(C(=O)O)c3ccccc3)C(=O)N2[C@H]1C(=O)O,1,O=C(Cc1ccccc1)NC1C(=O)N2CCSC12,378.4060000000001,0.4864999999999999,124.01,3,5,5,3,1,0.4117647058823529,26
CHEMBL2103837,O=C(O)c1ccc2nc(-c3cc(Cl)cc(Cl)c3)oc2c1,1,c1ccc(-c2nc3ccccc3o2)cc1,308.12000000000006,4.4998000000000005,63.33,1,3,2,3,3,0.0,20
CHEMBL2105759,CCS(=O)(=O)N1CC(CC#N)(n2cc(-c3ncnc4[nH]ccc34)cn2)C1,1,c1nc(-c2cnn(C3CNC3)c2)c2cc[nH]c2n1,371.4260000000001,1.09568,120.55999999999999,1,6,5,4,3,0.375,26
CHEMBL5315125,C[C@H](Nc1ncnc2nc[nH]c12)c1cc2cccc(Cl)c2c(=O)n1-c1ccccc1,1,O=c1c2ccccc2cc(CNc2ncnc3nc[nH]c23)n1-c1ccccc1,416.8720000000002,4.483500000000002,88.49000000000001,2,5,4,5,5,0.09090909090909091,30
CHEMBL29973,COC(=O)[C@@H]1C[C@](C)(C(=O)O)NC(=O)N1,0,O=C1NCCCN1,216.193,-0.9257999999999986,104.73000000000002,3,4,2,1,0,0.625,15
CHEMBL1976441,Cc1cccc2c(N)c3cccc(C(=O)NCC[N+](C)(C)Cc4sccc4[N+](=O)[O-])c3nc12,0,O=C(NCC[NH2+]Cc1cccs1)c1cccc2cc3ccccc3nc12,464.57100000000025,4.254720000000003,111.15,2,6,7,4,4,0.25,33
CHEMBL162436,O=c1c(CCN2CCc3oc4ccccc4c3C2)c(Cc2ccccc2)nc2ccccn12,0,O=c1c(CCN2CCc3oc4ccccc4c3C2)c(Cc2ccccc2)nc2ccccn12,435.52700000000016,4.632300000000004,50.75,0,4,5,6,5,0.21428571428571427,33
CHEMBL4105630,C[C@@]1(O)CC[C@H]2[C@H](CC[C@@H]3[C@@H]2CC[C@]2(C)[C@@H](C(=O)Cn4cc(C#N)cn4)CC[C@@H]32)C1,1,O=C(Cn1cccn1)C1CCC2C1CCC1C3CCCCC3CCC12,409.57400000000024,4.3436800000000035,78.91,1,4,3,5,1,0.8,30
CHEMBL200052,CCCn1c(=O)c2[nH]c(-c3ccc(OCC(=O)Nc4ccc(I)cc4)cc3)cc2n(C)c1=O,0,O=C(COc1ccc(-c2cc3[nH]c(=O)[nH]c(=O)c3[nH]2)cc1)Nc1ccccc1,558.376,3.727400000000002,98.12,2,4,7,4,4,0.20833333333333334,33
CHEMBL31356,O=C1CN2Cc3c(cccc3N3CCCCC3)NC2=N1,0,O=C1CN2Cc3c(cccc3N3CCCCC3)NC2=N1,270.33599999999996,1.8005999999999998,47.940000000000005,1,4,1,4,1,0.4666666666666667,20
CHEMBL1222250,OC[C@H]1OC(O)[C@H](O)[C@@H](O)[C@@H]1O,1,C1CCOCC1,180.156,-3.2214000000000005,110.38000000000001,5,6,1,1,0,1.0,12
CHEMBL1386321,CCC1(CC)NC(=O)NC1=O,0,O=C1CNC(=O)N1,156.18499999999997,0.38459999999999994,58.2,2,2,2,1,0,0.7142857142857143,11
CHEMBL3786578,CN1CCN(c2ccc(C(=O)Nc3ccc([C@@H]4C[C@]4(N)CCc4ccccc4)cc3)cc2)CC1,0,O=C(Nc1ccc(C2CC2CCc2ccccc2)cc1)c1ccc(N2CCNCC2)cc1,454.6180000000002,4.508300000000003,61.599999999999994,2,4,7,5,3,0.3448275862068966,34
CHEMBL389621,C[C@]12CCC(=O)C=C1CC[C@@H]1[C@@H]2[C@@H](O)C[C@@]2(C)[C@H]1CC[C@]2(O)C(=O)CO,1,O=C1C=C2CCC3C4CCCC4CCC3C2CC1,362.4660000000002,1.7815999999999996,94.83,3,5,2,4,0,0.8095238095238095,26
CHEMBL4171253,COc1ccc2c(c1)c(/C=C1\CC(CO)(COC(=O)C(C)(C)C)OC1=O)cn2C,0,O=C1OCCC1=Cc1c[nH]c2ccccc12,401.4590000000002,2.837600000000001,86.99000000000001,1,6,5,3,2,0.45454545454545453,29
CHEMBL1684775,COc1ccc(C2CC(c3ccco3)=NN2C(C)=O)cc1OC,0,c1ccc(C2CC(c3ccco3)=NN2)cc1,314.34100000000007,2.9944000000000015,64.27000000000001,0,5,4,3,2,0.29411764705882354,23
CHEMBL1200809,CN1CCCC(n2nc(Cc3ccc(Cl)cc3)c3ccccc3c2=O)CC1,1,O=c1c2ccccc2c(Cc2ccccc2)nn1C1CCCNCC1,381.9070000000002,4.297500000000004,38.13,0,3,3,4,3,0.36363636363636365,27
CHEMBL1322465,OC(COc1ccc2c(c1)OCO2)CN1CCN(c2ccccc2)CC1,0,c1ccc(N2CCN(CCCOc3ccc4c(c3)OCO4)CC2)cc1,356.4220000000001,1.9772,54.400000000000006,1,6,6,4,2,0.4,26
CHEMBL2104594,O=C(O)[C@H](O)[C@@H](O)[C@H](O[C@@H]1O[C@H](CO)[C@H](O)[C@H](O)[C@H]1O)[C@H](O)CO,1,C1CCOCC1,358.29600000000005,-5.668899999999993,217.59999999999997,9,11,8,1,0,0.9166666666666666,24
CHEMBL2068938,C=C(C)[C@@H]1CC[C@]2(C(=O)NN)CC[C@@]3(C)C(CC[C@@H]4[C@@]5(C)CCC(=O)C(C)(C)C5CC[C@]43C)C12,0,O=C1CCC2C(CCC3C2CCC2C4CCCC4CCC23)C1,468.72600000000034,6.203000000000007,72.19,2,3,2,5,0,0.8666666666666667,34
CHEMBL1621243,CCNCc1cc(Cl)cc(OC)c1OC(C)C,0,c1ccccc1,257.76099999999997,3.245300000000002,30.49,1,3,6,1,1,0.5384615384615384,17
CHEMBL3184791,CN[C@@H]1[C@H](O[C@H]2[C@H](O[C@H]3[C@H](O)[C@@H](O)[C@H](N=C(N)N)[C@@H](O)[C@@H]3N=C(N)N)O[C@@H](C)[C@]2(O)C=O)O[C@@H](CO)[C@H](O)[C@H]1O,1,C1CCC(OC2OCCC2OC2CCCCO2)CC1,581.5800000000005,-8.161100000000008,336.43000000000006,12,15,9,3,0,0.8571428571428571,40
CHEMBL3181947,Nc1c(CC(=O)O)cccc1C(=O)c1ccc(Br)cc1,1,O=C(c1ccccc1)c1ccccc1,334.169,2.889400000000001,80.39000000000001,2,3,4,2,2,0.06666666666666667,20
CHEMBL4100638,O=[N+]([O-])c1cccc(/C=N/n2c(S)nnc2-c2cnccn2)c1,0,C(=Nn1cnnc1-c1cnccn1)c1ccccc1,327.329,1.8141999999999991,111.99,1,8,4,3,3,0.0,23
CHEMBL4171501,CCOc1ccc2nc(NC(=O)CSc3nnc(COc4ccc5c(c4)CCCC5)o3)sc2c1,0,O=C(CSc1nnc(COc2ccc3c(c2)CCCC3)o1)Nc1nc2ccccc2s1,496.6140000000004,5.266600000000005,99.37,1,9,9,5,4,0.3333333333333333,34
CHEMBL15891,Cl[C@H]1[C@H](Cl)[C@@H](Cl)[C@@H](Cl)[C@H](Cl)[C@H]1Cl,1,C1CCCCC1,290.832,3.644400000000001,0.0,0,0,0,1,0,1.0,12
CHEMBL553952,N=C(Nc1ccc(C(F)(F)F)cc1)SCc1ccccc1,0,N=C(Nc1ccccc1)SCc1ccccc1,310.344,4.985470000000003,35.88,2,2,3,2,2,0.13333333333333333,21
CHEMBL6068338,COC(=O)[C@H](c1ccccc1Cl)N1CCc2sccc2C1,1,c1ccc(CN2CCc3sccc3C2)cc1,321.829,3.6739000000000024,29.54,0,4,3,3,2,0.3125,21
CHEMBL3774941,CCCCCCNC(=O)Oc1cccc(-c2ccc(C(C)C(=O)O)cc2Cl)c1,0,c1ccc(-c2ccccc2)cc1,403.9060000000002,5.863800000000005,75.63,2,3,9,2,2,0.36363636363636365,28
CHEMBL561239,Nc1ccccc1-c1nnc(C(=O)NC2CCc3ccccc32)o1,0,O=C(NC1CCc2ccccc21)c1nnc(-c2ccccc2)o1,320.35200000000003,2.7361000000000004,94.04,2,5,3,4,3,0.16666666666666666,24
CHEMBL1359751,COC(=O)Cc1n[nH]c2c1C1(C(=O)N(Cc3ccccc3)c3ccccc31)C(C#N)=C(N)O2,0,O=C1N(Cc2ccccc2)c2ccccc2C12C=COc1[nH]ncc12,441.4470000000002,2.0443799999999994,134.32999999999998,2,7,4,5,3,0.16666666666666666,33
CHEMBL258371,CCCN1CCc2cc(SC)cc3c2[C@H]1Cc1ccc(O)c(O)c1-3,0,c1ccc2c(c1)CC1NCCc3cccc-2c31,341.47600000000006,4.352000000000005,43.7,2,4,3,4,2,0.4,24
CHEMBL1890133,NC(=O)CN(c1ccc([N+](=O)[O-])cc1)S(=O)(=O)c1ccccc1,0,O=S(=O)(Nc1ccccc1)c1ccccc1,335.341,1.2754000000000008,123.60999999999999,1,5,6,2,2,0.07142857142857142,23
CHEMBL86715,OC(CCN1CCCC1)(c1ccccc1)C1CCCCC1,1,c1ccc(C(CCN2CCCC2)C2CCCCC2)cc1,287.4470000000001,3.940400000000003,23.47,1,2,5,3,1,0.6842105263157895,21
CHEMBL1946170,CNC(=O)c1cc(Oc2ccc(NC(=O)Nc3ccc(Cl)c(C(F)(F)F)c3)c(F)c2)ccn1,1,O=C(Nc1ccccc1)Nc1ccc(Oc2ccncc2)cc1,482.82100000000014,5.688800000000002,92.35000000000001,3,4,5,3,3,0.09523809523809523,33
CHEMBL1859296,CCN(CC)CCCNc1cc(-c2ccccc2)nc2cc(-c3ccc(F)cc3)nn12,0,c1ccc(-c2ccn3nc(-c4ccccc4)cc3n2)cc1,417.53200000000015,5.346200000000005,45.459999999999994,1,4,9,4,4,0.28,31
CHEMBL4303244,CCOC(=O)c1c(N)sc2c1CCN(Cc1ccccc1)C2,0,c1ccc(CN2CCc3ccsc3C2)cc1,316.426,3.0653000000000015,55.56,1,5,4,3,2,0.35294117647058826,22
CHEMBL454,C=CCC1(CC(C)C)C(=O)NC(=O)NC1=O,1,O=C1CC(=O)NC(=O)N1,224.26,0.9609999999999999,75.27000000000001,2,3,4,1,0,0.5454545454545454,16
CHEMBL416,COc1c2occc2cc2ccc(=O)oc12,1,O=c1ccc2cc3ccoc3cc2o1,216.19199999999995,2.5478000000000005,52.58,0,4,1,3,3,0.08333333333333333,16
CHEMBL1201346,O=C(O)CCNC(=O)c1ccc(/N=N/c2ccc(O)c(C(=O)O)c2)cc1,1,c1ccc(N=Nc2ccccc2)cc1,357.3220000000001,2.7103,148.65,4,6,7,2,2,0.11764705882352941,26
CHEMBL319144,O=P(O)(O)C(O)(Cc1cnc2ccccn12)P(=O)(O)O,1,c1ccn2ccnc2c1,322.15000000000003,-0.12170000000000009,152.58999999999997,5,4,4,2,2,0.2222222222222222,20
CHEMBL1684,NS(=O)(=O)c1cc2c(cc1C(F)(F)F)NC(Cc1ccccc1)NS2(=O)=O,1,O=S1(=O)NC(Cc2ccccc2)Nc2ccccc21,421.4220000000001,1.6254000000000004,118.35999999999999,3,5,3,3,2,0.2,27
CHEMBL1200778,C[C@@H](CN1CC(=O)NC(=O)C1)N1CC(=O)NC(=O)C1,1,O=C1CN(CCN2CC(=O)NC(=O)C2)CC(=O)N1,268.27299999999997,-2.708299999999996,98.82,2,6,3,2,0,0.6363636363636364,19
CHEMBL2107826,O=C(Nc1ccc(C[C@@H]2CC[C@H]([C@H](O)c3ccccc3)N2)cc1)[C@@H]1CCc2nccc(=O)n21,1,O=C(Nc1ccc(CC2CCC(Cc3ccccc3)N2)cc1)C1CCc2nccc(=O)n21,444.53500000000014,2.766000000000001,96.25,3,5,6,5,3,0.34615384615384615,33
CHEMBL969,O=C1CN=C(c2ccccc2)c2cc(Cl)ccc2N1CC1CC1,1,O=C1CN=C(c2ccccc2)c2ccccc2N1CC1CC1,324.8110000000001,3.934000000000003,32.67,0,2,3,4,2,0.2631578947368421,23
CHEMBL3276818,O=C1c2ccccc2N(c2ccccc2)CCN1CCN1CCCCC1,0,O=C1c2ccccc2N(c2ccccc2)CCN1CCN1CCCCC1,349.47800000000024,3.7664000000000026,26.790000000000006,0,3,4,4,2,0.4090909090909091,26
CHEMBL1597151,COC(=O)c1c(NC(=O)C2c3ccccc3Oc3ccccc32)sc(C)c1C,0,O=C(Nc1cccs1)C1c2ccccc2Oc2ccccc21,393.46400000000017,5.027840000000003,64.63,1,5,3,4,3,0.18181818181818182,28
CHEMBL1204217,COc1cccc2cc3cccc(C(=O)NCCN(C)C)c3nc12,0,c1ccc2nc3ccccc3cc2c1,323.3960000000001,2.6880000000000006,54.46,1,4,5,3,3,0.2631578947368421,24
CHEMBL3187805,COc1ccc(C2CC(c3ccccc3)Oc3cc(C)c(Cl)c(C)c32)cc1,0,c1ccc(C2CC(c3ccccc3)c3ccccc3O2)cc1,378.89900000000017,6.621140000000004,18.46,0,2,3,4,3,0.25,27
CHEMBL329606,CCOC(=O)C(=O)C=C/C(SC)=C(\O)c1ccccc1,0,c1ccccc1,292.356,2.964600000000001,63.60000000000001,1,5,6,1,1,0.2,20
CHEMBL1588949,COc1ccc(CCNC(=O)CCn2c(=O)c3cccn3c3cccnc32)cc1OC,0,O=C(CCn1c(=O)c2cccn2c2cccnc21)NCCc1ccccc1,420.4690000000001,2.4154,86.86,1,5,8,4,4,0.2608695652173913,31
CHEMBL1405,C[C@]12CC[C@@H]3c4ccc(O)cc4CC[C@H]3[C@@H]1CCC2=O,1,O=C1CCC2C1CCC1c3ccccc3CCC12,270.37199999999996,3.817400000000002,37.3,1,2,0,4,1,0.6111111111111112,20
CHEMBL1200854,CCCCCCCCCC(=O)OCCN1CCN(CCCN2c3ccccc3Sc3ccc(C(F)(F)F)cc32)CC1,1,c1ccc2c(c1)Sc1ccccc1N2CCCN1CCNCC1,591.7840000000001,7.99970000000001,36.02,0,6,15,4,2,0.59375,41
CHEMBL3108833,Cc1cc(NS(=O)(=O)CCNC(=O)Cc2ccc(Cl)c(Cl)c2)no1,0,O=C(Cc1ccccc1)NCCS(=O)(=O)Nc1ccon1,392.26400000000007,2.3904199999999998,101.30000000000001,2,5,7,2,2,0.2857142857142857,24
CHEMBL3989824,CN1CCN(CC/C=C2/c3ccccc3Sc3ccc(S(=O)(=O)N(C)C)cc32)CC1,1,C(CCN1CCNCC1)=C1c2ccccc2Sc2ccccc21,443.63800000000026,3.4707000000000026,43.86000000000001,0,5,5,4,2,0.391304347826087,30
CHEMBL1672727,c1nc2ccc(-c3nc4ccc(-c5nc6cc(N7CCCCC7)ccc6[nH]5)cc4[nH]3)cc2[nH]1,0,c1nc2ccc(-c3nc4ccc(-c5nc6cc(N7CCCCC7)ccc6[nH]5)cc4[nH]3)cc2[nH]1,433.5190000000002,5.639800000000005,89.28,3,4,3,7,6,0.19230769230769232,33
CHEMBL2013213,COc1cc(C(=O)N(CCCO)C/C(C)=C/c2ccccc2)cc(OC)c1OC,0,O=C(NCC=Cc1ccccc1)c1ccccc1,399.48700000000014,3.640500000000003,68.23,1,5,10,2,2,0.34782608695652173,29
CHEMBL4240446,CC(C)Cc1ccc(C(C)c2nc3cc(-c4ccccc4C(=O)O)ccc3n2Cc2ccccc2Cl)cc1,0,c1ccc(Cc2nc3cc(-c4ccccc4)ccc3n2Cc2ccccc2)cc1,523.0760000000002,8.453500000000005,55.12,1,2,8,5,5,0.21212121212121213,38
CHEMBL107,COc1cc2c(c(OC)c1OC)-c1ccc(OC)c(=O)cc1[C@@H](NC(C)=O)CC2,1,O=c1cccc2c(c1)CCCc1ccccc1-2,399.4430000000002,2.871600000000001,83.09,1,6,5,3,2,0.36363636363636365,29
CHEMBL1562919,COc1cccc(NC(=O)CSc2nc3c([nH]c4ccccc43)c(=O)n2-c2ccccc2)c1,0,O=C(CSc1nc2c([nH]c3ccccc32)c(=O)n1-c1ccccc1)Nc1ccccc1,456.52700000000016,4.6064000000000025,89.00999999999999,2,5,6,5,5,0.08,33
CHEMBL3751912,Cc1nc(-c2cc3cc(Oc4ccccc4)cc(C#N)c3[nH]2)sc1C(=O)O,0,c1ccc(Oc2ccc3[nH]c(-c4nccs4)cc3c2)cc1,375.40900000000005,4.962000000000003,99.0,2,5,4,4,4,0.05,27
CHEMBL1808388,OC[C@H]1O[C@@H](c2ccc(Cl)c(Cc3ccc(OCCOC4CC4)cc3)c2)[C@H](O)[C@@H](O)[C@@H]1O,1,c1cc(Cc2ccc(OCCOC3CC3)cc2)cc(C2CCCCO2)c1,464.9420000000002,2.0034999999999994,108.61000000000001,4,7,9,4,2,0.5,32
CHEMBL360498,O=C(c1ccc(N2CCN(C(=O)c3ccccc3)CC2)cc1)c1c(-c2ccc(O)cc2)sc2cc(O)ccc12,0,O=C(c1ccc(N2CCN(C(=O)c3ccccc3)CC2)cc1)c1c(-c2ccccc2)sc2ccccc12,534.6370000000003,6.172900000000006,81.08000000000001,2,6,5,6,5,0.125,39
CHEMBL1975690,CCc1ccccc1NC(=O)/C=C/c1ccccc1,0,O=C(C=Cc1ccccc1)Nc1ccccc1,251.329,3.900900000000002,29.1,1,1,4,2,2,0.11764705882352941,19
CHEMBL1200675,CN(C)CCOc1ccc(/C(=C(/CCCl)c2ccccc2)c2ccccc2)cc1,1,C(=C(c1ccccc1)c1ccccc1)c1ccccc1,405.969,6.215000000000006,12.47,0,2,9,3,3,0.23076923076923078,29
CHEMBL4113774,C[C@@H]1CN(C(=O)OC(C)(C)C)[C@H](C)[C@@H]1N1CCc2c(-c3cnc(N)nc3)nc(N3CCOC[C@@H]3C)nc21,0,c1ncc(-c2nc(N3CCOCC3)nc3c2CCN3C2CCNC2)cn1,510.6430000000003,2.747300000000001,122.83,1,10,3,5,2,0.6538461538461539,37
CHEMBL62310,C[C@]12CC[C@H](C3CCCCC3)C[C@@]1(O)CC[C@@H]2C/C=N\OCCN,0,C1CCC(C2CCC3CCCC3C2)CC1,336.52000000000004,3.865400000000002,67.84,2,4,6,3,0,0.95,24
CHEMBL452635,O=C(Oc1ccccc1)Oc1c(O)cc(C2CCc3c(O)cc(OC(=O)c4cc(O)c(O)c(O)c4)cc3O2)cc1O,0,O=C(Oc1ccccc1)Oc1ccc(C2CCc3ccc(OC(=O)c4ccccc4)cc3O2)cc1,562.4830000000003,4.783500000000006,192.44,6,12,5,5,4,0.10344827586206896,41
CHEMBL1653,CN(C)CCC(c1ccccc1)c1ccccn1,1,c1ccc(Cc2ccccn2)cc1,240.35000000000002,3.1652000000000013,16.130000000000003,0,2,5,2,2,0.3125,18
CHEMBL1018,C/C=C(/C(=C/C)c1ccc(O)cc1)c1ccc(O)cc1,1,C=C(C(=C)c1ccccc1)c1ccccc1,266.34,4.604600000000004,40.46,2,2,3,2,2,0.1111111111111111,20
CHEMBL2146063,CN(C)[C@@H]1C(O)=C(C(N)=O)C(=O)[C@@]2(O)C(O)=C3C(=O)c4c(O)ccc(Cl)c4[C@@](C)(O)[C@H]3C[C@@H]12,1,O=C1C2=CC3C(=O)C=CCC3CC2Cc2ccccc21,478.8850000000002,0.4390000000000007,181.61999999999998,6,9,2,4,1,0.4090909090909091,33
CHEMBL3918565,CC[C@@H](CN1CC[C@H](CNC(=O)c2ccc3cc(Cl)ccc3c2)N[C@H](CCC(=O)N2CCCCC2)C1=O)c1ccccc1,0,O=C(NCC1CCN(CCc2ccccc2)C(=O)C(CCC(=O)N2CCCCC2)N1)c1ccc2ccccc2c1,603.2070000000004,5.7686000000000055,81.75,2,4,10,5,3,0.45714285714285713,43
CHEMBL5095050,CCCCCCCCc1ccc(CCC(N)(CO)CO)cc1,1,c1ccccc1,307.478,3.204300000000001,66.48,3,3,12,1,1,0.6842105263157895,22
CHEMBL22397,COc1cc2c3c4c(cc5c3n(c2cc1OC)C(=O)CC5)CNCC4,0,O=C1CCc2cc3c(c4c5ccccc5n1c24)CCNC3,336.39100000000013,3.043800000000001,52.49,1,4,2,5,3,0.35,25
CHEMBL1374379,CCCCNc1ccc(C(=O)OCCOCCOCCOCCOCCOCCOCCOCCOCCOC)cc1,1,c1ccccc1,603.7500000000003,2.8346000000000036,121.40000000000003,1,12,32,1,1,0.7666666666666667,42
CHEMBL1965776,O=[N+]([O-])c1cc([N+](=O)[O-])c(Nn2c3ccccc3c3ccccc32)c([N+](=O)[O-])c1,0,c1ccc(Nn2c3ccccc3c3ccccc32)cc1,393.31500000000017,4.394300000000002,146.38000000000002,1,7,5,4,4,0.0,29
CHEMBL2105720,O=C(O)CSc1nnc(Br)n1-c1ccc(C2CC2)c2ccccc12,1,c1ccc2c(-n3cnnc3)ccc(C3CC3)c2c1,404.28900000000016,4.2371000000000025,68.00999999999999,1,4,5,4,3,0.23529411764705882,24
CHEMBL3263991,CC1CN(C)CCc2ccc(Nc3ncc(Cl)c(Nc4ccccc4S(=O)(=O)C4CC4)n3)cc21,0,O=S(=O)(c1ccccc1Nc1ccnc(Nc2ccc3c(c2)CCNCC3)n1)C1CC1,498.05200000000025,5.144700000000004,87.22,2,7,6,5,3,0.36,34
CHEMBL1220,CCS(=O)(=O)CCn1c([N+](=O)[O-])cnc1C,1,c1c[nH]cn1,247.27599999999998,0.5344200000000001,95.1,0,5,5,1,1,0.625,16
CHEMBL3188993,OCCOCCN1CCN(C2=Nc3ccccc3Sc3ccccc32)CC1,1,c1ccc2c(c1)N=C(N1CCNCC1)c1ccccc1S2,383.51700000000017,2.8560000000000016,48.300000000000004,1,6,5,4,2,0.38095238095238093,27
CHEMBL1770532,O=C(/C=C1/C(=O)N(CCc2ccccc2)c2cccc(Cl)c21)c1cccnc1,0,O=C(C=C1C(=O)N(CCc2ccccc2)c2ccccc21)c1cccnc1,388.8540000000001,4.590600000000004,50.27,0,3,5,4,3,0.08695652173913043,28
CHEMBL1685,C[C@@]12CCCCC[C@@H](Cc3ccc(O)cc31)[C@@H]2N,1,c1ccc2c(c1)CC1CCCCCC2C1,245.366,3.113600000000001,46.25,2,2,0,3,1,0.625,18
CHEMBL1722059,O=C(NS(=O)(=O)Nc1ccc(Cl)cc1)c1c[nH]c2ccccc12,0,O=C(NS(=O)(=O)Nc1ccccc1)c1c[nH]c2ccccc12,349.79900000000004,2.9080000000000004,91.06,3,3,4,3,3,0.0,23
CHEMBL175410,CCCCOc1ccc(OCC(=O)NO)cc1,0,c1ccccc1,239.271,1.7496999999999998,67.79,2,4,7,1,1,0.4166666666666667,17
CHEMBL1201147,CCCCC(CC)COC(=O)C(C#N)=C(c1ccccc1)c1ccccc1,1,C=C(c1ccccc1)c1ccccc1,361.485,5.771680000000005,50.09,0,3,9,2,2,0.3333333333333333,27
CHEMBL55,N=C(N)c1ccc(OCCCCCOc2ccc(C(=N)N)cc2)cc1,1,c1ccc(OCCCCCOc2ccccc2)cc1,340.42699999999996,2.8828400000000007,118.2,4,4,10,2,2,0.2631578947368421,25
CHEMBL1519,CCOC(=O)[C@H](CCc1ccccc1)N[C@@H](C)C(=O)N1[C@H](C(=O)O)C[C@H]2CCCC[C@@H]21,1,O=C(CNCCCc1ccccc1)N1CCC2CCCCC21,430.54500000000036,2.7733000000000008,95.94000000000001,2,5,9,3,1,0.625,31
CHEMBL748,C[n+]1ccccc1/C=N/O,1,c1cc[nH+]cc1,137.162,0.3191999999999999,36.47,1,2,1,1,1,0.14285714285714285,10
CHEMBL2106939,CCCCCCNC(=N)NC(=N)N,1,,185.275,0.5741400000000004,97.78,5,2,5,0,0,0.75,13
CHEMBL1173781,CC(C)c1ccc(/C=N/NC(=O)c2cnccn2)cc1,0,O=C(NN=Cc1ccccc1)c1cnccn1,268.32,2.3639,67.24000000000001,1,4,4,2,2,0.2,20
CHEMBL159,CC[C@]1(O)C[C@@H]2CN(CCc3c([nH]c4ccccc34)[C@@](C(=O)OC)(c3cc4c(cc3OC)N(C)[C@H]3[C@@](O)(C(=O)OC)[C@H](OC(C)=O)[C@]5(CC)C=CCN6CC[C@]43[C@@H]65)C2)C1,1,C1=CC2CCC3Nc4ccc(C5CC6CCCN(CCc7c5[nH]c5ccccc75)C6)cc4C34CCN(C1)C24,810.9889999999998,3.9909000000000034,154.10000000000002,3,12,7,9,3,0.5869565217391305,59
CHEMBL349803,NS(=O)(=O)c1cc(C(=O)O)cc(N2CCCC2)c1Oc1ccccc1,1,c1ccc(Oc2ccccc2N2CCCC2)cc1,362.40700000000004,2.4247000000000005,109.93,2,5,5,3,2,0.23529411764705882,25
CHEMBL289480,C1COC(NC(C2CC2)C2CC2)=N1,1,C1COC(NC(C2CC2)C2CC2)=N1,180.25099999999998,1.1507999999999994,33.62,1,3,3,3,0,0.9,13
CHEMBL1201754,NC(=O)c1cn(Cc2c(F)cccc2F)nn1,1,c1ccc(Cn2ccnn2)cc1,238.197,0.7035000000000001,73.80000000000001,1,3,3,2,2,0.1,17
CHEMBL452,O=C1CN=C(c2ccccc2Cl)c2cc([N+](=O)[O-])ccc2N1,1,O=C1CN=C(c2ccccc2)c2ccccc2N1,315.716,3.037700000000001,84.6,1,4,2,3,2,0.06666666666666667,22
CHEMBL548766,N#Cc1ccc(NC(=O)Nc2ccc3c(c2)CCN(C2CCC2)CC3)cc1,0,O=C(Nc1ccccc1)Nc1ccc2c(c1)CCN(C1CCC1)CC2,360.4610000000002,4.155380000000004,68.16,2,3,3,4,2,0.36363636363636365,27
CHEMBL56367,CS(=O)(=O)Nc1ccc([N+](=O)[O-])cc1Oc1ccccc1,1,c1ccc(Oc2ccccc2)cc1,308.315,2.7586000000000013,98.54,1,5,5,2,2,0.07692307692307693,21
CHEMBL56021,CC(=O)N[C@@H](CC(C)C)C(=O)O,1,,173.21199999999996,0.6218000000000001,66.4,2,2,4,0,0,0.75,12
CHEMBL3813873,FC(F)(F)c1ccc(CNc2ccc(Cc3c[nH]c4ncc(Cl)cc34)cn2)cn1,1,c1cncc(CNc2ccc(Cc3c[nH]c4ncccc34)cn2)c1,417.82200000000006,5.228000000000002,66.49000000000001,2,4,5,4,4,0.15,29
CHEMBL4228386,O=C(O)C[C@H](NC(=O)C1CCN(C(=O)C2CC2)CC1)C(=O)COc1c(F)c(F)cc(F)c1F,0,O=C(CNC(=O)C1CCN(C(=O)C2CC2)CC1)COc1ccccc1,474.40700000000015,1.798999999999999,113.01,2,5,9,3,1,0.5238095238095238,33
CHEMBL1887891,CCN[C@@H](C)Cc1cccc(C(F)(F)F)c1,1,c1ccccc1,231.26099999999997,3.2459000000000024,12.03,1,1,4,1,1,0.5,16
CHEMBL1201125,CNC[C@H](O)[C@@H](O)[C@H](O)[C@H](O)CO,1,,195.21499999999997,-3.3582999999999994,113.18,6,6,6,0,0,1.0,13
CHEMBL957,COc1ccccc1Oc1c(NS(=O)(=O)c2ccc(C(C)(C)C)cc2)nc(-c2ncccn2)nc1OCCO,1,O=S(=O)(Nc1nc(-c2ncccn2)ncc1Oc1ccccc1)c1ccccc1,551.6250000000002,4.203900000000004,145.65,2,10,10,4,4,0.25925925925925924,39
CHEMBL2159369,N=C(N)c1ccc(S(=O)(=O)NCc2ccccc2)cc1,0,O=S(=O)(NCc1ccccc1)c1ccccc1,289.36,1.44917,96.03999999999999,3,3,5,2,2,0.07142857142857142,20
CHEMBL468059,COc1cc(S(=O)(=O)N(Cc2ccc(Br)cc2)Cc2ccco2)ccc1-n1cnnn1,0,O=S(=O)(c1ccc(-n2cnnn2)cc1)N(Cc1ccccc1)Cc1ccco1,504.36600000000016,3.417500000000002,103.35000000000001,0,7,8,4,4,0.15,31
CHEMBL4303669,O=P(O)(O)C(O)(Cn1ccnc1)P(=O)(O)O,1,c1c[nH]cn1,272.09,-1.1154000000000002,153.10999999999999,5,4,4,1,1,0.4,16
CHEMBL1970316,CCN(CC)CCNc1c(OC)cc(C)c2sc3ccccc3c(=O)c12,0,O=c1c2ccccc2sc2ccccc12,370.51800000000014,4.485420000000004,41.57,1,5,7,3,3,0.38095238095238093,26
CHEMBL951,CCOC(=O)CCCCCCCCC(C)c1ccc(I)cc1,1,c1ccccc1,416.34299999999996,6.078600000000006,26.3,0,2,11,1,1,0.631578947368421,22
CHEMBL1418176,C[C@]12C=CC(=O)C=C1CC[C@@H]1[C@@H]2CC[C@@]2(C)[C@H]1CC[C@]2(C)O,1,O=C1C=CC2C(=C1)CCC1C3CCCC3CCC21,300.442,4.045300000000004,37.3,1,2,0,4,0,0.75,22
CHEMBL26839,CCCCc1nc(Cl)c(COC)n1Cc1ccc(OCc2ccccc2C(=O)O)cc1,0,c1ccc(COc2ccc(Cn3ccnc3)cc2)cc1,442.9430000000002,5.351000000000004,73.58,1,4,11,3,3,0.3333333333333333,31
CHEMBL2087804,COc1ccc(C(=O)/C=C\Nc2cc(OC)c(OC)c(OC)c2)cc1,0,O=C(C=CNc1ccccc1)c1ccccc1,343.3790000000001,3.5295000000000023,66.02000000000001,1,6,8,2,2,0.21052631578947367,25
CHEMBL1200614,O=C(NCC(O)CO)c1c(I)c(C(=O)NCC(O)CO)c(I)c(N(CCO)C(=O)CO)c1I,1,c1ccccc1,807.114,-2.016,199.89,8,9,12,1,1,0.5,33
CHEMBL1201245,CN(C)CCOC(c1ccccc1)c1ccc(Br)cc1,1,c1ccc(Cc2ccccc2)cc1,334.257,4.116700000000003,12.47,0,2,6,2,2,0.29411764705882354,20
CHEMBL3488978,Cc1ccc(C)c(S(=O)(=O)NC(=O)c2ccc(C)[nH]c2=O)c1,0,O=C(NS(=O)(=O)c1ccccc1)c1ccc[nH]c1=O,320.37000000000006,1.41886,96.1,2,4,3,2,2,0.2,22
CHEMBL1026,Oc1ccc(C2CNCCc3c2cc(O)c(O)c3Cl)cc1,1,c1ccc(C2CNCCc3ccccc32)cc1,305.76099999999997,2.734400000000001,72.72,4,4,1,3,2,0.25,21
CHEMBL516,CN1CCC(=C2c3ccccc3C=Cc3ccccc32)CC1,1,C1=Cc2ccccc2C(=C2CCNCC2)c2ccccc21,287.4060000000001,4.697900000000004,3.24,0,1,0,4,2,0.23809523809523808,22
CHEMBL4206967,COc1c(C(=O)Cc2ccc(O)cc2)ccc2c1C=CC(C)(C)O2,0,O=C(Cc1ccccc1)c1ccc2c(c1)C=CCO2,324.3760000000001,4.010400000000003,55.760000000000005,1,4,4,3,2,0.25,24
CHEMBL4096137,Nc1ncnc2c1c(Cc1cccc(Cl)c1)nn2CC1CCNCC1,0,c1ccc(Cc2nn(CC3CCNCC3)c3ncncc23)cc1,356.8610000000002,2.6523000000000003,81.65,2,5,4,4,3,0.3888888888888889,25
CHEMBL1200440,Cc1cccc(C)c1NC(=O)C1CCCCN1C,1,O=C(Nc1ccccc1)C1CCCCN1,246.35399999999996,2.7262400000000007,32.34,1,2,2,2,1,0.5333333333333333,18
CHEMBL1200781,CN(C)CCCC1(c2ccc(F)cc2)OCc2cc(C#N)ccc21,1,c1ccc(C2OCc3ccccc32)cc1,324.39900000000006,3.812980000000003,36.26,0,3,5,3,2,0.35,24
CHEMBL897,CCCN(CCC)S(=O)(=O)c1ccc(C(=O)O)cc1,1,c1ccccc1,285.36499999999995,2.1955,74.68,1,3,7,1,1,0.46153846153846156,19
CHEMBL1204716,CCCCCCS(=O)(=O)c1cc(NCc2ccco2)c(S(=O)(=O)O)cc1S(N)(=O)=O,0,c1ccc(NCc2ccco2)cc1,480.5860000000002,2.1398,173.83999999999997,3,8,11,2,2,0.4117647058823529,30
CHEMBL1223512,CCCCCCCC/C=C\CCCCCCCC(=O)NC(C)c1ccccc1,0,c1ccccc1,385.63599999999997,7.901300000000009,29.1,1,1,17,1,1,0.6538461538461539,28
CHEMBL898,O=C(O)c1cc(-c2ccc(F)cc2F)ccc1O,1,c1ccc(-c2ccccc2)cc1,250.19999999999996,3.035600000000001,57.53,2,2,2,2,2,0.0,18
CHEMBL152684,CCOC(=O)C(C)(CC)Oc1ccc(Cc2ccc(Cl)cc2)cc1,1,c1ccc(Cc2ccccc2)cc1,346.85400000000004,5.041400000000005,35.53,0,3,7,2,2,0.35,24
CHEMBL187982,COc1cc2oc(-c3ccccc3)cc(=O)c2c(OC)c1OC(C)=O,0,O=c1cc(-c2ccccc2)oc2ccccc12,340.33100000000013,3.4025000000000016,74.97,0,6,4,3,3,0.15789473684210525,25
CHEMBL3893700,N=C(N)Nc1cccc(C(=O)Nc2ccc(C[C@H](NC(=O)[C@@H]3CCCN3S(=O)(=O)c3ccccc3)C(=O)O)cc2)c1,0,O=C(Nc1ccc(CCNC(=O)C2CCCN2S(=O)(=O)c2ccccc2)cc1)c1ccccc1,578.6510000000004,2.2094699999999996,194.77999999999997,6,6,10,4,3,0.21428571428571427,41
CHEMBL3919282,C=C(C)CN(Cc1ccc(F)cc1)C(=O)c1ncccc1O,0,O=C(NCc1ccccc1)c1ccccn1,300.33299999999997,3.1448000000000023,53.43000000000001,1,3,5,2,2,0.17647058823529413,22
CHEMBL3322881,CCc1cc(C(=O)O)cnc1N,0,c1ccncc1,166.17999999999995,0.9243999999999999,76.21,2,3,2,1,1,0.25,12
CHEMBL1972156,CNC(=S)Nc1ccc(OC)c2ccccc12,0,c1ccc2ccccc2c1,246.33499999999998,2.7646000000000006,33.29,2,2,2,2,2,0.15384615384615385,17
CHEMBL741,Nc1nnc(-c2cccc(Cl)c2Cl)c(N)n1,1,c1ccc(-c2cncnn2)cc1,256.09599999999995,2.0098,90.71,2,5,1,2,2,0.0,16
CHEMBL1813380,O=C(NO)c1cccc(OCc2ccc(F)cc2)c1O,0,c1ccc(COc2ccccc2)cc1,277.251,2.2293000000000007,78.79,3,4,4,2,2,0.07142857142857142,20
CHEMBL2338226,O=C(Nc1ccc(OC(F)(F)F)cc1)Nc1ccc(C(F)(F)F)cc1,0,O=C(Nc1ccccc1)Nc1ccccc1,364.245,5.248000000000002,50.36,2,2,3,2,2,0.13333333333333333,25
CHEMBL1256391,Cc1ccc(=O)n(-c2ccccc2)c1,1,O=c1ccccn1-c1ccccc1,185.22600000000003,2.1459200000000003,22.0,0,1,1,2,2,0.08333333333333333,14
CHEMBL1200500,CCC(=O)OCC(=O)[C@@]1(OC(=O)CC)[C@@H](C)C[C@H]2[C@@H]3CCC4=CC(=O)C=C[C@]4(C)[C@@]3(Cl)[C@@H](O)C[C@@]21C,1,O=C1C=CC2C(=C1)CCC1C3CCCC3CCC21,521.0500000000003,4.086800000000004,106.97000000000001,1,7,6,4,0,0.7142857142857143,36
CHEMBL493222,Cc1ccc(CNc2ccc(C)cc2)cc1,0,c1ccc(CNc2ccccc2)cc1,211.30800000000002,3.9155400000000027,12.03,1,1,3,2,2,0.2,16
CHEMBL888,Nc1ccn([C@@H]2O[C@H](CO)[C@@H](O)C2(F)F)c(=O)n1,1,O=c1ncccn1C1CCCO1,263.2,-1.2886,110.60000000000001,3,6,2,2,1,0.5555555555555556,18
CHEMBL3989843,N[C@@H]1C[C@H]1c1ccccc1,1,c1ccc(C2CC2)cc1,133.194,1.5011999999999999,26.02,1,1,1,2,1,0.3333333333333333,10
CHEMBL3301795,Cc1ccc(SCC(=O)[C@@H](N)Cc2c[nH]cn2)cc1,0,O=C(CCc1c[nH]cn1)CSc1ccccc1,275.377,1.9493199999999997,71.77000000000001,2,4,6,2,2,0.2857142857142857,19
CHEMBL1319859,O=C1c2[nH]nc(-c3ccccc3O)c2C(c2ccccc2F)N1Cc1ccncc1,0,O=C1c2[nH]nc(-c3ccccc3)c2C(c2ccccc2)N1Cc1ccncc1,400.4130000000001,4.0618000000000025,82.11,2,4,4,5,4,0.08695652173913043,30
CHEMBL5315056,C=CCN1CC[C@]23c4c5ccc(O)c4O[C@H]2C(=O)CC[C@@]3(O)[C@H]1C5,1,O=C1CCC2C3Cc4cccc5c4C2(CCN3)C1O5,327.3800000000001,1.3014,70.0,2,5,2,5,1,0.5263157894736842,24
CHEMBL1994332,O=c1[nH]nc(Cc2ccccc2)n1/N=C/c1ccncc1,0,O=c1[nH]nc(Cc2ccccc2)n1N=Cc1ccncc1,279.303,1.4394,75.93,1,4,4,3,3,0.06666666666666667,21
CHEMBL1200348,Clc1ccc(CSC(Cn2ccnc2)c2ccc(Cl)cc2Cl)cc1,1,c1ccc(CSC(Cn2ccnc2)c2ccccc2)cc1,397.75800000000015,6.518000000000003,17.82,0,2,6,3,3,0.16666666666666666,24
CHEMBL1433654,COC(=O)C/C=C/[C@@H](C)[C@H](NC(=O)OCC(Cl)(Cl)Cl)c1ccc2ccccc2c1,0,c1ccc2ccccc2c1,458.76900000000006,5.732700000000005,64.63,1,4,7,2,2,0.3333333333333333,29
CHEMBL1348389,COc1cccc(CSc2nc3ccccc3cc2C=O)c1,0,c1ccc(CSc2ccc3ccccc3n2)cc1,309.39000000000004,4.348200000000003,39.19,0,4,5,3,3,0.1111111111111111,22
CHEMBL2364632,CON(C)Cc1ccc(O)c2c1C[C@H]1C[C@H]3[C@H](N(C)C)C(O)=C(C(N)=O)C(=O)[C@@]3(O)C(O)=C1C2=O,1,O=C1C2=CC3C(=O)C=CCC3CC2Cc2ccccc21,487.5090000000003,0.11380000000000173,173.85999999999996,5,10,5,4,1,0.4583333333333333,35
CHEMBL1201109,CC1(C)O[C@@H]2C[C@H]3[C@@H]4CCC5=CC(=O)C=C[C@]5(C)[C@H]4[C@@H](O)C[C@]3(C)[C@]2(C(=O)CO)O1,1,O=C1C=CC2C(=C1)CCC1C2CCC2C1CC1OCOC12,416.51400000000024,2.326700000000001,93.06,2,6,2,5,0,0.75,30
CHEMBL2079793,Nc1nc(O)c2ncn(CCC(CO)CO)c2n1,1,c1ncc2nc[nH]c2n1,253.26199999999994,-0.895,130.31,4,7,5,2,2,0.5,18
CHEMBL1902049,O=C(O)CSc1c(Cl)c(=O)oc2ccc(Cl)cc12,0,O=c1ccc2ccccc2o1,305.13800000000003,3.2765000000000013,67.50999999999999,1,4,3,2,2,0.09090909090909091,18
CHEMBL1256958,CNC[C@H](O)c1ccc(O)c(O)c1,1,c1ccccc1,183.207,0.35060000000000013,72.72,4,4,3,1,1,0.3333333333333333,13
CHEMBL1401775,COc1ccc(S(=O)(=O)N2CCCCC2C(=O)O)cc1OC,0,O=S(=O)(c1ccccc1)N1CCCCC1,329.374,1.3316000000000001,93.14000000000001,1,5,5,2,1,0.5,22
CHEMBL307261,C[C@H]1[C@@H](O)O[C@@H]2O[C@@]3(C)CC[C@H]4[C@H](C)CC[C@@H]1[C@@]24OO3,1,C1CC2CCOC3OC4CCC(C1)C23OO4,284.352,2.1867,57.150000000000006,1,5,0,5,0,1.0,20
CHEMBL159479,CC(C)CC(NC(=O)C(Cc1c[nH]cn1)NC(=O)C(CC(=O)N1CCOCC1)Cc1cccc2ccccc12)C(O)C(=O)NC(C)C,0,O=C(NCCc1c[nH]cn1)C(CC(=O)N1CCOCC1)Cc1cccc2ccccc12,648.8050000000004,2.1144000000000025,165.74999999999997,5,7,15,4,3,0.5142857142857142,47
CHEMBL2105980,CN(C)CCOC(C)(c1ccccc1)c1ccc(Cl)cc1,1,c1ccc(Cc2ccccc2)cc1,303.833,4.181700000000004,12.47,0,2,6,2,2,0.3333333333333333,21
CHEMBL490665,CN(C(=O)/C=C/c1ccoc1)[C@@H]1CC[C@@]2(O)[C@H]3Cc4ccc(O)c5c4[C@@]2(CCN3CC2CC2)[C@H]1O5,1,O=C(C=Cc1ccoc1)NC1CCC2C3Cc4cccc5c4C2(CCN3CC2CC2)C1O5,476.5730000000003,3.0897000000000014,86.38000000000001,2,6,5,7,2,0.5357142857142857,35
CHEMBL373414,COc1ccc2[nH]cc(/C=C3/c4ccccc4C(=O)c4ccsc43)c2c1,0,O=C1c2ccccc2C(=Cc2c[nH]c3ccccc23)c2sccc21,357.4340000000001,5.371300000000003,42.09,1,3,2,5,4,0.045454545454545456,26
CHEMBL1218,CCC(=O)NCC[C@@H]1CCc2ccc3c(c21)CCO3,1,c1cc2c(c3c1CCC3)CCO2,259.34899999999993,2.5676000000000005,38.33,1,2,4,3,1,0.5625,19
CHEMBL579570,COc1ccc(-c2ccc(S(=O)(=O)Nc3cc4c(cc3OC(C)C)CCN(C)CC4)cc2)cc1,0,O=S(=O)(Nc1ccc2c(c1)CCNCC2)c1ccc(-c2ccccc2)cc1,480.63000000000034,4.980600000000004,67.87,1,5,7,4,3,0.3333333333333333,34
CHEMBL4104426,C/C=C/CN(C)Cc1ccc2c(c1)OCCC2,0,c1ccc2c(c1)CCCO2,231.33899999999994,3.0195000000000016,12.47,0,2,4,2,1,0.4666666666666667,17
CHEMBL1620130,Cc1ccc2c(c1)c1c(n2CC(O)CNC2CCCCC2)CCCC1,0,c1ccc2c(c1)c1c(n2CCCNC2CCCCC2)CCCC1,340.51100000000025,4.111720000000004,37.19,2,2,5,4,2,0.6363636363636364,25
CHEMBL1200903,C=CCC1(C(C)CCC)C(=O)NC(=O)NC1=O,1,O=C1CC(=O)NC(=O)N1,238.28699999999998,1.3510999999999997,75.27000000000001,2,3,5,1,0,0.5833333333333334,17
CHEMBL90672,CCCc1nc(SC(F)F)c(C(=O)O)n1Cc1ccc(-c2ccccc2S(=O)(=O)NC(=O)Cc2ccc(F)cc2)cc1,0,O=C(Cc1ccccc1)NS(=O)(=O)c1ccccc1-c1ccc(Cn2ccnc2)cc1,617.6710000000003,5.750500000000005,118.35999999999999,2,6,12,4,4,0.20689655172413793,42
CHEMBL1180725,CC(C)[N+](C)(CCOC(=O)C1c2ccccc2Oc2ccccc21)C(C)C,1,c1ccc2c(c1)Cc1ccccc1O2,368.4970000000001,4.730800000000005,35.53,0,3,6,3,2,0.43478260869565216,27
CHEMBL1914646,CC(=O)N1CCc2ccc(C(=O)CCCN(C)Cc3cccc4ccccc34)cc2CC1,0,O=C(CCCNCc1cccc2ccccc12)c1ccc2c(c1)CCNCC2,428.57600000000014,4.8818000000000055,40.620000000000005,0,3,7,4,3,0.35714285714285715,32
CHEMBL1201260,C/N=C(\NC)NCc1ccccc1,1,c1ccccc1,177.251,0.9813999999999995,36.42,2,1,2,1,1,0.3,13
CHEMBL188952,CC(C(=O)O)c1ccc(N2CC=CC2)c(Cl)c1,1,C1=CCN(c2ccccc2)C1,251.71299999999997,2.904300000000001,40.54,1,2,3,2,1,0.3076923076923077,17
CHEMBL1883312,CCCC(=O)N(C)c1ccc(/C=C2\C=Cc3ccccc32)cc1,0,C1=Cc2ccccc2C1=Cc1ccccc1,303.40500000000003,5.016900000000004,20.310000000000002,0,1,4,3,2,0.19047619047619047,23
CHEMBL521606,CC(C)(C)NCC(O)COc1cccc2c1CC(O)C(O)C2,1,c1ccc2c(c1)CCCC2,309.406,0.6347999999999998,81.95,4,5,5,2,1,0.6470588235294118,22
CHEMBL3809945,COC(=O)C1CCCN(c2ccc(NC(=O)c3cc4ccccc4[nH]3)cc2)C1,0,O=C(Nc1ccc(N2CCCCC2)cc1)c1cc2ccccc2[nH]1,377.44400000000013,3.8096000000000023,74.43,2,4,4,4,3,0.2727272727272727,28
CHEMBL1447476,Oc1c(Cl)cc(Cl)cc1Sc1cc(Cl)cc(Cl)c1O,1,c1ccc(Sc2ccccc2)cc1,356.057,5.862600000000001,40.46,2,3,2,2,2,0.0,19
CHEMBL3357436,CCOc1cc(NC(=O)C2(NC(=O)c3ccc4c(C5CCCC5)c(-c5ncc(Cl)cn5)n(C)c4c3)CCC2)ccc1/C=C/C(=O)OCC[N+](C)(C)C,0,O=C(NC1(C(=O)Nc2ccccc2)CCC1)c1ccc2c(C3CCCC3)c(-c3ncccn3)[nH]c2c1,728.314,6.898800000000008,124.44000000000001,2,7,13,6,4,0.425,52
CHEMBL1862414,CC1CCC(N/C(=N\O)c2ccc(Oc3ccc(F)cc3)nc2)CC1,0,N=C(NC1CCCCC1)c1ccc(Oc2ccccc2)nc1,343.4020000000001,4.317100000000003,66.74000000000001,2,4,4,3,2,0.3684210526315789,25
CHEMBL172682,N#Cc1cc(-n2cc(C(=O)O)cn2)ccc1O,0,c1ccc(-n2cccn2)cc1,229.19500000000002,1.1477799999999998,99.14,2,4,2,2,2,0.0,17
CHEMBL1489,Nc1ncn([C@@H]2O[C@H](CO)[C@@H](O)[C@H]2O)c(=O)n1,1,O=c1ncncn1C1CCCO1,244.207,-3.1679999999999997,143.72000000000003,4,8,2,2,1,0.625,17
CHEMBL3250770,[2H]c1c([2H])c([2H])c(C([2H])([2H])C([2H])(N)C([2H])([2H])[2H])c([2H])c1[2H],0,c1ccccc1,146.27711955799995,1.5762999999999998,26.02,1,1,2,1,1,0.3333333333333333,10
CHEMBL1434415,Cc1ccc(NC(=O)COc2ccc3c(c2)CCC3)cc1S(=O)(=O)N(C)C,0,O=C(COc1ccc2c(c1)CCC2)Nc1ccccc1,388.4890000000001,2.751520000000001,75.71,1,4,6,3,2,0.35,27
CHEMBL1043,Nc1ccc(S(=O)(=O)c2ccc(N)cc2)cc1,1,O=S(=O)(c1ccccc1)c1ccccc1,248.30700000000002,1.6838000000000002,86.18,2,4,2,2,2,0.0,17
CHEMBL181,CC1=Nc2ccc(Cl)cc2S(=O)(=O)N1,1,O=S1(=O)NC=Nc2ccccc21,230.676,1.6818,58.53,1,3,0,2,1,0.125,14
CHEMBL3746116,CC[C@@H](C)[C@H](NC(=O)c1ccc(C(CC)(CC)c2ccc(OCC(=O)C(C)(C)C)c(C)c2)n1CC)C(=O)OC,0,c1ccc(Cc2ccc[nH]2)cc1,540.7450000000003,6.234020000000007,86.63000000000001,1,5,13,2,2,0.59375,39
CHEMBL1200832,CN(C/C=C/C#CC(C)(C)C)Cc1cccc2ccccc12,1,c1ccc2ccccc2c1,291.438,4.877300000000004,3.24,0,1,4,2,2,0.3333333333333333,22
CHEMBL1777826,O=C(O[C@H]1CN2CCC1CC2)N(Cc1ccccc1)c1ccccc1,0,O=C(OC1CN2CCC1CC2)N(Cc1ccccc1)c1ccccc1,336.43500000000006,3.924000000000003,32.78,0,3,4,5,2,0.38095238095238093,25
CHEMBL327611,COc1cc(C(=O)N[C@@H](Cc2ccccc2)[C@@H](O)C[C@H](Cc2ccccc2)NC(=O)OC(C)(C)C)ccc1O,0,O=C(NC(CCCCc1ccccc1)Cc1ccccc1)c1ccccc1,534.6530000000004,4.628900000000005,117.12,4,6,11,3,3,0.3548387096774194,39
CHEMBL208855,N#C[C@@H]1CCCN1C(=O)[C@@H]1CC[C@H](CNS(=O)(=O)c2ccccc2)N1,0,O=C(C1CCC(CNS(=O)(=O)c2ccccc2)N1)N1CCCC1,362.45500000000004,0.6000799999999998,102.30000000000001,2,5,5,3,1,0.5294117647058824,25
CHEMBL256087,CC1CCC(C(C)C)C(O)C1,1,C1CCCCC1,156.26899999999998,2.4395000000000007,20.23,1,1,1,1,0,1.0,11
CHEMBL1499965,COc1ccccc1COCC(O)CN1CCCCC1CO,0,c1ccc(COCCCN2CCCCC2)cc1,309.406,1.4195,62.16,2,5,8,2,1,0.6470588235294118,22
CHEMBL86304,O=C(NCCN1CCOCC1)c1ccc(Cl)cc1,1,O=C(NCCN1CCOCC1)c1ccccc1,268.74399999999997,1.4020000000000006,41.57000000000001,1,3,4,2,1,0.46153846153846156,18
CHEMBL1201132,Oc1ccc2c3c1O[C@H]1[C@@H](O)CC[C@@]4(O)[C@@H](C2)N(CC2CCC2)CC[C@]314,1,c1cc2c3c(c1)OC1CCCC4C(C2)N(CC2CCC2)CCC314,357.4500000000003,1.7072999999999998,73.16,3,5,2,6,1,0.7142857142857143,26
CHEMBL3972732,CC(C)(NC(=O)c1ccc(Cl)c(OCC2CC2)n1)c1ncon1,0,O=C(NCc1ncon1)c1cccc(OCC2CC2)n1,336.779,2.5719000000000003,90.14,1,6,6,3,2,0.4666666666666667,23
CHEMBL1495977,COC(=O)c1ccc2nc(Nc3nc4ccc(F)cc4s3)sc2c1,0,c1ccc2sc(Nc3nc4ccccc4s3)nc2c1,359.40700000000004,4.575300000000001,64.11,1,7,3,4,4,0.0625,24
CHEMBL4297147,O=C(CCCN1CCC(O)(c2ccc(Cl)cc2)CC1)c1ccc(F)cc1,1,O=C(CCCN1CCC(c2ccccc2)CC1)c1ccccc1,375.87100000000015,4.425600000000004,40.540000000000006,1,3,6,3,2,0.38095238095238093,26
CHEMBL5723563,CCCCCCCC(=O)N[C@H](CN1CCCC1)[C@H](O)c1ccc2c(c1)OCCO2,1,c1cc2c(cc1CCCN1CCCC1)OCCO2,404.55100000000016,3.4323000000000023,71.03000000000002,2,5,11,3,1,0.6956521739130435,29
CHEMBL608533,CO[C@@H]1[C@H](N(C)C(=O)c2ccccc2)C[C@H]2O[C@]1(C)n1c3ccccc3c3c4c(c5c6ccccc6n2c5c31)C(=O)NC4,1,O=C(NC1CC2OC(C1)n1c3ccccc3c3c4c(c5c6ccccc6n2c5c31)CNC4=O)c1ccccc1,570.6490000000002,5.906800000000007,77.72999999999999,1,4,3,9,6,0.2571428571428571,43
CHEMBL277535,c1ccc(-c2ccc(C(c3ccccc3)n3ccnc3)cc2)cc1,1,c1ccc(-c2ccc(C(c3ccccc3)n3ccnc3)cc2)cc1,310.40000000000003,5.187800000000005,17.82,0,1,4,4,4,0.045454545454545456,24
CHEMBL388590,CCc1oc2ccccc2c1C(=O)c1cc(Br)c(O)c(Br)c1,1,O=C(c1ccccc1)c1coc2ccccc12,424.088,5.456800000000003,50.44,1,3,3,3,3,0.11764705882352941,22
CHEMBL2374131,C/C=C(\C)C(=O)O[C@@H]1CC(C)(C)CC2C3=CCC4[C@]56CC[C@](O)(OC5)C(C)(C)C6CC[C@@]4(C)[C@]3(C)CC[C@]21C(=O)O,0,C1=C2C3CCCCC3CCC2C2CCC3CC4CCC3(CO4)C2C1,568.7950000000005,7.059500000000008,93.06000000000002,2,5,3,7,0,0.8285714285714286,41
CHEMBL1237132,CCCC(=O)OCOC(=O)C1=C(C)NC(C)=C(C(=O)OC)C1c1cccc(Cl)c1Cl,1,C1=CC(c2ccccc2)C=CN1,456.3220000000001,4.245200000000003,90.92999999999999,1,7,7,2,1,0.38095238095238093,30
CHEMBL1200865,CCOC(=O)O[C@]1(C(=O)OCCl)CC[C@H]2[C@@H]3CCC4=CC(=O)C=C[C@]4(C)[C@H]3[C@@H](O)C[C@@]21C,1,O=C1C=CC2C(=C1)CCC1C3CCCC3CCC21,466.95800000000025,3.9165000000000028,99.13000000000001,1,7,4,4,0,0.7083333333333334,32
CHEMBL529437,COC(=O)[C@H]1[C@@H](OC(=O)c2ccccc2)C[C@@H]2CC[C@H]1N2C,1,O=C(OC1CC2CCC(C1)N2)c1ccccc1,303.35800000000006,1.8677,55.84,0,5,3,3,1,0.5294117647058824,22
CHEMBL2095211,C[C@H]1CNCCc2ccc(Cl)cc21,1,c1ccc2c(c1)CCNCC2,195.69299999999998,2.589200000000001,12.03,1,1,0,2,1,0.45454545454545453,13
CHEMBL1187557,CCc1c2[n+](cc3c(OCc4cc(OC)c(OC)cc4[N+](=O)[O-])c(OC)ccc13)CCc1cc(OC)c(OC)cc1-2,0,c1ccc(COc2cccc3cc4[n+](cc23)CCc2ccccc2-4)cc1,561.6110000000002,5.443000000000006,102.4,0,8,10,5,4,0.3225806451612903,41
CHEMBL1259059,CC(C)OC(=O)[C@H](C)N[P@](=O)(OC[C@H]1O[C@@H](n2ccc(=O)[nH]c2=O)[C@](C)(F)[C@@H]1O)Oc1ccccc1,1,O=c1ccn(C2CCC(CO[PH](=O)Oc3ccccc3)O2)c(=O)[nH]1,529.4580000000002,1.6565000000000003,158.17999999999995,3,9,10,3,2,0.5,36
CHEMBL1103,O=C1OCCN1/N=C/c1ccc([N+](=O)[O-])o1,1,O=C1OCCN1N=Cc1ccco1,225.16,0.9739,98.17999999999999,0,6,3,2,1,0.25,16
CHEMBL4076685,CC1(N)CCN(c2nc(-c3ccc4cc(F)ccc4c3)cs2)CC1,0,c1ccc2cc(-c3csc(N4CCCCC4)n3)ccc2c1,341.4550000000001,4.4200000000000035,42.15,1,4,2,4,3,0.3157894736842105,24
CHEMBL1237080,CN1C2CCCC1CC(NC(=O)c1nn(C)c3ccccc13)C2,1,O=C(NC1CC2CCCC(C1)N2)c1n[nH]c2ccccc12,312.4170000000001,2.3183999999999996,50.160000000000004,1,3,2,4,2,0.5555555555555556,23
CHEMBL3686754,Cc1cc(CN2CCC(O)CC2)ccc1C(=O)Cn1ccc(OCc2ccccc2)cc1=O,0,O=C(Cn1ccc(OCc2ccccc2)cc1=O)c1ccc(CN2CCCCC2)cc1,446.5470000000002,3.5753200000000023,71.77000000000001,1,5,8,4,3,0.3333333333333333,33
CHEMBL3681572,Cc1onc(-c2ccccn2)c1COc1ccc(C(=O)NCC(F)(F)F)cn1,0,c1ccc(OCc2conc2-c2ccccn2)nc1,392.337,3.3111200000000007,90.14,1,6,6,3,3,0.2222222222222222,28
CHEMBL3251755,C=C1C(=O)O[C@@H]2CC[C@@H](O)[C@H]12,0,C=C1C(=O)OC2CCCC12,154.165,0.23889999999999995,46.53,1,3,0,2,0,0.625,11
CHEMBL12713,O=C1NCCN1CCN1CCC(c2cn(-c3ccc(F)cc3)c3ccc(Cl)cc23)CC1,1,O=C1NCCN1CCN1CCC(c2cn(-c3ccccc3)c3ccccc23)CC1,440.9500000000002,4.627600000000004,40.510000000000005,1,2,5,5,3,0.375,31
CHEMBL93,CC(c1cc2ccccc2s1)N(O)C(N)=O,1,c1ccc2sccc2c1,236.29599999999996,2.7321999999999997,66.56,2,3,2,2,2,0.18181818181818182,16
CHEMBL585075,CCOC(=O)c1c(N)n(-c2ccc(NC(=O)c3cccc([N+](=O)[O-])c3)cc2)c2nc3ccccc3nc12,0,O=C(Nc1ccc(-n2ccc3nc4ccccc4nc32)cc1)c1ccccc1,496.48300000000023,4.493100000000003,155.26999999999998,2,8,6,5,5,0.07692307692307693,37
CHEMBL1529684,COc1ccc(S(=O)(=O)NCC(c2ccco2)S(=O)(=O)c2ccc(C)cc2)cc1C,0,O=S(=O)(NCC(c1ccco1)S(=O)(=O)c1ccccc1)c1ccccc1,449.5500000000002,3.3985400000000023,102.68,1,6,8,3,3,0.23809523809523808,30
CHEMBL46917,CNC(=O)Oc1cccc2ccccc12,1,c1ccc2ccccc2c1,201.225,2.5580000000000007,38.33,1,2,1,2,2,0.08333333333333333,15
CHEMBL1206690,CCC(=O)NS(=O)(=O)c1ccc(-c2c(-c3ccccc3)noc2C)cc1,1,c1ccc(-c2conc2-c2ccccc2)cc1,370.43000000000006,3.531920000000002,89.27,1,5,5,3,3,0.15789473684210525,26
CHEMBL2447929,C[C@]12C=CC(=O)C[C@@H]1CC[C@@H]1[C@@H]2CC[C@]2(C)[C@@H](C(=O)c3ccccc3)CC[C@@H]12,0,O=C1C=CC2C(CCC3C2CCC2C(C(=O)c4ccccc4)CCC23)C1,376.54000000000013,5.873300000000007,34.14,0,2,2,5,1,0.6153846153846154,28
CHEMBL2334568,CC1(C)C(=O)C(I)=C[C@]2(C)C3=CC=C4[C@@H]5C[C@@](C)(C(=O)O)CC[C@]5(C)CC[C@@]4(C)[C@]3(C)CC[C@@H]12,0,O=C1C=CC2C3=CC=C4C5CCCCC5CCC4C3CCC2C1,576.5590000000003,7.900600000000007,54.370000000000005,1,2,1,5,0,0.7333333333333333,34
CHEMBL1149,C[N+](C)(C)C[C@H](O)CC(=O)[O-],1,,161.20099999999996,-1.8064999999999984,60.36,1,3,4,0,0,0.8571428571428571,11
CHEMBL4303525,CC1(C)CC[C@]2(NC(=O)C(C)(F)F)CC[C@]3(C)[C@H](C(=O)C=C4[C@@]5(C)C=C(C#N)C(=O)C(C)(C)[C@@H]5CC[C@]43C)[C@@H]2C1,1,O=C1C=CC2C3=CC(=O)C4C5CCCCC5CCC4C3CCC2C1,554.7220000000002,6.729780000000008,87.03,1,4,2,5,0,0.7575757575757576,40
CHEMBL331337,Cc1cc2c(cc1Cc1ccc(C(=O)NCc3cccc(CNc4ncccn4)c3)o1)C(C)(C)CCC2(C)C,0,O=C(NCc1cccc(CNc2ncccn2)c1)c1ccc(Cc2ccc3c(c2)CCCC3)o1,522.6930000000003,6.859920000000006,80.05,2,5,8,5,4,0.36363636363636365,39
CHEMBL1089047,CCCC[C@H](NC(=O)O[C@@H]1CN(C(=O)c2cccnc2)CC1(C)C)C(=O)C(=O)N[C@H](C)c1ccccc1,0,O=C(NCC(=O)C(=O)NCc1ccccc1)OC1CCN(C(=O)c2cccnc2)C1,508.61900000000026,3.663700000000002,117.69999999999999,2,6,10,3,2,0.4642857142857143,37
CHEMBL1490804,O=C(Nc1ccncc1)c1cc2ccccc2o1,0,O=C(Nc1ccncc1)c1cc2ccccc2o1,238.24599999999998,3.0801000000000016,55.13,1,3,2,3,3,0.0,18
CHEMBL182,Nc1nc2c(ncn2COC(CO)CO)c(=O)[nH]1,1,O=c1[nH]cnc2[nH]cnc12,255.23399999999998,-1.970899999999999,139.28,4,7,5,2,2,0.4444444444444444,18
CHEMBL1200987,CCCCc1ncc(/C=C(\Cc2cccs2)C(=O)O)n1Cc1ccc(C(=O)O)cc1,1,C(=Cc1cncn1Cc1ccccc1)Cc1cccs1,424.52200000000016,4.744400000000003,92.42,2,4,10,3,3,0.2608695652173913,30
CHEMBL3427031,COc1cc(C(=O)O)ccc1NC(=O)c1ccc([N+](=O)[O-])c(OC)c1,0,O=C(Nc1ccccc1)c1ccccc1,346.29500000000013,2.5625,128.0,2,6,6,2,2,0.125,25
CHEMBL3084285,CCCCOc1ccc(S(=O)(=O)[C@](C)(Cc2ccc(OCCN3CCCCC3)cc2)C(=O)NO)cc1,0,O=S(=O)(CCc1ccc(OCCN2CCCCC2)cc1)c1ccccc1,518.6760000000004,4.010700000000003,105.17000000000002,2,7,13,3,2,0.5185185185185185,36
CHEMBL1200610,N[C@@H](C(=O)N[C@@H]1C(=O)N2C(C(=O)O)=C(Cl)CC[C@H]12)c1ccccc1,1,O=C(Cc1ccccc1)NC1C(=O)N2C=CCCC12,349.77400000000006,0.7108000000000003,112.73,3,4,4,3,1,0.3125,24
CHEMBL1091496,CS(=O)(=O)CC(=O)c1cc2cc3c(cc2s1)OCO3,0,c1cc2cc3c(cc2s1)OCO3,298.34100000000007,1.8573,69.67,0,6,3,3,2,0.25,19
CHEMBL35,NS(=O)(=O)c1cc(C(=O)O)c(NCc2ccco2)cc1Cl,1,c1ccc(NCc2ccco2)cc1,330.749,1.8907,122.63000000000001,3,5,5,2,2,0.08333333333333333,21
CHEMBL3244899,O=C(O)Cc1c(-c2ccccc2)ccc2ccccc12,0,c1ccc(-c2ccc3ccccc3c2)cc1,262.30800000000005,4.133900000000002,37.3,1,1,3,3,3,0.05555555555555555,20
CHEMBL1200601,CNS(=O)(=O)CCc1ccc2[nH]cc(C3CCN(C)CC3)c2c1,1,c1ccc2c(C3CCNCC3)c[nH]c2c1,335.4730000000001,2.0687999999999995,65.2,2,3,5,3,2,0.5294117647058824,23
CHEMBL1851949,Cc1ccc2ncc3c(=O)n(CCCCN4CCN(c5cccc(Cl)c5)CC4)cnc3c2c1,0,O=c1c2cnc3ccccc3c2ncn1CCCCN1CCN(c2ccccc2)CC1,461.9970000000001,4.508920000000004,54.260000000000005,0,5,6,5,4,0.34615384615384615,33
CHEMBL1883731,Cn1c(=O)n(C2CCN(CCNC(=O)c3ccc4ccccc4c3)CC2)c2ccccc21,0,O=C(NCCN1CCC(n2c(=O)[nH]c3ccccc32)CC1)c1ccc2ccccc2c1,428.5360000000002,3.560100000000002,59.27,1,3,5,5,4,0.3076923076923077,32
CHEMBL2103822,CCC(=O)NC[C@@H]1C[C@H]1c1cccc2c1CCO2,1,c1cc2c(c(C3CC3)c1)CCO2,245.32199999999995,2.2512,38.33,1,2,4,3,1,0.5333333333333333,18
CHEMBL1736684,COc1cc(C)c(NC(=O)COc2cccc3c2OC(C)(C)C3)cc1OC,0,O=C(COc1cccc2c1OCC2)Nc1ccccc1,371.43300000000016,3.7432200000000027,66.02000000000001,1,5,6,3,2,0.38095238095238093,27
CHEMBL1877828,CCOc1ccccc1NC(=O)CSc1nc2c(oc3ccccc32)c(=O)n1-c1ccc(C)c(C)c1,0,O=C(CSc1nc2c(oc3ccccc32)c(=O)n1-c1ccccc1)Nc1ccccc1,499.59200000000027,5.878240000000005,86.36000000000001,1,6,7,5,5,0.17857142857142858,36
CHEMBL275372,COc1ccc2c(c1)c(CC(=O)OCC(CO)OC(=O)Cc1c(C)n(C(=O)c3ccc(Cl)cc3)c3ccc(OC)cc13)c(C)n2C(=O)c1ccc(Cl)cc1,0,O=C(Cc1cn(C(=O)c2ccccc2)c2ccccc12)OCCOC(=O)Cc1cn(C(=O)c2ccccc2)c2ccccc12,771.6500000000001,7.146340000000008,135.29,1,9,12,6,6,0.21951219512195122,54
CHEMBL1200965,CCOC(=O)OC(C)OC(=O)[C@@H]1N2C(=O)[C@@H](NC(=O)[C@H](N)c3ccccc3)[C@H]2SC1(C)C,1,O=C(Cc1ccccc1)NC1C(=O)N2CCSC12,465.5280000000002,1.2958000000000012,137.26000000000002,2,9,7,3,1,0.5238095238095238,32
CHEMBL2270286,Cc1cc(=O)n(C(=O)CCCCC(=O)n2oc(C)cc2=O)o1,0,O=C(CCCCC(=O)n1occc1=O)n1occc1=O,308.29,1.35384,104.42,0,6,5,2,2,0.42857142857142855,22
CHEMBL1200875,Cc1c(-c2ccccc2)oc2c(C(=O)OCCN3CCCCC3)cccc2c1=O,1,O=C(OCCN1CCCCC1)c1cccc2c(=O)cc(-c3ccccc3)oc12,391.46700000000016,4.411120000000004,59.75,0,5,5,4,3,0.3333333333333333,29
CHEMBL810,Cn1nnc2c(C(N)=O)ncn2c1=O,1,O=c1[nH]nnc2cncn12,194.154,-2.078099999999999,108.17000000000002,1,5,1,2,2,0.16666666666666666,14
CHEMBL1615371,CN1c2c([nH]c(N)nc2=O)NC[C@@H]1CNc1ccc(C(=O)N[C@@H](CCC(=O)O)C(=O)O)cc1,1,O=c1nc[nH]c2c1NC(CNc1ccccc1)CN2,459.46300000000025,-0.25769999999999715,202.76999999999995,7,9,9,3,2,0.35,33
CHEMBL1206300,CCCSc1ccc2c(c1)nc(NC(=O)OC)n2COP(=O)(O)O,0,c1ccc2[nH]cnc2c1,375.3430000000001,2.783500000000001,122.91,3,6,7,2,2,0.38461538461538464,24
CHEMBL1306126,Cc1cccc(NC(=O)c2cnn(-c3ccccc3)c2C)c1C,0,O=C(Nc1ccccc1)c1cnn(-c2ccccc2)c1,305.38100000000014,4.0498600000000025,46.92,1,2,3,3,3,0.15789473684210525,23
CHEMBL243267,COc1ccccc1NC(=O)N1CCC(CNc2cccc(-c3sc(C(=O)O)c(OCC(=O)O)c3Br)c2)CC1,0,O=C(Nc1ccccc1)N1CCC(CNc2cccc(-c3cccs3)c2)CC1,618.5060000000001,5.703800000000005,137.43,4,7,10,4,3,0.2962962962962963,39
CHEMBL1770,c1ccc([C@H]2CN3CCSC3=N2)cc1,1,c1ccc(C2CN3CCSC3=N2)cc1,204.298,2.1460999999999997,15.6,0,3,1,3,1,0.36363636363636365,14
CHEMBL465,CCCCCc1cc(O)c2c(c1)OC(C)(C)[C@@H]1CCC(C)=C[C@@H]21,1,C1=CC2c3ccccc3OCC2CC1,314.46900000000005,5.735800000000006,29.46,1,2,4,3,1,0.6190476190476191,23
CHEMBL129,Cc1cn([C@H]2C[C@H](N=[N+]=[N-])[C@@H](CO)O2)c(=O)[nH]c1=O,1,O=c1ccn(C2CCCO2)c(=O)[nH]1,267.245,-0.19628000000000012,133.07999999999998,2,5,3,2,1,0.6,19
CHEMBL38827,CCCCN(CCCC)CC(O)c1cc(Cl)cc2c1-c1ccc(Cl)cc1/C2=C/c1ccc(Cl)cc1,1,C(=C1c2ccccc2-c2ccccc21)c1ccccc1,528.9510000000001,9.151699999999998,23.47,1,2,10,4,3,0.3333333333333333,35
CHEMBL1200814,CC(=O)Nc1nnc(S(N)(=O)=O)s1,1,c1nncs1,222.251,-0.8561000000000003,115.03999999999999,2,6,2,1,1,0.25,13
CHEMBL1534,Cc1cc2nc3c(=O)[nH]c(=O)nc-3n(C[C@H](O)[C@H](O)[C@H](O)CO)c2cc1C,1,O=c1nc2[nH]c3ccccc3nc-2c(=O)[nH]1,376.36900000000014,-1.7235599999999989,161.56,5,8,5,3,1,0.4117647058823529,27
CHEMBL1472390,COCCCNC(=O)/C=C/c1ccc(Cl)cc1,0,c1ccccc1,253.72900000000004,2.5059000000000005,38.33,1,2,6,1,1,0.3076923076923077,17
CHEMBL285938,O=CN(O)CC1Sc2ccccc2NC1=O,0,O=C1CSc2ccccc2N1,238.26800000000003,0.9469999999999998,69.64000000000001,2,4,3,2,1,0.2,16
CHEMBL3961225,O=C1NC(=O)/C(=C/c2cnn3c(NC4CC4)nc(NC(Cn4ccnc4)c4ccccc4)nc23)N1,0,O=C1NC(=O)C(=Cc2cnn3c(NC4CC4)nc(NC(Cn4ccnc4)c4ccccc4)nc23)N1,470.49700000000007,1.9287999999999987,143.16,4,8,8,6,4,0.21739130434782608,35
CHEMBL75000,O=C(Nc1ccccc1Cl)N(Cc1ccccc1)Cc1ccccc1,0,O=C(Nc1ccccc1)N(Cc1ccccc1)Cc1ccccc1,350.84900000000005,5.5743000000000045,32.34,1,1,5,3,3,0.09523809523809523,25
CHEMBL3087544,O=C(NC(=S)Nc1cccc(Cl)c1)c1ccccc1,0,O=C(NC(=S)Nc1ccccc1)c1ccccc1,290.77500000000003,3.466800000000001,41.13,2,2,2,2,2,0.0,19
CHEMBL1864664,Cc1cc(O)c2c(N(C)C)cccc2n1,0,c1ccc2ncccc2c1,202.257,2.31482,36.36,1,3,1,2,2,0.25,15
CHEMBL1413,Cc1cc(C2CCCCC2)n(O)c(=O)c1,1,O=c1cccc(C2CCCCC2)[nH]1,207.273,2.4417199999999992,42.230000000000004,1,2,1,2,1,0.5833333333333334,15
CHEMBL1201220,CC(=O)Nc1c(I)c(NC(C)=O)c(I)c(C(=O)O)c1I,1,c1ccccc1,613.9150000000002,3.1154,95.50000000000001,3,3,3,1,1,0.18181818181818182,20
CHEMBL1198857,OCc1cc([C@@H](O)CNCCCCCCOCCOCc2c(Cl)cccc2Cl)ccc1O,1,c1ccc(CCNCCCCCCOCCOCc2ccccc2)cc1,486.43600000000015,4.608100000000005,91.18,4,6,16,2,2,0.5,32
CHEMBL1599041,COCCCN=C(S)N1CCN(S(C)(=O)=O)CC1,0,C1CNCCN1,295.4300000000001,-0.11409999999999965,62.21,1,4,5,1,0,0.9,18
CHEMBL4297522,CCN1C(=O)N(c2c(F)c(OC)cc(OC)c2F)Cc2cnc3[nH]c(CN4CCOCC4)cc3c21,1,O=C1Nc2c(cnc3[nH]c(CN4CCOCC4)cc23)CN1c1ccccc1,487.5070000000004,3.6570000000000027,83.16,1,6,6,5,3,0.4166666666666667,35
CHEMBL1200636,CN(C)CCC=C1c2ccccc2C=Cc2ccccc21,1,C=C1c2ccccc2C=Cc2ccccc21,275.39500000000004,4.553800000000004,3.24,0,1,3,3,2,0.2,21
CHEMBL296306,OC[C@H]1O[C@@H](O[C@@H]2[C@@H](CO)O[C@](O)(CO)[C@H]2O)[C@H](O)[C@@H](O)[C@H]1O,1,C1CCC(OC2CCOC2)OC1,342.29699999999997,-5.395599999999993,189.52999999999997,8,11,5,2,0,1.0,23
CHEMBL2181074,COc1nc2c(cc1S(=O)(=O)c1ccccc1)CCc1cn(C)cc1-2,0,O=S(=O)(c1ccccc1)c1cnc2c(c1)CCc1c[nH]cc1-2,354.43100000000015,3.0271000000000017,61.19,0,4,3,4,3,0.21052631578947367,25
CHEMBL1200398,Clc1ccc(CCC(Cn2ccnc2)Sc2c(Cl)cccc2Cl)cc1,1,c1ccc(CCC(Cn2ccnc2)Sc2ccccc2)cc1,411.7850000000001,6.637000000000003,17.82,0,2,7,3,3,0.21052631578947367,25
CHEMBL3504855,Cn1nccc1CN1CCOC(c2cccc(-c3cncnc3)n2)C1,0,c1cc(-c2cncnc2)nc(C2CN(Cc3ccn[nH]3)CCO2)c1,336.39900000000006,1.8456,68.96000000000001,0,6,4,4,3,0.3333333333333333,25
CHEMBL3301607,O=C(Nc1nc2cccc(-c3ccc(CN4CCS(=O)(=O)CC4)cc3)n2n1)C1CC1,1,O=C(Nc1nc2cccc(-c3ccc(CN4CCS(=O)(=O)CC4)cc3)n2n1)C1CC1,425.5140000000002,1.9751999999999998,96.67,1,6,5,5,3,0.38095238095238093,30
CHEMBL1577,CN1C(CCl)Nc2cc(Cl)c(S(N)(=O)=O)cc2S1(=O)=O,1,O=S1(=O)NCNc2ccccc21,360.2440000000001,0.5983000000000003,109.57,2,5,2,2,1,0.3333333333333333,20
CHEMBL3262770,CC(=O)OC[C@H]1O[C@H](O[C@]2(COC(C)=O)O[C@H](CO)[C@@H](O)[C@@H]2OC(=O)/C=C/c2ccc(O)cc2)[C@H](O)[C@@H](O)[C@@H]1OC(C)=O,0,O=C(C=Cc1ccccc1)OC1CCOC1OC1CCCCO1,614.5530000000002,-1.7132999999999956,234.03999999999996,5,16,11,3,1,0.5555555555555556,43
CHEMBL1446650,CCN(CCCCOC(=O)c1ccc(OC)c(OC)c1)C(C)Cc1ccc(OC)cc1,1,O=C(OCCCCNCCc1ccccc1)c1ccccc1,429.5570000000002,4.6025000000000045,57.230000000000004,0,6,13,2,2,0.48,31
CHEMBL1201082,CNCCC(Oc1ccc(C(F)(F)F)cc1)c1ccccc1,1,c1ccc(COc2ccccc2)cc1,309.33099999999996,4.435000000000003,21.259999999999998,1,2,6,2,2,0.29411764705882354,22
CHEMBL1623954,C=CCOc1ccc(CN(C)CC(=O)Nc2ccccc2[N+](=O)[O-])cc1,0,O=C(CNCc1ccccc1)Nc1ccccc1,355.39400000000006,3.230100000000002,84.71,1,5,9,2,2,0.21052631578947367,26
CHEMBL3945554,N#Cc1ccc(N2CCN(c3cc(NC4CC4)n4ncc(/C=C5\NC(=O)NC5=O)c4n3)CC2)nc1,0,O=C1NC(=O)C(=Cc2cnn3c(NC4CC4)cc(N4CCN(c5ccccn5)CC4)nc23)N1,470.49700000000024,1.0771799999999994,143.57999999999998,3,9,5,6,3,0.30434782608695654,35
CHEMBL1417019,O=C1c2c(O)ccc(O)c2C(=O)c2c(NCCNCCO)ccc(NCCNCCO)c21,1,O=C1c2ccccc2C(=O)c2ccccc21,444.4880000000002,-0.13919999999999944,163.17999999999998,8,10,12,3,2,0.36363636363636365,32
CHEMBL3989866,O=C(NCc1c(F)cc(F)cc1F)c1cn2c(c(O)c1=O)C(=O)N1[C@H]3CC[C@H](C3)O[C@@H]1C2,1,O=C(NCc1ccccc1)c1cn2c(cc1=O)C(=O)N1C3CCC(C3)OC1C2,449.3850000000003,1.6343999999999999,100.87,2,5,3,5,2,0.38095238095238093,32
CHEMBL1466,O=c1oc2ccccc2c(O)c1Cc1c(O)c2ccccc2oc1=O,1,O=c1oc2ccccc2cc1Cc1cc2ccccc2oc1=O,336.29900000000004,2.9014000000000006,100.88,2,6,2,4,4,0.05263157894736842,25
CHEMBL3759673,Cc1cc(C#N)cc(C)c1Oc1cc(NCC2CCCO2)nc(Nc2ccc(C#N)cc2)c1,0,c1ccc(Nc2cc(Oc3ccccc3)cc(NCC3CCCO3)n2)cc1,439.5190000000001,5.568600000000004,102.99000000000001,2,7,7,4,3,0.2692307692307692,33
CHEMBL3261331,CC(C)c1cc(Oc2c(Cl)cc(-n3nc(C#N)c(=O)[nH]c3=O)cc2Cl)n[nH]c1=O,1,O=c1ccc(Oc2ccc(-n3ncc(=O)[nH]c3=O)cc2)n[nH]1,435.2270000000001,2.0982800000000004,146.51999999999998,2,7,4,3,3,0.17647058823529413,29
CHEMBL806,CC(C)C(=O)Nc1ccc([N+](=O)[O-])c(C(F)(F)F)c1,1,c1ccccc1,276.21399999999994,3.2081000000000017,72.24,1,3,3,1,1,0.36363636363636365,19
CHEMBL265692,NC[C@H]1O[C@@H](O[C@H]([C@H]2O[C@@H](n3ccc(=O)[nH]c3=O)[C@H](O)[C@@H]2O)[C@H](N)C(=O)N[C@H](COC(=O)c2ccc(-c3ccccc3)cc2)C(=O)O)[C@H](O)[C@@H]1O,0,O=C(CC(OC1CCCO1)C1CCC(n2ccc(=O)[nH]c2=O)O1)NCCOC(=O)c1ccc(-c2ccccc2)cc1,715.6690000000004,-3.63289999999999,308.21,9,15,13,5,3,0.40625,51
CHEMBL3732561,O=C(c1ccc(NS(=O)(=O)c2cccc3cccnc23)cc1)N1CCC(O)(Cc2cccc(C(F)(F)F)c2)CC1,0,O=C(c1ccc(NS(=O)(=O)c2cccc3cccnc23)cc1)N1CCC(Cc2ccccc2)CC1,569.6050000000001,5.264200000000005,99.6,2,5,6,5,4,0.2413793103448276,40
CHEMBL2105735,C=C[C@@H]1C[C@]1(NC(=O)[C@@H]1C[C@@H](Oc2ncc(OC)c3ccc(Cl)cc23)CN1C(=O)[C@@H](NC(=O)OC(C)(C)C)C(C)(C)C)C(=O)NS(=O)(=O)C1CC1,1,O=C(NC1(C(=O)NS(=O)(=O)C2CC2)CC1)C1CC(Oc2nccc3ccccc23)CN1,748.299,3.8538000000000023,182.33,3,10,11,5,2,0.5714285714285714,51
CHEMBL1201338,CN(C)CCOC(=O)C(c1ccccc1)C1(O)CCCC1,1,c1ccc(CC2CCCC2)cc1,291.39100000000013,2.1801000000000004,49.769999999999996,1,4,6,2,1,0.5882352941176471,21
CHEMBL3989960,CCO[C@H](COc1ccc(C(F)(F)F)cc1)CSc1ccc(OCC(=O)O)c(C)c1,1,c1ccc(OCCCSc2ccccc2)cc1,444.4710000000002,5.053420000000005,64.99000000000001,1,5,11,2,2,0.38095238095238093,30
CHEMBL4594246,CCC(CC)C(=O)OCOC(=O)C1=C(S[C@H]2CC[S+]([O-])C2)S[C@@H]2[C@@H]([C@@H](C)O)C(=O)N12,1,O=C1CC2SC(SC3CC[SH+]C3)=CN12,477.6260000000002,1.8019000000000003,116.2,1,9,9,3,0,0.7368421052631579,30
CHEMBL1201012,CC1(C)O[C@@H]2C[C@H]3[C@@H]4C[C@H](F)C5=CC(=O)CC[C@]5(C)[C@H]4[C@@H](O)C[C@]3(C)[C@]2(C(=O)CO)O1,1,O=C1C=C2CCC3C(CCC4C3CC3OCOC34)C2CC1,436.5200000000002,2.498700000000001,93.06,2,6,2,5,0,0.8333333333333334,31
CHEMBL3605666,CC(C)(C)NC(=O)C(c1cccnc1)N(C(=O)Cc1cccc2ccccc12)c1ccc(F)cc1,0,O=C(Cc1cccc2ccccc12)N(Cc1cccnc1)c1ccccc1,469.5600000000002,5.605600000000005,62.300000000000004,1,3,6,4,4,0.20689655172413793,35
CHEMBL1200703,CNC1=Nc2ccc(Cl)cc2C(c2ccccc2)=[N+]([O-])C1,1,C1=Nc2ccccc2C(c2ccccc2)=[NH+]C1,299.761,2.950700000000001,50.459999999999994,1,3,1,3,2,0.125,21
CHEMBL501594,O=C(N/N=C/c1ccco1)c1ccccc1,0,O=C(NN=Cc1ccco1)c1ccccc1,214.224,2.0435,54.6,1,3,3,2,2,0.0,16
CHEMBL1242836,CN1CCN(c2ccc(Nc3ncc([N+](=O)[O-])c(Nc4ccccc4C(N)=O)n3)cc2)CC1,0,c1ccc(Nc2ccnc(Nc3ccc(N4CCNCC4)cc3)n2)cc1,448.4870000000002,2.7227000000000006,142.55,3,9,7,4,3,0.22727272727272727,33
CHEMBL1523964,CN[C@@H](C)[C@H](O)c1ccccc1,1,c1ccccc1,165.236,1.3278999999999999,32.26,2,2,3,1,1,0.4,12
CHEMBL1718228,Cc1oc2ncn(C)c(=O)c2c1C(=O)NCCCN1CCCC(C)C1,0,O=C(NCCCN1CCCCC1)c1coc2nc[nH]c(=O)c12,346.43100000000015,1.6867199999999996,80.36999999999999,1,5,5,3,2,0.6111111111111112,25
CHEMBL1200425,C#CCN(C)Cc1ccccc1,1,c1ccccc1,159.232,1.7516,3.24,0,1,3,1,1,0.2727272727272727,12
CHEMBL3250242,CC(C)(C)NCC(O)COc1ccc(-c2ncc(-c3ccccn3)[nH]2)cc1,0,c1ccc(-c2ncc(-c3ccccn3)[nH]2)cc1,366.46500000000003,3.2665000000000015,83.06,3,5,7,3,3,0.3333333333333333,27
CHEMBL1494017,O=S(=O)(c1ccc(F)cc1)N1CCN(c2nc(-c3cccnc3)nc3ccccc23)CC1,0,O=S(=O)(c1ccccc1)N1CCN(c2nc(-c3cccnc3)nc3ccccc23)CC1,449.51100000000014,3.341800000000002,79.29,0,6,4,5,4,0.17391304347826086,32
CHEMBL4116118,CCOc1ccccc1C1CN(c2nc(-c3ccncc3)cc(=O)n2C)CCN1,0,O=c1cc(-c2ccncc2)nc(N2CCNC(c3ccccc3)C2)[nH]1,391.47500000000014,2.3918999999999997,72.28,1,6,5,4,3,0.3181818181818182,29
CHEMBL1442990,Cc1ccc(NC(=O)CSc2nc3ccccc3n2CC(=O)N2CCC(C)CC2)cc1C,0,O=C(CSc1nc2ccccc2n1CC(=O)N1CCCCC1)Nc1ccccc1,450.6080000000004,4.642440000000004,67.23,1,4,6,4,3,0.4,32
CHEMBL3966968,O=C(O[C@H]1CO[C@H]2OCC[C@H]21)N1CC[C@](c2ccc(C(F)(C(F)(F)F)C(F)(F)F)cc2)(S(=O)(=O)c2ccc(F)cc2)C1,0,O=C(OC1COC2OCCC12)N1CCC(c2ccccc2)(S(=O)(=O)c2ccccc2)C1,629.5219999999999,5.388000000000005,82.14000000000001,0,6,5,5,2,0.5,42
CHEMBL1129,O=c1[nH]c(=O)n([C@H]2C[C@H](O)[C@@H](CO)O2)cc1C(F)(F)F,1,O=c1ccn(C2CCCO2)c(=O)[nH]1,296.20099999999996,-0.8039000000000001,104.55000000000001,3,5,2,2,1,0.6,20
CHEMBL258918,C[C@H]1CC(=O)C[C@@H]2CC[C@H]3[C@@H]4CC[C@H](O)[C@@]4(C)CC[C@@H]3[C@]21C,1,O=C1CCC2C(CCC3C4CCCC4CCC23)C1,304.47400000000005,4.205100000000003,37.3,1,2,0,4,0,0.95,22
CHEMBL4097192,Cc1c(C#N)ccnc1O[C@@H]1CC[C@@H](C)N(C(=O)c2ccccc2C2CC2)C1,0,O=C(c1ccccc1C1CC1)N1CCCC(Oc2ccccn2)C1,375.47200000000015,4.211200000000003,66.22,0,4,4,4,2,0.43478260869565216,28
CHEMBL1729645,COc1ccc2oc(C(=O)OCC(=O)N3CCN(S(=O)(=O)c4ccc(C)cc4)CC3)c(C)c2c1,0,O=C(OCC(=O)N1CCN(S(=O)(=O)c2ccccc2)CC1)c1cc2ccccc2o1,486.5460000000002,2.748140000000001,106.35999999999999,0,7,6,4,3,0.3333333333333333,34
CHEMBL1201098,CO[C@@]1(NC(=O)C2SC(=C(C(N)=O)C(=O)O)S2)C(=O)N2C(C(=O)O)=C(CSc3nnnn3C)CS[C@@H]21,1,C=C1SC(C(=O)NC2C(=O)N3C=C(CSc4nnn[nH]4)CSC23)S1,575.6320000000002,-1.3974999999999984,219.92999999999995,4,13,9,4,1,0.4117647058823529,36
CHEMBL1317333,COc1ccccc1CNC(=O)c1c2c(nc3ccccc13)C(=O)N(C1CCCCC1)C2,0,O=C(NCc1ccccc1)c1c2c(nc3ccccc13)C(=O)N(C1CCCCC1)C2,429.5200000000003,4.4619000000000035,71.52999999999999,1,4,5,5,3,0.34615384615384615,32
CHEMBL335779,O=C(N[C@H](Cc1ccc(Cl)cc1)C(=O)N1CCC(Cn2cncn2)(C2CCCCC2)CC1)C1CNC1,0,O=C(NC(Cc1ccccc1)C(=O)N1CCC(Cn2cncn2)(C2CCCCC2)CC1)C1CNC1,513.0860000000005,3.067500000000001,92.15,2,5,8,5,2,0.6296296296296297,36
CHEMBL1483,CCCSc1ccc2[nH]c(NC(=O)OC)nc2c1,1,c1ccc2[nH]cnc2c1,265.33799999999997,3.2433000000000005,67.01,2,4,4,2,2,0.3333333333333333,18
CHEMBL1200873,Cc1ccc(N(CC2=NCCN2)c2cccc(O)c2)cc1,1,c1ccc(N(CC2=NCCN2)c2ccccc2)cc1,281.35900000000004,2.840420000000001,47.86,2,4,4,3,2,0.23529411764705882,21
CHEMBL3260419,Cc1oc(C(=O)O)cc1COc1ccc(-c2ccccc2)cc1,0,c1ccc(-c2ccc(OCc3ccoc3)cc2)cc1,308.33299999999997,4.532220000000003,59.67,1,3,5,3,3,0.10526315789473684,23
CHEMBL1452696,CC(C)=CCC1C(=O)N(c2ccccc2)N(c2ccccc2)C1=O,1,O=C1CC(=O)N(c2ccccc2)N1c1ccccc1,320.3920000000001,3.9539000000000026,40.620000000000005,0,2,4,3,2,0.2,24
CHEMBL308455,CCCc1nn(-c2cccc(OC)c2)c2ncnc(N/N=C/c3ccncc3)c12,0,C(=NNc1ncnc2c1cnn2-c1ccccc1)c1ccncc1,387.44700000000006,3.617600000000002,90.11,1,7,7,4,4,0.19047619047619047,29
CHEMBL1209411,CCOC(=O)c1ccc(NC(=O)c2cc3cccc(O)c3oc2=O)cc1,0,O=C(Nc1ccccc1)c1cc2ccccc2oc1=O,353.3300000000001,2.927600000000001,105.84,2,6,4,3,3,0.10526315789473684,26
CHEMBL413965,O=C(O)Cc1ccc(-c2ccccc2)cc1,1,c1ccc(-c2ccccc2)cc1,212.24800000000002,2.9807000000000015,37.3,1,1,3,2,2,0.07142857142857142,16
CHEMBL1200444,CC(C)(C)NCC(O)c1ccc(O)c(CO)n1,1,c1ccncc1,240.303,0.7009999999999998,85.61,4,5,4,1,1,0.5833333333333334,17
CHEMBL4086828,O=C1CCc2ccc(OCCCCCN3CCN(c4ccccn4)CC3)cc2N1,0,O=C1CCc2ccc(OCCCCCN3CCN(c4ccccn4)CC3)cc2N1,394.51900000000006,3.337600000000002,57.7,1,5,8,4,2,0.4782608695652174,29
CHEMBL1201165,C#C[C@]1(O)CC[C@H]2[C@@H]3CCc4cc(OC5CCCC5)ccc4[C@H]3CC[C@@]21C,1,c1cc2c(cc1OC1CCCC1)CCC1C2CCC2CCCC21,364.52900000000017,5.228400000000006,29.46,1,2,2,5,1,0.68,27
CHEMBL1201232,CC(C)[N+](C)(CCC(C(N)=O)(c1ccccc1)c1ccccc1)C(C)C,1,c1ccc(Cc2ccccc2)cc1,353.5300000000001,4.111500000000003,43.09,1,1,8,2,2,0.43478260869565216,26
CHEMBL608546,CCCOC(=O)[C@@H]1C2CCC(C[C@@H]1OC(=O)c1ccccc1)N2C,0,O=C(OC1CC2CCC(C1)N2)c1ccccc1,331.412,2.647900000000001,55.84,0,5,5,3,1,0.5789473684210527,24
CHEMBL410828,CS(=O)(=O)N1CCN(S(C)(=O)=O)C(CN2CCC(c3cc(-c4ccncc4)c(-c4ccc(F)cc4)[nH]3)CC2)C1,0,c1ccc(-c2[nH]c(C3CCN(CC4CNCCN4)CC3)cc2-c2ccncc2)cc1,575.7320000000001,2.9676000000000027,106.68,1,6,7,5,3,0.4444444444444444,39
CHEMBL136207,CNC(=O)/C=C(\c1ccc(C)cc1)c1ccc2nc(N)c(-c3ccc(F)cc3)n2n1,0,C=C(c1ccccc1)c1ccc2ncc(-c3ccccc3)n2n1,401.4450000000001,3.603720000000001,85.31,2,4,4,4,4,0.08695652173913043,30
CHEMBL1520,CCCc1nc(C)c2c(=O)nc(-c3cc(S(=O)(=O)N4CCN(CC)CC4)ccc3OCC)[nH]n12,1,O=c1nc(-c2cccc(S(=O)(=O)N3CCNCC3)c2)[nH]n2cncc12,488.6140000000004,2.07042,112.9,1,7,8,4,3,0.5217391304347826,34
CHEMBL4176995,CCCOCc1cn(-c2ccccc2)nn1,0,c1ccc(-n2ccnn2)cc1,217.27200000000002,2.1939,39.94,0,3,5,2,2,0.3333333333333333,16
CHEMBL1087780,Nc1ccc(-c2cnn3c(-c4cccc(NC(=O)c5cccc(C(F)(F)F)c5)c4)ccnc23)cn1,0,O=C(Nc1cccc(-c2ccnc3c(-c4cccnc4)cnn23)c1)c1ccccc1,474.4460000000001,5.311600000000003,98.19999999999999,2,5,4,5,5,0.04,35
CHEMBL36583,CCN(CC)CCOC(=O)C(C)(c1ccccc1)c1ccc(OC(=O)NC)cc1,0,c1ccc(Cc2ccccc2)cc1,398.50300000000016,3.5958000000000023,67.86999999999999,1,5,9,2,2,0.391304347826087,29
CHEMBL4100755,C[C@@H](c1ccc(OC(F)F)cc1)N1CC[C@](CCC(N)=O)(c2ccc(F)cc2)OC1=O,0,O=C1OC(c2ccccc2)CCN1Cc1ccccc1,436.4300000000001,4.491400000000003,81.86000000000001,1,4,8,3,2,0.36363636363636365,31
CHEMBL193,COC(=O)C1=C(C)NC(C)=C(C(=O)OC)C1c1ccccc1[N+](=O)[O-],1,C1=CC(c2ccccc2)C=CN1,346.33900000000006,2.1756,107.77000000000001,1,7,4,2,1,0.29411764705882354,25
CHEMBL444521,COc1ccc(NC(=S)NN)cc1,0,c1ccccc1,197.263,0.8552999999999998,59.31,3,3,2,1,1,0.125,13
CHEMBL242740,COc1c(O)cc2occ(-c3ccc(O)cc3)c(=O)c2c1O,0,O=c1c(-c2ccccc2)coc2ccccc12,300.266,2.5854000000000004,100.13000000000001,3,6,2,3,3,0.0625,22
CHEMBL533427,Cc1ccc(C(=O)Nc2ccc(Cl)c(N3CCN(CCc4ccccc4)CC3)c2)cc1,0,O=C(Nc1cccc(N2CCN(CCc3ccccc3)CC2)c1)c1ccccc1,433.98300000000023,5.265420000000004,35.580000000000005,1,3,6,4,3,0.2692307692307692,31
CHEMBL3137309,CC1(C)CCC(CN2CCN(c3ccc(C(=O)NS(=O)(=O)c4ccc(NCC5CCOCC5)c([N+](=O)[O-])c4)c(Oc4cnc5[nH]ccc5c4)c3)CC2)=C(c2ccc(Cl)cc2)C1,1,O=C(NS(=O)(=O)c1ccc(NCC2CCOCC2)cc1)c1ccc(N2CCN(CC3=C(c4ccccc4)CCCC3)CC2)cc1Oc1cnc2[nH]ccc2c1,868.457,8.659900000000006,172.03,3,11,13,8,5,0.37777777777777777,61
CHEMBL1415667,COc1ccc(-c2ccc(C3C4C=CCCC4(C)C(=O)N3Cc3ccccc3)c(F)c2)cc1OC,0,O=C1C2CCC=CC2C(c2ccc(-c3ccccc3)cc2)N1Cc1ccccc1,471.5720000000002,6.565900000000006,38.769999999999996,0,3,6,5,3,0.3,35
CHEMBL1200788,COc1cc(N)c(Cl)cc1C(=O)NC1CCN(CCCOc2ccc(F)cc2)CC1OC,1,O=C(NC1CCN(CCCOc2ccccc2)CC1)c1ccccc1,465.9530000000003,3.358100000000002,86.05,2,6,9,3,2,0.43478260869565216,32
CHEMBL3487994,Cc1cnn(CC(C)NCC(=O)NCCOc2ccccc2)c1,0,O=C(CNCCn1cccn1)NCCOc1ccccc1,316.405,1.3648199999999995,68.18,2,4,9,2,2,0.4117647058823529,23
CHEMBL660,NC12CC3CC(CC(C3)C1)C2,1,C1C2CC3CC1CC(C2)C3,151.253,1.9139,26.02,1,1,0,4,0,1.0,11
CHEMBL1922150,O=C1c2cc3c(cc2[C@@H]2[C@H](O)[C@@H](O)[C@H](O)C4=CCN1[C@H]42)OCO3,0,O=C1c2cc3c(cc2C2CCCC4=CCN1C42)OCO3,317.2970000000001,-0.6404000000000007,99.46000000000001,3,6,0,5,1,0.4375,23
CHEMBL1593719,NC(=O)NNc1ccccc1,1,c1ccccc1,151.16899999999998,0.6818,67.15,3,2,2,1,1,0.0,11
CHEMBL3545185,O=C(/C=C\n1cnc(-c2cc(C(F)(F)F)cc(C(F)(F)F)c2)n1)NNc1cnccn1,1,O=C(C=Cn1cnc(-c2ccccc2)n1)NNc1cnccn1,443.311,3.386700000000001,97.62,2,6,5,3,3,0.11764705882352941,31
CHEMBL125303,CN(NC(=O)C(=O)c1cn(C)c2ccc([N+](=O)[O-])cc12)c1ccccc1,0,O=C(NNc1ccccc1)C(=O)c1c[nH]c2ccccc12,352.35,2.4368,97.48,1,5,5,3,3,0.1111111111111111,26
CHEMBL1596843,O=C(CSc1nccn1-c1cccc(Cl)c1)Nc1ccc2c(c1)OCO2,0,O=C(CSc1nccn1-c1ccccc1)Nc1ccc2c(c1)OCO2,387.8480000000001,3.9852000000000025,65.38000000000001,1,5,5,4,3,0.1111111111111111,26
CHEMBL557125,C[C@H](CCCCC(=O)NCCCN1CCCC1=O)O[C@@H]1O[C@@H](C)[C@H](O)C[C@H]1O,0,O=C(CCCCCOC1CCCCO1)NCCCN1CCCC1=O,400.5160000000001,0.9373000000000007,108.33000000000001,3,6,11,2,0,0.9,28
CHEMBL146035,CCOC1(OCC)C=CC(=O)C=C1c1nc2ccccc2s1,0,O=C1C=CCC(c2nc3ccccc3s2)=C1,315.394,3.587900000000003,48.42,0,5,5,3,2,0.29411764705882354,22
CHEMBL1079732,Cc1cn(Cc2ccc(Cl)cc2Cl)c2c(-c3nc(NS(=O)(=O)c4cc(Cl)c(Cl)s4)no3)cc(F)cc12,0,O=S(=O)(Nc1noc(-c2cccc3ccn(Cc4ccccc4)c23)n1)c1cccs1,606.315,7.663020000000002,90.02,1,6,6,5,5,0.09090909090909091,36
CHEMBL4279705,CC(C)(C)OC(=O)N1CCC2(CCc3cc(-c4ccc(CS(=O)(=O)Cc5ccncc5)cc4)ccc3O2)CC1,0,O=S(=O)(Cc1ccncc1)Cc1ccc(-c2ccc3c(c2)CCC2(CCNCC2)O3)cc1,548.705,5.958300000000007,85.8,0,6,5,5,3,0.41935483870967744,39
CHEMBL700,Nc1ccc(S(=O)(=O)Nc2ccccn2)cc1,1,O=S(=O)(Nc1ccccn1)c1ccccc1,249.29500000000004,1.4646000000000001,85.08,2,4,3,2,2,0.0,17
CHEMBL3800383,COc1ccc(Cn2c([C@@H](N)Cc3c[nH]c4ccccc34)nnc2[C@@H](Cc2c[nH]c3ccccc23)NC(=O)C(C)(C)N)cc1,0,c1ccc(Cn2c(CCc3c[nH]c4ccccc34)nnc2CCc2c[nH]c3ccccc23)cc1,590.7320000000001,4.677400000000003,152.66,5,6,11,6,6,0.2647058823529412,44
CHEMBL3306364,Cc1cc(OCC[N+](C)(C)Cc2ccc([N+](=O)[O-])o2)c(C(C)C)cc1Cl,0,c1ccc(OCC[NH2+]Cc2ccco2)cc1,381.8800000000001,4.928420000000005,65.51,0,4,8,2,2,0.47368421052631576,26
CHEMBL2058967,O=C([C@@H]1C[C@H](N2CCN(c3nc4ccccc4o3)CC2)CN1)N1CCSC1,0,O=C(C1CC(N2CCN(c3nc4ccccc4o3)CC2)CN1)N1CCSC1,387.50900000000024,1.2132,64.85000000000001,1,7,3,5,2,0.5789473684210527,27
CHEMBL3718411,CC(=O)c1ccc(OC2CCN(c3nc4cnccc4nc3NC3CC3)CC2)cc1,0,c1ccc(OC2CCN(c3nc4cnccc4nc3NC3CC3)CC2)cc1,403.48600000000016,3.8495000000000026,80.24000000000001,1,7,6,5,3,0.391304347826087,30
CHEMBL1082,CC1(C)S[C@@H]2[C@H](NC(=O)[C@H](N)c3ccc(O)cc3)C(=O)N2[C@H]1C(=O)O,1,O=C(Cc1ccccc1)NC1C(=O)N2CCSC12,365.4110000000001,0.023700000000000443,132.96,4,6,4,3,1,0.4375,25
CHEMBL374731,Cc1cn([C@@H]2C[C@@H](O)[C@H](CO)O2)c(=O)[nH]c1=O,1,O=c1ccn(C2CCCO2)c(=O)[nH]1,242.23099999999997,-1.5142799999999992,104.54999999999998,3,5,2,2,1,0.6,17
CHEMBL1255654,CCCCNc1ccc(C(=O)OCCN(C)C)cc1,1,c1ccccc1,264.3689999999999,2.617000000000001,41.57,1,4,8,1,1,0.5333333333333333,19
CHEMBL1201729,CCCCc1oc2ccc(NS(C)(=O)=O)cc2c1C(=O)c1ccc(OCCCN(CCCC)CCCC)cc1,1,O=C(c1ccccc1)c1coc2ccccc12,556.7690000000005,7.0490000000000075,88.85,1,6,18,3,3,0.5161290322580645,39
CHEMBL3181832,COc1cccc(OC)c1C(=O)N[C@@H]1C(=O)N2[C@@H]1SC(C)(C)[C@@H]2C(=O)O,1,O=C(NC1C(=O)N2CCSC12)c1ccccc1,380.42200000000014,0.9490999999999996,105.17,2,6,5,3,1,0.47058823529411764,26
CHEMBL1200761,COc1ccc(C(Cl)=C(c2ccc(OC)cc2)c2ccc(OC)cc2)cc1,1,C(=C(c1ccccc1)c1ccccc1)c1ccccc1,380.8710000000001,5.867800000000005,27.69,0,3,6,3,3,0.13043478260869565,27
CHEMBL1200853,CC(=O)[C@H]1CC[C@H]2[C@@H]3C=CC4=CC(=O)CC[C@@]4(C)[C@@H]3CC[C@]12C,1,O=C1C=C2C=CC3C4CCCC4CCC3C2CC1,312.4530000000001,4.499500000000004,34.14,0,2,1,4,0,0.7142857142857143,23
CHEMBL1471671,CCOC(=O)c1c(C=O)c(C)n(Cc2ccc(Cl)cc2)c1C,0,c1ccc(Cn2cccc2)cc1,319.788,3.7958400000000028,48.300000000000004,0,3,5,2,2,0.29411764705882354,22
CHEMBL3480110,C[C@@H]1CN(c2nc3c(cc2C(N)=O)CCC3)C[C@]1(C)O,0,c1cc2c(nc1N1CCCC1)CCC2,275.3519999999999,0.8763000000000003,79.45,2,4,2,3,1,0.6,20
CHEMBL505586,CC(=O)C1=CO[C@H]2C[C@H]3[C@@H]4CC=C5C[C@@H](O)C[C@@H](O[C@@H]6OC[C@H](O)[C@H](O)[C@H]6O[C@@H]6O[C@@H](C)[C@H](O)[C@@H](O)[C@H]6O)[C@]5(C)[C@H]4CC[C@]3(C)[C@@H]12,0,C1=CC2C(CC3C2CCC2C3CC=C3CCCC(OC4OCCCC4OC4CCCCO4)C32)O1,650.7620000000001,0.6938000000000017,184.6,6,12,5,7,0,0.8529411764705882,46
CHEMBL3098245,CCCSc1nc(N[C@@H]2C[C@H]2c2ccc(F)c(F)c2)c2nnn([C@H]3[C@H](O)[C@H](O)[C@]4(CO)C[C@H]34)c2n1,0,c1ccc(C2CC2Nc2ncnc3c2nnn3C2CCC3CC32)cc1,504.5630000000002,2.2447,129.21,4,9,8,6,3,0.5652173913043478,35
CHEMBL4286203,CC(C)C[C@H](NC(=O)OC(C)(C)C)C(=O)N1CCC[C@@H]1C(=O)N1C(C(=O)OCCc2ccccc2)C1C(=O)OCCc1ccccc1,0,O=C(OCCc1ccccc1)C1C(C(=O)OCCc2ccccc2)N1C(=O)C1CCCN1,649.7850000000002,4.068000000000003,131.32000000000002,1,8,13,4,2,0.5277777777777778,47
CHEMBL1582045,COc1ccccc1C1c2c(C)nn(-c3ccccc3)c2NC(=O)C1NC(=O)c1ccccc1,0,O=C(NC1C(=O)Nc2c(cnn2-c2ccccc2)C1c1ccccc1)c1ccccc1,452.5140000000001,4.071920000000001,85.25,2,4,5,5,4,0.14814814814814814,34
CHEMBL1200368,O=C(O)c1ccc(NC(=O)[C@H](Cc2ccc(O)cc2)NC(=O)c2ccccc2)cc1,1,O=C(NC(Cc1ccccc1)C(=O)Nc1ccccc1)c1ccccc1,404.4220000000001,3.0702000000000016,115.73000000000002,4,4,7,3,3,0.08695652173913043,30
CHEMBL47624,CC(C)C1=Cc2ccc3c(c2C(=O)C1=O)CCCCCC3,0,O=C1C=Cc2ccc3c(c2C1=O)CCCCCC3,282.383,4.150400000000004,34.14,0,2,1,3,1,0.47368421052631576,21
CHEMBL28318,Cc1c(C(C)C)c(=O)n(-c2ccccc2)n1C,1,O=c1cc[nH]n1-c1ccccc1,230.31100000000004,2.607820000000001,26.93,0,1,2,2,2,0.35714285714285715,17
CHEMBL1200963,CCNC(=O)CCC/C=C\C[C@@H]1[C@@H](/C=C/[C@@H](O)CCc2ccccc2)[C@H](O)C[C@@H]1O,1,C(=CC1CCCC1)CCCc1ccccc1,415.5740000000001,3.146900000000002,89.79,4,4,12,2,1,0.56,30
CHEMBL1200606,Cc1cccc(C)c1OCC(C)N,1,c1ccccc1,179.26299999999998,2.0294399999999997,35.25,1,2,3,1,1,0.45454545454545453,13
CHEMBL685,COC(=O)Nc1nc2cc(C(=O)c3ccccc3)ccc2[nH]1,1,O=C(c1ccccc1)c1ccc2[nH]cnc2c1,295.298,2.972200000000001,84.07999999999998,2,4,3,3,3,0.0625,22
CHEMBL3907816,Fc1ccc(/C=C/c2ccccc2F)c(F)c1,0,C(=Cc1ccccc1)c1ccccc1,234.21999999999997,4.274300000000002,0.0,0,0,2,2,2,0.0,17
CHEMBL1497,CCCCC(=O)O[C@]1(C(=O)CO)[C@@H](C)C[C@H]2[C@@H]3CCC4=CC(=O)C=C[C@]4(C)[C@@]3(F)[C@@H](O)C[C@@]21C,1,O=C1C=CC2C(=C1)CCC1C3CCCC3CCC21,476.58500000000026,3.6368000000000027,100.90000000000002,2,6,6,4,0,0.7407407407407407,34
CHEMBL27984,Cc1cc(-c2ccccc2F)cc(C)n1,0,c1ccc(-c2ccncc2)cc1,201.24399999999997,3.504540000000002,12.89,0,1,1,2,2,0.15384615384615385,15
CHEMBL1201102,CN(C)CCCN1c2ccccc2Sc2ccc(C(F)(F)F)cc21,1,c1ccc2c(c1)Nc1ccccc1S2,352.42500000000007,5.259800000000004,6.48,0,3,4,3,2,0.3333333333333333,24
CHEMBL1164528,O=C(NCCNC(=O)c1c(Cl)cccc1Cl)c1c(Cl)cccc1Cl,0,O=C(NCCNC(=O)c1ccccc1)c1ccccc1,406.0960000000001,4.460000000000002,58.2,2,2,5,2,2,0.125,24
CHEMBL1532,CCC1NC(=O)c2cc(S(N)(=O)=O)c(Cl)cc2N1,1,O=C1NCNc2ccccc21,289.74399999999997,0.8788000000000005,101.28999999999999,3,4,2,2,1,0.3,18
CHEMBL2106155,COc1ccc(C(=O)Nc2ccccc2CCC2CCCCN2C)cc1,1,O=C(Nc1ccccc1CCC1CCCCN1)c1ccccc1,352.4780000000001,4.364400000000003,41.57,1,3,6,3,2,0.4090909090909091,26
CHEMBL1200787,CC(COc1ccccc1)N(CCCl)Cc1ccccc1,1,c1ccc(CNCCOc2ccccc2)cc1,303.83299999999997,4.194900000000003,12.47,0,2,8,2,2,0.3333333333333333,21
CHEMBL1200962,CO/N=C(\C(=O)N[C@@H]1C(=O)N2C(C(=O)O)=C(C[N+]3(C)CCCC3)CS[C@H]12)c1csc(N)n1,1,N=C(C(=O)NC1C(=O)N2C=C(C[NH+]3CCCC3)CSC12)c1cscn1,481.58000000000027,0.054800000000001625,147.20999999999998,3,9,7,4,1,0.5263157894736842,32
CHEMBL2086522,C=CC(=O)Nc1ccc(S(=O)(=O)N2CCN(C(=O)C3CC3)CC2)cc1,0,O=C(C1CC1)N1CCN(S(=O)(=O)c2ccccc2)CC1,363.43900000000014,1.0539999999999994,86.78999999999999,1,4,5,3,1,0.4117647058823529,25
CHEMBL1593761,CCS(=O)(=O)c1nc(S(=O)(=O)c2ccc(C)cc2)c(NCC(C)C)s1,0,O=S(=O)(c1ccccc1)c1cscn1,402.56300000000016,3.1458200000000023,93.19999999999999,1,7,7,2,2,0.4375,25
CHEMBL3137333,CNCC(=O)OCc1cccnc1N(C)C(=O)OC(C)[n+]1cnn(C[C@](O)(c2cc(F)ccc2F)[C@@H](C)c2nc(-c3ccc(C#N)cc3)cs2)c1,1,O=C(Nc1ccccn1)OC[n+]1cnn(CC(Cc2nc(-c3ccccc3)cs2)c2ccccc2)c1,717.7789999999999,4.584580000000004,159.37,2,11,13,5,5,0.2857142857142857,51
CHEMBL606301,Cc1cn(C2C[C@H](O)[C@@H](COP(=O)(O)CP(=O)(O)OP(=O)(O)OP(=O)(O)OC[C@H]3OC(n4cnc5c(N)ncnc54)[C@H](O)[C@@H]3O)O2)c(=O)[nH]c1=O,0,O=c1ccn(C2CCC(CO[PH](=O)C[PH](=O)O[PH](=O)O[PH](=O)OCC3CCC(n4cnc5cncnc54)O3)O2)c(=O)[nH]1,809.4049999999999,-1.8697799999999982,389.74999999999994,9,19,14,5,3,0.5714285714285714,51
CHEMBL260581,O=P(O)(O)C(O)(CCc1ccc(-c2cccc3c2oc2ccccc23)cc1)P(=O)(O)O,0,c1ccc(-c2cccc3c2oc2ccccc23)cc1,462.33100000000013,4.1871000000000045,148.42999999999998,5,4,6,4,4,0.14285714285714285,31
CHEMBL578767,FC(F)(F)c1cccc(C2CNCCO2)c1,1,c1ccc(C2CNCCO2)cc1,231.21699999999996,2.3663,21.259999999999998,1,2,1,2,1,0.45454545454545453,16
CHEMBL3496070,CN(C)CC1CN(Cc2coc(-c3ccccc3Cl)n2)CCO1,0,c1ccc(-c2nc(CN3CCOCC3)co2)cc1,335.8350000000001,2.7574000000000005,41.74000000000001,0,5,5,3,2,0.47058823529411764,23
CHEMBL4650319,C=CC(=O)Nc1cc(Nc2ncc(C(=O)OC(C)C)c(-c3cn(C)c4ccccc34)n2)c(OC)cc1N(C)CCN(C)C,1,c1ccc(Nc2nccc(-c3c[nH]c4ccccc34)n2)cc1,585.709,5.075000000000005,113.85,2,9,12,4,4,0.3125,43
CHEMBL212289,O=C(O)COc1c(-c2ccccc2)csc1C(=O)O,0,c1ccc(-c2ccsc2)cc1,278.285,2.5767000000000007,83.83,2,4,5,2,2,0.07692307692307693,19
CHEMBL193240,O=C(Nc1c(Cl)cncc1Cl)c1ccc(OC(F)F)c(OCC2CC2)c1,1,O=C(Nc1ccncc1)c1cccc(OCC2CC2)c1,403.21200000000016,5.030900000000003,60.45,1,4,7,3,2,0.29411764705882354,26
CHEMBL563196,O=C(c1ccncc1)c1ccc(F)cc1,0,O=C(c1ccccc1)c1ccncc1,201.2,2.4517000000000007,29.96,0,2,2,2,2,0.0,15
CHEMBL341126,Cc1cc(OCC/C=N/N=C(N)N)cc(OS(=O)(=O)c2cccc(C)c2)c1,0,O=S(=O)(Oc1ccccc1)c1ccccc1,390.46500000000015,2.09924,129.35999999999999,2,6,8,2,2,0.2222222222222222,27
CHEMBL530,CC1(C)S[C@@H]2[C@H](/N=C/N3CCCCCC3)C(=O)N2[C@H]1C(=O)O,1,O=C1C(N=CN2CCCCCC2)C2SCCN12,325.4339999999999,1.4062000000000001,73.21000000000001,1,4,3,3,0,0.8,22
CHEMBL64894,CN(C)c1ccc(C(=C2C=CC(=[N+](C)C)C=C2)c2ccc(N(C)C)cc2)cc1,1,[N+]=C1C=CC(=C(c2ccccc2)c2ccccc2)C=C1,372.53600000000006,4.4596000000000044,9.49,0,2,4,3,2,0.24,28
CHEMBL3895783,Cc1c(N(Cc2cccc(OC(F)(F)F)c2)S(=O)(=O)CCCn2ccnc2)sc2ccccc12,0,O=S(=O)(CCCn1ccnc1)N(Cc1ccccc1)c1cc2ccccc2s1,509.5750000000002,5.731520000000005,64.43,0,5,9,4,4,0.2608695652173913,34
CHEMBL1093586,O=[N+]([O-])c1cc(-c2ccnc(-c3ccccc3)n2)cc(O)c1O,0,c1ccc(-c2ccnc(-c3ccccc3)n2)cc1,309.28100000000006,3.130000000000001,109.38000000000001,2,6,3,3,3,0.0,23
CHEMBL1201752,C/C(=C\c1csc(C)n1)[C@@H]1C[C@@H]2O[C@]2(C)CCC[C@H](C)[C@H](O)[C@@H](C)C(=O)C(C)(C)[C@@H](O)CC(=O)N1,1,O=C1CCCCCCC2OC2CC(C=Cc2cscn2)NC(=O)CCC1,506.7090000000003,4.050520000000002,112.05000000000001,3,7,2,3,1,0.7407407407407407,35
CHEMBL244088,O=C(O)c1ccc2c(c1)C1C=CCC1C(c1ccccc1C(F)(F)F)N2,0,C1=CC2c3ccccc3NC(c3ccccc3)C2C1,359.347,5.230100000000003,49.33,2,2,2,4,2,0.25,26
CHEMBL1201348,Cc1cc(OP(=O)(O)O)c2ccccc2c1OP(=O)(O)O,1,c1ccc2ccccc2c1,334.15700000000004,2.0912200000000016,133.52,4,4,4,2,2,0.09090909090909091,21
CHEMBL3221047,Cc1ccc(C23OC2C(=O)c2ccccc2C3=O)cc1,0,O=C1c2ccccc2C(=O)C2(c3ccccc3)OC12,264.28,2.6683200000000005,46.67,0,3,1,4,2,0.17647058823529413,20
CHEMBL690,CC[C@H](C)C(=O)O[C@H]1C[C@H](O)C=C2C=C[C@H](C)[C@H](CC[C@@H](O)C[C@@H](O)CC(=O)O)[C@H]21,1,C1=CC2=CCCCC2CC1,424.5340000000002,2.4404000000000003,124.29,4,6,10,2,0,0.7391304347826086,30
CHEMBL2105689,N#C/C(=C1/SC[C@@H](c2ccc(Cl)cc2Cl)S1)n1ccnc1,1,C(=C1SCC(c2ccccc2)S1)n1ccnc1,354.28700000000003,5.060880000000003,41.61,0,4,2,3,2,0.14285714285714285,21
CHEMBL1539,COc1ncnc(NS(=O)(=O)c2ccc(N)cc2)c1OC,1,O=S(=O)(Nc1ccncn1)c1ccccc1,310.33500000000004,0.8768,116.43,2,7,5,2,2,0.16666666666666666,21
CHEMBL2311741,COc1cccc(-c2cc(NC(C)=O)nc(-c3cccc(OC)c3)n2)c1,0,c1ccc(-c2ccnc(-c3ccccc3)n2)cc1,349.39000000000004,3.786200000000002,73.34,1,5,5,3,3,0.15,26
CHEMBL3184512,CCC[C@@H]1C[C@@H](C(=O)N[C@@H]([C@H]2O[C@H](SC)[C@H](OP(=O)(O)O)[C@@H](O)[C@H]2O)[C@H](C)Cl)N(C)C1,1,O=C(NCC1CCCCO1)C1CCCN1,504.97000000000014,0.5064999999999993,148.79000000000002,5,8,9,2,0,0.9444444444444444,31
CHEMBL156148,COc1cc2c(cc1OC)C[C@H](OC(C)=O)[C@@H](NCCC(c1ccccc1)c1ccccc1)C2,0,c1ccc(C(CCNC2CCc3ccccc3C2)c2ccccc2)cc1,459.5860000000002,4.914500000000005,56.790000000000006,1,5,9,4,3,0.3448275862068966,34
CHEMBL4303232,CN(C)CCn1nnnc1SCC1=C(C(=O)O)N2C(=O)[C@@H](NC(=O)Cc3csc(N)n3)[C@H]2SC1,1,O=C(Cc1cscn1)NC1C(=O)N2C=C(CSc3nnn[nH]3)CSC12,525.6420000000002,-0.653199999999996,172.45999999999998,3,12,10,4,2,0.5,34
CHEMBL4169552,CN(C)CCCNC(=O)c1c(N)[nH]c(C(=O)c2ccc(Br)cc2)c1-c1ccc(Br)cc1,0,O=C(c1ccccc1)c1[nH]ccc1-c1ccccc1,548.2790000000001,4.701400000000003,91.22,3,4,8,3,3,0.21739130434782608,31
CHEMBL2005801,CN(C)c1ccc2c(=O)c3ccccc3oc2n1,0,O=c1c2ccccc2oc2ncccc12,240.26199999999997,2.4072000000000005,46.34,0,4,1,3,3,0.14285714285714285,18
CHEMBL1395246,CC1CCN(S(=O)(=O)c2nnc(NC(=O)c3cccc(Br)c3)s2)CC1,0,O=C(Nc1nnc(S(=O)(=O)N2CCCCC2)s1)c1ccccc1,445.3640000000001,2.9735000000000014,92.25999999999999,1,6,4,3,2,0.4,25
CHEMBL3301612,COC(=O)N[C@@H](C)CNc1nccc(-c2cn(C(C)C)nc2-c2cc(Cl)cc(NS(C)(=O)=O)c2F)n1,1,c1ccc(-c2n[nH]cc2-c2ccncn2)cc1,540.0210000000002,3.908400000000002,140.13,3,8,9,3,3,0.36363636363636365,36
CHEMBL13376,COc1ccc2c(C(=O)c3ccc(Cl)cc3)c(C)n(CC(=O)O)c2c1,1,O=C(c1ccccc1)c1c[nH]c2ccccc12,357.7930000000001,3.9273200000000026,68.53,1,3,5,3,3,0.15789473684210525,25
CHEMBL3143673,O=C(N[C@@H](Cc1cccc2ccccc12)C(=O)N[C@@H](Cc1c[nH]cn1)C(=O)N[C@@H](Cc1ccccc1)[C@@H](O)CO)OCc1ccccc1,0,O=C(NC(Cc1cccc2ccccc12)C(=O)NC(Cc1c[nH]cn1)C(=O)NCCc1ccccc1)OCc1ccccc1,649.7480000000002,3.2086000000000006,165.67,6,7,15,5,5,0.24324324324324326,48
CHEMBL272967,COc1cc(CN2CCN(c3ccc(Cl)cc3)CC2)c(OCC[18F])cc1OC,0,c1ccc(CN2CCN(c3ccccc3)CC2)cc1,407.9039380000003,4.027700000000004,34.17,0,5,8,3,2,0.42857142857142855,28
CHEMBL177179,Cc1oc([C@@H](Cc2cn(C)c3ccccc23)NC(=O)[C@H](CC(C)C)NC(=O)CC2CCCCC2)nc1C(=O)O,0,O=C(CC1CCCCC1)NCC(=O)NC(Cc1c[nH]c2ccccc12)c1ncco1,536.6730000000005,5.074220000000004,126.46000000000002,3,5,11,4,3,0.5333333333333333,39
CHEMBL4297592,Cc1cccc(C)c1N(CC(=O)Nc1ccc(-c2ncon2)cc1)C(=O)C1CCS(=O)(=O)CC1,1,O=C(CN(C(=O)C1CCS(=O)(=O)CC1)c1ccccc1)Nc1ccc(-c2ncon2)cc1,482.5620000000003,3.1499400000000017,122.47,1,7,6,4,3,0.3333333333333333,34
CHEMBL1782057,CC(=O)OC[C@H]1O[C@H](OCCC(C)C)C=C([C@H](O)c2ccc([N+](=O)[O-])cc2[N+](=O)[O-])C1=O,0,O=C1COCC=C1Cc1ccccc1,452.4160000000002,2.3826,168.34000000000003,1,10,10,2,1,0.5,32
CHEMBL95157,CCCCCCCCCCOc1ccc(C(O)c2cccc(C(=O)O)c2)cc1,0,c1ccc(Cc2ccccc2)cc1,384.5160000000001,5.986000000000007,66.76,2,3,13,2,2,0.4583333333333333,28
CHEMBL2103875,CC(=O)Nc1cccc(-n2c(=O)n(C3CC3)c(=O)c3c(Nc4ccc(I)cc4F)n(C)c(=O)c(C)c32)c1,1,O=c1cc2c(c(Nc3ccccc3)[nH]1)c(=O)n(C1CC1)c(=O)n2-c1ccccc1,615.4029999999999,3.940120000000002,107.13,2,5,5,5,4,0.23076923076923078,37
CHEMBL605400,Cc1cc2cn([C@H]3C[C@H](O)[C@@H](CO)O3)c(=O)nc2o1,0,O=c1nc2occc2cn1C1CCCO1,266.253,-0.06138000000000032,97.72,2,6,2,3,2,0.5,19
CHEMBL2253270,O=C1COc2ccccc21,0,O=C1COc2ccccc21,134.13399999999996,1.2616999999999998,26.3,0,2,0,2,1,0.125,10
CHEMBL3707377,C=C1C[C@H]2[C@@H]3CCC4=CC(=O)CC[C@@H]4[C@H]3CC[C@]2(C)[C@@]1(OC(C)=O)C(C)=O,1,C=C1CC2CCC3C4CCC(=O)C=C4CCC3C2C1,370.4890000000001,4.185200000000004,60.440000000000005,0,4,2,4,0,0.6956521739130435,27
CHEMBL2273107,CCCCCCCCCCCC(=O)NCc1ccc(OC)cc1,0,c1ccccc1,319.48900000000003,5.232300000000005,38.33,1,2,13,1,1,0.65,23
CHEMBL3989850,CC1(C)C2CCC1(CS(=O)(=O)O)C(=O)C2=Cc1ccc(C=C2C(=O)C3(CS(=O)(=O)O)CCC2C3(C)C)cc1,1,O=C1C(=Cc2ccc(C=C3C(=O)C4CCC3C4)cc2)C2CCC1C2,562.7060000000004,4.239600000000003,142.87999999999997,2,6,6,5,1,0.5714285714285714,38
CHEMBL467733,Cc1ccc(S(=O)(=O)N[C@H](CC=O)C(C)C)cc1,0,c1ccccc1,269.366,1.8869200000000004,63.24,1,3,6,1,1,0.46153846153846156,18
CHEMBL3910185,CCO[C@@H]1CN(c2nc(-c3cccc(C)c3OCc3cc4c(c(OC)c3)CN(C3CCOCC3)CC4)cs2)CC[C@@H]1C(=O)O,0,c1ccc(-c2csc(N3CCCCC3)n2)c(OCc2ccc3c(c2)CCN(C2CCOCC2)C3)c1,621.8000000000004,5.559220000000005,93.59000000000002,1,9,10,6,3,0.5294117647058824,44
CHEMBL3444708,CS(=O)(=O)CC(=O)N1C[C@@H]2COC[C@]2(c2nnc(C3CC3)o2)C1,0,C1CC1c1nnc(C23CNCC2COC3)o1,341.3890000000001,-0.2819999999999987,102.60000000000001,0,7,4,4,1,0.7857142857142857,23
CHEMBL4303060,CCOC(=O)[C@H](Cc1ccc(F)cc1)NC(=O)[C@@H](N)Cc1ccc(N(CCCl)CCCl)cc1,1,O=C(CCc1ccccc1)NCCc1ccccc1,498.4260000000003,3.270100000000002,84.66,2,5,13,2,2,0.4166666666666667,33
CHEMBL2104793,CCCC(C(=O)c1ccc(C)cc1)N1CCCC1,1,O=C(CN1CCCC1)c1ccccc1,245.36599999999993,3.4422200000000025,20.310000000000002,0,2,5,2,1,0.5625,18
CHEMBL3500360,O=S(=O)(C1CC1)N1CCO[C@H]2[C@@H](Oc3cccnc3)CC[C@@H]21,0,O=S(=O)(C1CC1)N1CCOC2C(Oc3cccnc3)CCC21,324.4020000000001,1.184399999999999,68.73,0,5,4,4,1,0.6666666666666666,22
CHEMBL1439636,CCCC1=Nc2cc(C(=O)NCCCN3CCN(C)CC3)ccc2Sc2ccccc21,0,O=C(NCCCN1CCNCC1)c1ccc2c(c1)N=Cc1ccccc1S2,436.62500000000017,4.439400000000004,47.940000000000005,1,5,7,4,2,0.44,31
CHEMBL2042881,COc1ccc(CN(C)C(=O)c2cc3c(Cc4cccc(Cl)c4)n[nH]c3cc2O)cc1OC,0,O=C(NCc1ccccc1)c1ccc2[nH]nc(Cc3ccccc3)c2c1,465.9370000000001,4.802100000000006,87.68,2,5,7,4,4,0.2,33
CHEMBL803,Nc1ccn([C@@H]2O[C@H](CO)[C@@H](O)[C@@H]2O)c(=O)n1,1,O=c1ncccn1C1CCCO1,243.21900000000002,-2.563,130.82999999999998,4,7,2,2,1,0.5555555555555556,17
CHEMBL1200491,NC1=NCC2c3ccccc3Cc3ccccc3N12,1,C1=NCC2c3ccccc3Cc3ccccc3N12,249.31699999999998,2.4668,41.62,1,3,0,4,2,0.1875,19
CHEMBL1465703,CCOC(=O)N1CCN(C(=O)CC(=O)Nc2ccc3nc4n(c(=O)c3c2)CCCCC4)CC1,0,O=C(CC(=O)N1CCNCC1)Nc1ccc2nc3n(c(=O)c2c1)CCCCC3,455.51500000000044,1.7521999999999993,113.84,1,6,4,4,2,0.5217391304347826,33
CHEMBL3693762,Cc1cccnc1N(c1ccccc1)c1ccc(C(=O)N(C)CCCCCCC(=O)NO)cc1,0,c1ccc(N(c2ccccc2)c2ccccn2)cc1,460.5780000000004,5.387720000000004,85.77000000000001,2,5,11,3,3,0.2962962962962963,34
CHEMBL1256786,COc1ccc(CC(C)NCC(O)c2ccc(O)c(NC=O)c2)cc1,1,c1ccc(CCNCCc2ccccc2)cc1,344.41100000000006,2.2233,90.82,4,5,9,2,2,0.3157894736842105,25
CHEMBL2103743,C[C@@H]1CCN(C(=O)CC#N)C[C@@H]1N(C)c1ncnc2[nH]ccc12,1,c1nc(NC2CCCNC2)c2cc[nH]c2n1,312.377,1.5447799999999996,88.91,1,5,3,3,2,0.5,23
CHEMBL1619049,CCCN(CCC(=O)Nc1cc(OC)cc(OC)c1)CC1CC1,0,O=C(CCNCC1CC1)Nc1ccccc1,320.4330000000001,3.1544000000000016,50.80000000000001,1,4,10,2,1,0.6111111111111112,23
CHEMBL765,N=C(N)NCCN1CCCCCCC1,1,C1CCCNCCC1,198.31399999999994,0.7355699999999996,65.14,3,2,3,1,0,0.9,14
CHEMBL1200822,O=C(NCC1CCCCN1)c1cc(OCC(F)(F)F)ccc1OCC(F)(F)F,1,O=C(NCC1CCCCN1)c1ccccc1,414.34600000000006,3.4407000000000014,59.59,2,4,7,2,1,0.5882352941176471,28
CHEMBL51,O=C(c1ccc(F)cc1)C1CCN(CCn2c(=O)[nH]c3ccccc3c2=O)CC1,1,O=C(c1ccccc1)C1CCN(CCn2c(=O)[nH]c3ccccc3c2=O)CC1,395.43400000000014,2.423800000000001,75.17,1,4,5,4,3,0.3181818181818182,29
CHEMBL1909282,O=C(O)Cc1csc(-c2ccc(Cl)cc2)n1,1,c1ccc(-c2nccs2)cc1,253.71,3.090600000000001,50.19,1,3,3,2,2,0.09090909090909091,16
CHEMBL3360134,Cc1cnnn1-c1cc(F)ccc1CNC(=O)c1nc(C2CCOCC2)n(C)c(=O)c1O,0,O=C(NCc1ccccc1-n1ccnn1)c1cc(=O)[nH]c(C2CCOCC2)n1,442.4510000000003,1.33812,124.16000000000001,2,7,5,4,3,0.38095238095238093,32
CHEMBL3651654,COC(=O)N[C@@H](C)CNc1nccc(-c2nc(C3CC3)[nH]c2-c2cc(Cl)cc(NS(=O)(=O)c3cccc(F)c3)c2F)n1,0,O=S(=O)(Nc1cccc(-c2[nH]c(C3CC3)nc2-c2ccncn2)c1)c1ccccc1,618.0660000000003,5.299900000000004,150.99,4,8,10,5,4,0.25925925925925924,42
CHEMBL1200855,CC1(C)S[C@@H]2[C@H](NC(=O)[C@H](C(=O)O)c3ccsc3)C(=O)N2[C@H]1C(=O)O,1,O=C(Cc1ccsc1)NC1C(=O)N2CCSC12,384.4350000000001,0.5479999999999997,124.01,3,6,5,3,1,0.4666666666666667,25
CHEMBL1091,CC(=O)OCC(=O)[C@@]1(O)CC[C@H]2[C@@H]3CCC4=CC(=O)CC[C@]4(C)[C@H]3[C@@H](O)C[C@@]21C,1,O=C1C=C2CCC3C4CCCC4CCC3C2CC1,404.5030000000002,2.3524000000000003,100.90000000000002,2,6,3,4,0,0.782608695652174,29
CHEMBL1800159,CONC(=O)Nc1ccc(-c2sc3c(c2CN(C)C)c(=O)n(-c2ccc(OC)nn2)c(=O)n3Cc2c(F)cccc2F)cc1,1,O=c1c2cc(-c3ccccc3)sc2n(Cc2ccccc2)c(=O)n1-c1cccnn1,623.6420000000004,3.7505000000000024,132.61,2,9,9,5,5,0.20689655172413793,44
CHEMBL3889654,O=C(Nc1cnn2ccc(N3CCC[C@@H]3c3cc(F)ccc3F)nc12)N1CC[C@H](O)C1,1,O=C(Nc1cnn2ccc(N3CCCC3c3ccccc3)nc12)N1CCCC1,428.44300000000015,2.9475000000000016,86.00000000000001,2,5,3,5,3,0.38095238095238093,31
CHEMBL1200402,CCOC(=O)C1=C(COCCN)NC(C)=C(C(=O)OC)C1c1ccccc1Cl,1,C1=CC(c2ccccc2)C=CN1,408.88200000000006,2.266300000000001,99.88000000000001,2,7,8,2,1,0.4,28
CHEMBL1193765,Clc1ccc(Cc2ccccn2)cc1,0,c1ccc(Cc2ccccn2)cc1,203.67200000000003,3.325800000000001,12.89,0,1,2,2,2,0.08333333333333333,14
CHEMBL3985857,COc1ccc(C(=O)NC2=C(c3ccc(C)cc3)CC(c3ccc(OCCCC(F)(F)F)cc3)NC2=O)cc1,0,O=C1NC(c2ccccc2)CC(c2ccccc2)=C1NC(=O)c1ccccc1,538.5660000000003,6.127220000000006,76.66,2,4,9,4,3,0.26666666666666666,39
CHEMBL3191637,COCc1cc(C)nc(OCC(=O)N/N=C/c2ccc(C)o2)c1C#N,0,O=C(COc1ccccn1)NN=Cc1ccco1,342.35500000000013,1.83862,109.74000000000001,1,7,7,2,2,0.29411764705882354,25
CHEMBL1086050,COc1nc(-c2ccc(Cl)cc2)c(Sc2ccc(Cl)cc2)c(-c2ccc(Cl)cc2)c1C#N,0,c1ccc(Sc2c(-c3ccccc3)ccnc2-c2ccccc2)cc1,497.83400000000023,8.40728,45.91,0,4,5,4,4,0.04,32
CHEMBL1498811,COc1cccc(C(=O)Nc2ncc3c(n2)CC(c2ccc(OC)cc2OC)CC3=O)c1,0,O=C(Nc1ncc2c(n1)CC(c1ccccc1)CC2=O)c1ccccc1,433.4640000000002,3.6674000000000024,99.64000000000001,1,7,6,4,3,0.25,32
CHEMBL260538,CC(=O)O[C@]1(C(C)=O)CC[C@H]2[C@@H]3CCC4=CC(=O)CCC4=C3[C@@H](c3ccc(N(C)C)cc3)C[C@@]21C,1,O=C1C=C2CCC3C(=C2CC1)C(c1ccccc1)CC1CCCC13,475.6290000000003,5.543000000000006,63.68000000000001,0,5,4,5,1,0.5666666666666667,35
CHEMBL162530,Cc1ccc(C2Sc3cc(Cl)ccc3N(CCN(C)C)C(=O)C2O)cc1,0,O=C1CC(c2ccccc2)Sc2ccccc2N1,390.93600000000015,3.7509200000000034,43.78,1,4,4,3,2,0.35,26
CHEMBL24924,O=C1c2ccccc2C(=O)C1c1ccc(F)cc1,1,O=C1c2ccccc2C(=O)C1c1ccccc1,240.23299999999998,2.988500000000002,34.14,0,2,1,3,2,0.06666666666666667,18
CHEMBL1393,CC(=O)S[C@@H]1CC2=CC(=O)CC[C@]2(C)[C@H]2CC[C@@]3(C)[C@@H](CC[C@@]34CCC(=O)O4)[C@H]12,1,O=C1C=C2CCC3C(CCC4C3CCC43CCC(=O)O3)C2CC1,416.58300000000025,4.852300000000005,60.44,0,5,1,5,0,0.7916666666666666,29
CHEMBL1237082,CNC1(C)C2CCC(C2)C1(C)C,1,C1CC2CCC1C2,167.296,2.4206000000000003,12.03,1,1,1,2,0,1.0,12
CHEMBL20883,O=c1[nH]c(=O)n(C2CCCO2)cc1F,1,O=c1ccn(C2CCCO2)c(=O)[nH]1,200.16899999999998,-0.015300000000000313,64.09,1,3,1,2,1,0.5,14
CHEMBL220492,CC1(C)O[C@@H]2[C@@H](CO[C@@]3(COS(N)(=O)=O)OC(C)(C)O[C@@H]23)O1,1,C1OC2COC3OCOC3C2O1,339.3660000000001,-0.3953999999999982,115.54,1,8,3,3,0,1.0,22
CHEMBL1200862,C[C@](N)(Cc1ccc(O)cc1)C(=O)O,1,c1ccccc1,195.218,0.7367000000000001,83.55,3,3,3,1,1,0.3,14
CHEMBL1182828,C[C@H](N)Cc1c2c(cc3c1OCC3)OCC2,0,c1c2c(cc3c1OCC3)OCC2,219.2839999999999,1.4461000000000002,44.480000000000004,1,3,2,3,1,0.5384615384615384,16
CHEMBL115749,CC(C)Cc1ccc(C(C)C(=O)OCCCO[N+](=O)[O-])cc1,0,c1ccccc1,309.36199999999997,3.130200000000002,78.67,0,5,9,1,1,0.5625,22
CHEMBL1200438,Clc1ccc(C(Cn2ccnc2)OCc2ccsc2Cl)c(Cl)c1,1,c1ccc(C(Cn2ccnc2)OCc2ccsc2)cc1,387.71900000000005,5.8629000000000016,27.05,0,3,6,3,3,0.1875,23
CHEMBL2364609,CN[C@]1(c2ccccc2Cl)CCCCC1=O,1,O=C1CCCCC1c1ccccc1,237.7299999999999,2.897800000000001,29.1,1,2,2,2,1,0.46153846153846156,16
CHEMBL128021,S=C(NCCOc1ccc(Oc2ccccc2)cc1)SCc1ccccc1,0,S=C(NCCOc1ccc(Oc2ccccc2)cc1)SCc1ccccc1,395.5490000000001,5.665600000000005,30.49,1,4,8,3,3,0.13636363636363635,27
CHEMBL1201039,NS(=O)(=O)c1cc2c(cc1Cl)N=C(CSCc1ccccc1)NS2(=O)=O,1,O=S1(=O)NC(CSCc2ccccc2)=Nc2ccccc21,431.9480000000001,2.2427,118.69,2,6,5,3,2,0.13333333333333333,26
CHEMBL2143322,NC(=O)c1ccc(NC(=O)CSc2nnc(C3CC3)n2C2CC2)cc1,0,O=C(CSc1nnc(C2CC2)n1C1CC1)Nc1ccccc1,357.43900000000014,2.3201,102.9,2,5,7,4,2,0.4117647058823529,25
CHEMBL2071296,COc1cc(C(=O)O)c(O)c2ccc3c(c12)C=C1/C(=C(\C)C=O)CCC1(C)O3,0,C=C1CCC2Oc3ccc4ccccc4c3C=C12,380.3960000000002,4.095900000000002,93.06000000000002,2,5,3,4,2,0.2727272727272727,28
CHEMBL1915023,Nc1nc(N2CCC[C@H](N)C2)c2oc3cccc(Cl)c3c2n1,0,c1ccc2c(c1)oc1c(N3CCCCC3)ncnc12,317.78000000000003,2.5391000000000004,94.2,2,6,1,4,3,0.3333333333333333,22
CHEMBL1348133,O=C(NCc1cccs1)C1CCN(S(=O)(=O)c2cccc3nsnc23)CC1,0,O=C(NCc1cccs1)C1CCN(S(=O)(=O)c2cccc3nsnc23)CC1,422.5570000000002,2.4699,92.26,1,7,5,4,3,0.35294117647058826,27
CHEMBL2003607,COc1cc(OCc2ccc3nc(-c4ccccc4)c(Cl)nc3c2)cc(OC)c1OC,0,c1ccc(OCc2ccc3nc(-c4ccccc4)cnc3c2)cc1,436.8950000000002,5.555000000000004,62.7,0,6,7,4,4,0.16666666666666666,31
CHEMBL827,COC(=O)[C@H](c1ccccc1)[C@H]1CCCCN1,1,c1ccc(CC2CCCCN2)cc1,233.31099999999995,2.0852999999999997,38.33,1,3,3,2,1,0.5,17
CHEMBL261772,C=C1c2c(Cl)ccc(O)c2C(=O)C2=C(O)[C@]3(O)C(=O)C(C(N)=O)=C(O)[C@@H](N(C)C)[C@@H]3[C@@H](O)[C@H]12,1,C=C1c2ccccc2C(=O)C2=CC3C(=O)C=CCC3CC12,476.8690000000002,0.21550000000000008,181.62,6,9,2,4,1,0.3181818181818182,33
CHEMBL3679749,Cc1ccc(-c2ccc(N3C(=O)C(=O)C(C(=O)C(C)C)C3c3cccnc3OCCO)cc2)o1,0,O=C1CC(c2cccnc2)N(c2ccc(-c3ccco3)cc2)C1=O,462.5020000000002,3.519420000000002,109.94000000000001,1,7,8,4,3,0.3076923076923077,34
CHEMBL1506808,CC1COc2ccccc2N1C(=O)c1ccc(F)cc1,0,O=C(c1ccccc1)N1CCOc2ccccc21,271.29099999999994,3.253400000000002,29.54,0,2,1,3,2,0.1875,20
CHEMBL2007407,O=C(c1ccccc1)c1c(CC(O)c2ccccn2)n(C(=O)c2ccccc2)c2ccccc12,0,O=C(c1ccccc1)c1c(CCc2ccccn2)n(C(=O)c2ccccc2)c2ccccc12,446.50600000000014,5.231900000000004,72.19,1,4,6,5,5,0.06896551724137931,34
CHEMBL252134,Cc1cc2nc(N)[nH]c(=O)c2n1Cc1ccc(Cl)cc1,0,O=c1[nH]cnc2ccn(Cc3ccccc3)c12,288.73800000000006,2.3169200000000005,76.69999999999999,2,3,2,3,3,0.14285714285714285,20
CHEMBL32800,CC(Cc1ccc(O)cc1)NCC(O)c1cc(O)cc(O)c1,1,c1ccc(CCNCCc2ccccc2)cc1,303.358,2.0576,92.95,5,5,6,2,2,0.29411764705882354,22
CHEMBL1465794,Cc1cccc2cc(CN(CC3CCCO3)C(S)=NCc3ccco3)c(O)nc12,0,C(=NCc1ccco1)N(Cc1cnc2ccccc2c1)CC1CCCO1,411.5270000000001,4.308820000000004,71.09,2,5,6,4,3,0.36363636363636365,29
CHEMBL1412718,CCOC(=O)c1ccccc1NC(=O)Cn1c(=O)n(Cc2ccc(C(=O)NCc3ccc4c(c3)OCO4)cc2)c(=O)c2ccccc21,0,O=C(Cn1c(=O)n(Cc2ccc(C(=O)NCc3ccc4c(c3)OCO4)cc2)c(=O)c2ccccc21)Nc1ccccc1,634.6450000000003,3.6856000000000027,146.96,2,8,10,6,5,0.17142857142857143,47
CHEMBL70079,CCC(CC)c1cc[n+](CC2=C(C(=O)[O-])N3C(=O)[C@@H](NC(=O)/C(=N\OC)c4csc(N)n4)[C@H]3SC2)cc1,0,N=C(C(=O)NC1C(=O)N2C=C(C[n+]3ccccc3)CSC12)c1cscn1,544.6590000000001,0.37100000000000255,153.92000000000002,2,10,10,4,2,0.4166666666666667,37
CHEMBL1592749,CCCCCN(C(=O)COC(=O)CSc1ccc([N+](=O)[O-])cc1)c1c(N)n(CCCC)c(=O)[nH]c1=O,0,O=C(COC(=O)CSc1ccccc1)Nc1c[nH]c(=O)[nH]c1=O,521.5960000000003,2.6858000000000004,170.62999999999997,2,9,14,2,2,0.4782608695652174,36
CHEMBL1136,CC[C@H]1OC(=O)[C@H](C)C(=O)[C@H](C)[C@@H](O[C@@H]2O[C@H](C)C[C@H](N(C)C)[C@H]2O)[C@](C)(OC)C[C@@H](C)C(=O)[C@H](C)[C@H]2N(CCCCn3cnc(-c4cccnc4)c3)C(=O)O[C@]12C,1,O=C1CC(=O)OCC2OC(=O)N(CCCCn3cnc(-c4cccnc4)c3)C2CC(=O)CCCC(OC2CCCCO2)C1,812.0179999999997,4.929200000000005,171.85,1,13,11,5,2,0.7209302325581395,58
CHEMBL568,O=C1Nc2ccc(Cl)cc2C(c2ccccc2)=NC1O,1,O=C1CN=C(c2ccccc2)c2ccccc2N1,286.718,2.4479,61.69,2,3,1,3,2,0.06666666666666667,20
CHEMBL260647,CCNC(=O)Nc1ccc(-c2nc3n(Cc4c(F)cccc4F)cc(C(=O)OCC)c(=O)n3c2CN(CC(=O)N2CCC[C@H]2C(=O)NCC#Cc2ccccc2)Cc2ccccc2)cc1,0,O=C(NCC#Cc1ccccc1)C1CCCN1C(=O)CN(Cc1ccccc1)Cc1c(-c2ccccc2)nc2n(Cc3ccccc3)ccc(=O)n12,882.9689999999998,5.968700000000006,159.38000000000002,3,8,15,7,6,0.2653061224489796,65
CHEMBL127581,COc1cc2c(N3CCN(C(=O)Nc4ccc(C#N)cc4)CC3)ncnc2cc1OCCn1nccn1,0,O=C(Nc1ccccc1)N1CCN(c2ncnc3cc(OCCn4nccn4)ccc23)CC1,499.5350000000003,2.5346800000000007,134.32,1,9,7,5,4,0.28,37
CHEMBL255800,CN(C(=O)NC1CCN(c2ccccc2)CC1)C1CCN(S(C)(=O)=O)CC1,0,O=C(NC1CCNCC1)NC1CCN(c2ccccc2)CC1,394.5410000000002,1.7207999999999999,72.96000000000001,1,4,4,3,1,0.631578947368421,27
CHEMBL1334083,Cc1cc(C(=O)NCCC2=CCCCC2)c(C)o1,0,O=C(NCCC1=CCCCC1)c1ccoc1,247.33799999999994,3.516740000000002,42.24,1,2,4,2,1,0.5333333333333333,18
CHEMBL1713018,O=C(Nc1cnccn1)Nc1ccccc1F,0,O=C(Nc1ccccc1)Nc1cnccn1,232.218,2.2596999999999996,66.91,2,3,2,2,2,0.0,17
CHEMBL2106660,Cn1c(=O)c2c(ncn2CC(=O)O)n(C)c1=O,1,O=c1[nH]c(=O)c2[nH]cnc2[nH]1,238.20299999999997,-1.4816999999999998,99.12,1,4,2,2,2,0.3333333333333333,17
CHEMBL162718,COc1cc(Cc2nc3c(N)ncnc3n2CC2CCCO2)cc(OC)c1OC,0,c1ccc(Cc2nc3cncnc3n2CC2CCCO2)cc1,399.45100000000025,2.2041000000000004,106.54,1,8,7,4,3,0.45,29
CHEMBL3922705,Cc1nc(N)ccc1CNC(=O)c1cnn(Cc2cc(C(F)(F)F)c3cc(F)ccc3n2)c1,0,O=C(NCc1cccnc1)c1cnn(Cc2ccc3ccccc3n2)c1,458.4190000000001,3.8531200000000023,98.71999999999998,2,5,5,4,4,0.18181818181818182,33
CHEMBL3646928,Cc1ccc(C(C)C)cc1N1CCc2nc(-c3cc(Cl)ccc3CO)nc(N3CCCC(C)(C)C3)c2C1,0,c1ccc(-c2nc3c(c(N4CCCCC4)n2)CN(c2ccccc2)CC3)cc1,519.1330000000004,6.910220000000008,52.49,1,5,5,5,3,0.4838709677419355,37
CHEMBL1533,C#C[C@]1(O)CC[C@H]2[C@@H]3CCC4=CCCC[C@@H]4[C@H]3C(=C)C[C@@]21CC,1,C=C1CC2CCCC2C2CCC3=CCCCC3C12,310.48100000000005,4.869700000000004,20.23,1,1,1,4,0,0.7272727272727273,23
CHEMBL1627000,O=C1NC(=O)C(Cc2ccc(OCC3CN(c4ccccn4)CCO3)cc2)S1,0,O=C1NC(=O)C(Cc2ccc(OCC3CN(c4ccccn4)CCO3)cc2)S1,399.4720000000001,2.2599,80.76,1,7,6,4,2,0.35,28
CHEMBL1200418,CC(CCc1ccc(O)cc1)NCCc1ccc(O)c(O)c1,1,c1ccc(CCCNCCc2ccccc2)cc1,301.386,2.956800000000002,72.72,4,4,7,2,2,0.3333333333333333,22
CHEMBL2104445,CCOc1c(N)c2c(c(OCC)c1OCC)C(C1c3c(cc4c(c3OC)OCO4)CCN1C)OC2=O,1,O=C1OC(C2NCCc3cc4c(cc32)OCO4)c2ccccc21,500.5480000000004,3.6429000000000027,110.94000000000003,1,10,8,5,2,0.5,36
CHEMBL1423050,COc1ccc(N(CC(=O)Nc2ccc3c(c2)OCO3)S(=O)(=O)c2ccccc2)c(OC)c1,0,O=C(CN(c1ccccc1)S(=O)(=O)c1ccccc1)Nc1ccc2c(c1)OCO2,470.5030000000002,3.2665000000000015,103.39999999999999,1,7,8,4,3,0.17391304347826086,33
CHEMBL44354,CC(C)(O/N=C(\C(=O)N[C@@H]1C(=O)N2C(C(=O)[O-])=C(C[n+]3ccccc3)CS[C@H]12)c1csc(N)n1)C(=O)O,1,N=C(C(=O)NC1C(=O)N2C=C(C[n+]3ccccc3)CSC12)c1cscn1,546.5870000000002,-1.2991999999999946,191.22,3,11,9,4,2,0.3181818181818182,37
CHEMBL797,CN1C(=O)CC(c2ccccc2)C1=O,1,O=C1CC(c2ccccc2)C(=O)N1,189.214,1.1588999999999998,37.38,0,2,1,2,1,0.2727272727272727,14
CHEMBL1201304,CC1(C)C(/C=C/C=C/C=C/C=C2\N(CCCCS(=O)(=O)O)c3ccc4ccccc4c3C2(C)C)=[N+](CCCCS(=O)(=O)[O-])c2ccc3ccccc3c21,1,C(=CC=CC1=[NH+]c2ccc3ccccc3c2C1)C=CC=C1Cc2c(ccc3ccccc23)N1,752.999,8.712900000000005,117.82,1,6,14,6,4,0.32558139534883723,53
CHEMBL2105637,Nc1nc(-n2cc(C(=O)O)c(=O)c3cc(F)c(N4CC(O)C4)c(Cl)c32)c(F)cc1F,1,O=c1ccn(-c2ccccn2)c2cc(N3CCC3)ccc12,440.76500000000016,1.9177000000000002,121.68,3,6,3,4,3,0.16666666666666666,30
CHEMBL2105711,CCc1ccc(Cc2ccc3c(c2)[C@]2(OC3)O[C@H](CO)[C@@H](O)[C@H](O)[C@H]2O)cc1,1,c1ccc(Cc2ccc3c(c2)C2(CCCCO2)OC3)cc1,386.44399999999996,0.9965999999999995,99.38000000000001,4,6,4,4,2,0.45454545454545453,28
CHEMBL186624,CC1=C(C(N)=O)[C@H](c2ccc([N+](=O)[O-])cc2)C(C(=O)NCCCCN2CCC(c3ccccc3)(c3ccccc3)CC2)=C(C)N1,0,O=C(NCCCCN1CCC(c2ccccc2)(c2ccccc2)CC1)C1=CNC=CC1c1ccccc1,607.7550000000002,5.2934000000000045,130.6,3,6,11,5,3,0.3333333333333333,45
CHEMBL989,CC1(C)O[C@@H]2C[C@H]3[C@@H]4C[C@H](F)C5=CC(=O)C=C[C@]5(C)[C@@]4(F)[C@@H](O)C[C@]3(C)[C@]2(C(=O)CO)O1,1,O=C1C=CC2C(=C1)CCC1C2CCC2C1CC1OCOC12,452.49400000000026,2.366800000000001,93.06,2,6,2,5,0,0.75,32
CHEMBL686,Cc1cccc(Nc2ccccc2C(=O)O)c1C,1,c1ccc(Nc2ccccc2)cc1,241.29,3.7452400000000017,49.33,2,2,3,2,2,0.13333333333333333,18
CHEMBL1201289,CCCCCCCCCCCCCCCC(=O)O[C@@H]1[C@@H](O)[C@@H](O)[C@@H]([C@H](NC(=O)[C@@H]2C[C@@H](CCC)CN2C)[C@H](C)Cl)O[C@@H]1SC,1,O=C(NCC1CCCCO1)C1CCCN1,663.4060000000002,6.421700000000006,108.33000000000001,3,8,22,2,0,0.9411764705882353,44
CHEMBL24,CC(C)NCC(O)COc1ccc(CC(N)=O)cc1,1,c1ccccc1,266.34099999999995,0.45210000000000006,84.57999999999998,3,4,8,1,1,0.5,19
CHEMBL2338533,Cc1ccc(Nc2nc(-c3ccccc3)c(C#N)c(N3CCCCC3)n2)cc1,0,c1ccc(Nc2nc(-c3ccccc3)cc(N3CCCCC3)n2)cc1,369.47200000000026,5.057600000000003,64.84,1,5,4,4,3,0.2608695652173913,28
CHEMBL1201219,CC(=O)O[C@H]1C[C@@H]2CC[C@@H]3[C@H](CC[C@@]4(C)[C@H]3C[C@H]([N+]3(C)CCCCC3)[C@@H]4OC(C)=O)[C@@]2(C)C[C@@H]1N1CCCCC1,1,C1CCN(C2CCC3CCC4C5CC([NH+]6CCCCC6)CC5CCC4C3C2)CC1,557.8400000000003,5.965900000000007,55.84,0,5,4,6,0,0.9411764705882353,40
CHEMBL953,CCN(CC)C(=O)/C(C#N)=C/c1cc(O)c(O)c([N+](=O)[O-])c1,1,c1ccccc1,305.29,1.7813800000000002,127.70000000000002,2,6,5,1,1,0.2857142857142857,22
CHEMBL97016,[N-]=[N+]=Nc1cncc(Cn2ccnc2N[N+](=O)[O-])c1,0,c1cncc(Cn2ccnc2)c1,260.217,1.8717999999999992,134.64000000000001,1,5,5,2,2,0.1111111111111111,19
CHEMBL3696609,CC(C)(O)C#Cc1cc2c(cc1F)C1CC(C1)n1c-2nc(C(N)=O)c1C(O)c1ccn[nH]1,0,c1ccc2c(c1)-c1ncc(Cc3ccn[nH]3)n1C1CC2C1,435.4590000000001,2.1473999999999998,130.04999999999998,4,5,3,6,3,0.34782608695652173,32
CHEMBL3985209,CC(c1nccs1)c1ccc(O)cc1O,0,c1ccc(Cc2nccs2)cc1,221.281,2.7061000000000015,53.35000000000001,2,4,2,2,2,0.18181818181818182,15
CHEMBL1909653,COCC/N=C1\S/C(=C\c2cc(C)n(Cc3ccccc3)c2C)C(=O)N1CCOC,0,N=C1NC(=O)C(=Cc2ccn(Cc3ccccc3)c2)S1,427.5700000000002,3.718340000000002,56.06,0,5,9,3,2,0.391304347826087,30
CHEMBL467058,CCCCCCCC(=O)OC[C@@H](O)[C@@H](OC)[C@@H]1OC(C(=O)O)=C[C@H](NC(=N)N)[C@H]1NC(C)=O,1,C1=COCCC1,472.53900000000016,-0.010329999999994788,193.29000000000002,6,8,14,1,0,0.7142857142857143,33
CHEMBL1051,CC(C)OC(=O)CCC/C=C\C[C@@H]1[C@@H](CC[C@@H](O)CCc2ccccc2)[C@H](O)C[C@@H]1O,1,c1ccc(CCCCCC2CCCC2)cc1,432.60100000000017,4.186400000000005,86.99000000000001,3,5,13,2,1,0.6538461538461539,31
CHEMBL930,NC(=O)CC[C@H](N)C(=O)O,1,,146.14600000000002,-1.3361999999999998,106.41000000000001,3,3,4,0,0,0.6,10
CHEMBL1451,C[C@]12C=CC(=O)C=C1CC[C@H]1[C@@H]3C[C@@H](O)[C@](O)(C(=O)CO)[C@@]3(C)C[C@H](O)[C@@]12F,1,O=C1C=CC2C(=C1)CCC1C3CCCC3CCC21,394.4390000000002,0.6204999999999998,115.06,4,6,2,4,0,0.7142857142857143,28
CHEMBL1200845,CC1(C)O[C@@H]2C[C@H]3[C@@H]4CCC5=CC(=O)CC[C@]5(C)[C@@]4(F)[C@@H](O)C[C@]3(C)[C@]2(C(=O)CCl)O1,1,O=C1C=C2CCC3C(CCC4C3CC3OCOC34)C2CC1,454.96600000000024,3.889300000000003,72.83,1,5,2,5,0,0.8333333333333334,31
CHEMBL2334774,C=C(C(N)=O)[C@@H](NC(=O)[C@H](Cc1c[nH]c2ccccc12)NC(=O)[C@H]1CCN(C(=O)[C@@H](N)Cc2c(C)cc(O)cc2C)C1)c1ccccc1,0,O=C(NC(Cc1c[nH]c2ccccc12)C(=O)NCc1ccccc1)C1CCN(C(=O)CCc2ccccc2)C1,650.7800000000003,2.8351400000000035,183.64,6,6,12,5,4,0.2972972972972973,48
CHEMBL4435170,[2H]C([2H])([2H])NC(=O)c1nnc(NC(=O)C2CC2)cc1Nc1cccc(-c2ncn(C)n2)c1OC,1,O=C(Nc1cc(Nc2cccc(-c3nc[nH]n3)c2)cnn1)C1CC1,425.4673053340002,1.7324,135.95,3,8,7,4,3,0.3,31
CHEMBL3545253,[18F]c1ccc(-c2ccc3c(c2)[nH]c2ccncc23)cn1,1,c1cncc(-c2ccc3c(c2)[nH]c2ccncc23)c1,262.277938,3.917200000000002,41.57,1,2,1,4,4,0.0,20
CHEMBL1201180,O=C(O)Cc1ccccc1Nc1c(Cl)cccc1Cl,1,c1ccc(Nc2ccccc2)cc1,296.153,4.364100000000001,49.33,2,2,4,2,2,0.07142857142857142,19
CHEMBL1201317,O=P(O)(O)OCC(Cl)(Cl)Cl,1,,229.38299999999998,1.4658999999999998,66.76,2,2,2,0,0,1.0,10
CHEMBL256565,C=C[C@]1(C)C[C@@H](OC(=O)CSC2CCN(C(=O)CCn3cnc4c(N5CCNCC5)ncnc43)CC2)[C@]2(C)[C@H](C)CC[C@]3(CCC(=O)[C@@H]32)[C@@H](C)[C@@H]1O,0,O=C(CSC1CCN(C(=O)CCn2cnc3c(N4CCNCC4)ncnc32)CC1)OC1CCCCC23CCCC1C2C(=O)CC3,735.996,4.256700000000005,142.78,2,11,9,7,2,0.7435897435897436,52
CHEMBL255957,CNCc1ccccc1Oc1ccc(OC)cc1Cl,0,c1ccc(Oc2ccccc2)cc1,277.751,3.860300000000003,30.49,1,3,5,2,2,0.2,19
CHEMBL4113131,C[C@@H]1CN(C(=O)c2ccc(NC(=O)c3cc(O[C@H](C)c4c(Cl)ccc(F)c4Cl)c(N)nn3)cc2)C[C@H](C)N1,1,O=C(Nc1ccc(C(=O)N2CCNCC2)cc1)c1cc(OCc2ccccc2)cnn1,561.445,4.719400000000002,122.47,3,7,6,4,3,0.3076923076923077,38
CHEMBL3653221,COc1ncc(-c2nc3c(n2C(C)C)C(c2ccc(Cl)cc2)N(c2cc(Cl)c(=O)n(C)c2)C3=O)c(OC)n1,0,O=C1c2nc(-c3cncnc3)[nH]c2C(c2ccccc2)N1c1ccc(=O)[nH]c1,555.4220000000001,4.693500000000004,104.37,0,7,6,5,4,0.2692307692307692,38
CHEMBL103,CC(=O)[C@H]1CC[C@H]2[C@@H]3CCC4=CC(=O)CC[C@]4(C)[C@H]3CC[C@]12C,1,O=C1C=C2CCC3C4CCCC4CCC3C2CC1,314.46900000000005,4.723500000000005,34.14,0,2,1,4,0,0.8095238095238095,23
CHEMBL1200338,CC(N/C(=N\C#N)Nc1ccncc1)C(C)(C)C,1,c1ccncc1,245.33,2.3547800000000008,73.1,2,3,2,1,1,0.46153846153846156,18
CHEMBL1467,Oc1ncnc2[nH]ncc12,1,c1ncc2cn[nH]c2n1,136.114,0.058499999999999885,74.69,2,4,0,2,2,0.0,10
CHEMBL2024517,CN(C)C(=O)N[C@H]1CC[C@H](CCN2CCN(c3cccc(Cl)c3Cl)CC2)CC1,1,c1ccc(N2CCN(CCC3CCCCC3)CC2)cc1,427.4200000000002,4.335500000000003,38.82000000000001,1,3,5,3,1,0.6666666666666666,28
CHEMBL127,C[C@@H](O)[C@H]1C(=O)N2C(C(=O)O)=C(S[C@@H]3CN[C@H](C(=O)N(C)C)C3)[C@H](C)[C@H]12,1,O=C1CC2CC(SC3CCNC3)=CN12,383.4700000000002,-0.3079999999999994,110.17999999999999,3,6,5,3,0,0.7058823529411765,26
CHEMBL3473421,COc1cccc(-n2cc(-c3ccnc(N[C@H](CO)C(C)C)n3)cn2)c1,0,c1ccc(-n2cc(-c3ccncn3)cn2)cc1,353.42600000000004,2.7667,85.09,2,6,7,3,3,0.3157894736842105,26
CHEMBL1201775,C[C@H](O)[C@H](O)[C@H]1CNc2[nH]c(N)nc(=O)c2N1,1,O=c1nc[nH]c2c1NCCN2,241.251,-1.7002000000000006,136.29,6,7,2,2,1,0.5555555555555556,17
CHEMBL4061113,CCc1noc(-c2cc3c(OC)c4ccccc4cc3s2)n1,0,c1ccc2cc3sc(-c4ncno4)cc3cc2c1,310.378,4.675500000000002,48.150000000000006,0,5,3,4,4,0.17647058823529413,22
CHEMBL189963,CC(=O)c1c(C)c2cnc(Nc3ccc(N4CCNCC4)cn3)nc2n(C2CCCC2)c1=O,1,O=c1ccc2cnc(Nc3ccc(N4CCNCC4)cn3)nc2n1C1CCCC1,447.54300000000035,2.965820000000001,105.03999999999999,2,8,5,5,3,0.4583333333333333,33
CHEMBL2206210,O=c1c(O)c(-c2ccc(O[C@@H]3O[C@H](CO)[C@@H](O)[C@H](O)[C@H]3O)c(O)c2)oc2cc(O[C@@H]3O[C@H](CO)[C@@H](O)[C@H](O)[C@H]3O)cc(O)c12,0,O=c1cc(-c2ccc(OC3CCCCO3)cc2)oc2cc(OC3CCCCO3)ccc12,626.5200000000004,-3.0658,289.65999999999997,11,17,7,5,3,0.4444444444444444,44
CHEMBL3473854,O=C(c1cnc(Nc2ccccc2)nc1)N1CCC(O)(CO)CC1,0,O=C(c1cnc(Nc2ccccc2)nc1)N1CCCCC1,328.3720000000001,1.1795999999999998,98.58000000000001,3,6,4,3,2,0.35294117647058826,24
CHEMBL355864,CC(C)(OCc1coc2ccc(Cl)cc12)C(=O)O,0,c1ccc2occc2c1,268.69599999999997,3.466000000000002,59.67,1,3,4,2,2,0.3076923076923077,18
CHEMBL6068332,CC(C)OC(=O)OCOP(=O)(CO[C@H](C)Cn1cnc2c(N)ncnc21)OCOC(=O)OC(C)C,1,c1ncc2nc[nH]c2n1,519.4480000000002,3.0356000000000014,185.43999999999997,1,14,13,2,2,0.631578947368421,35
CHEMBL1579022,O=C(NCCc1ccc(F)cc1)C1CCCCC1,0,O=C(NCCc1ccccc1)C1CCCCC1,249.32899999999992,3.064700000000001,29.1,1,1,4,2,1,0.5333333333333333,18
CHEMBL965,C[N+](C)(C)CCOC(N)=O,1,,147.19799999999998,-0.2121000000000003,52.32,1,2,3,0,0,0.8333333333333334,10
CHEMBL7862,CC(C)(CCCOc1ccc(OCCCC(C)(C)C(=O)O)c(Cc2ccccc2)c1)C(=O)O,0,c1ccc(Cc2ccccc2)cc1,456.5790000000002,5.8170000000000055,93.06000000000002,2,4,14,2,2,0.48148148148148145,33
CHEMBL1340296,CCS(=O)(=O)c1ccc(O)c(NC(=O)COc2ccc(OC)cc2)c1,0,O=C(COc1ccccc1)Nc1ccccc1,365.4070000000001,2.2119,101.93,2,6,7,2,2,0.23529411764705882,25
CHEMBL550,CC[C@@H]1C(=O)OC[C@@H]1Cc1cncn1C,1,O=C1CC(Cc2cnc[nH]2)CO1,208.261,1.1618000000000002,44.12,0,3,3,2,1,0.6363636363636364,15
CHEMBL276520,c1ccc2c(CCC3CCNCC3)c[nH]c2c1,1,c1ccc2c(CCC3CCNCC3)c[nH]c2c1,228.339,3.100100000000001,27.82,2,1,3,3,2,0.4666666666666667,17
CHEMBL3707348,CC#CC(=O)N1CCC[C@H]1c1nc(-c2ccc(C(=O)Nc3ccccn3)cc2)c2c(N)nccn12,1,O=C(Nc1ccccn1)c1ccc(-c2nc(C3CCCN3)n3ccncc23)cc1,465.5170000000001,3.3126000000000015,118.50999999999999,2,6,4,5,4,0.19230769230769232,35
CHEMBL4161088,Cc1cc(O)c2c3c4c(cc(O)c13)C(C)(C)C(=O)c1c(O)c(CNC(C)(C)C)c(O)c(c1-4)C2=O,0,O=C1Cc2ccc3cccc4c3c2-c2c1cccc2C4=O,461.51400000000024,4.544020000000003,127.09,5,7,2,5,3,0.3333333333333333,34
CHEMBL110691,CC(=O)O[C@]1(C(C)=O)CC[C@H]2[C@@H]3C=C(Cl)C4=CC(=O)CC[C@]4(C)[C@H]3CC[C@@]21C,1,O=C1C=C2C=CC3C4CCCC4CCC3C2CC1,404.9340000000003,4.751700000000005,60.440000000000005,0,4,2,4,0,0.6956521739130435,28
CHEMBL3140361,CC[C@@H](CO)NCCN[C@@H](CC)CO,1,,204.314,-0.292599999999999,64.52,4,4,9,0,0,1.0,14
CHEMBL102075,CN1CCC(N(C)C[C@H]2CO[C@H]3c4nc5c6ccccc6n(C)c5nc4N(C)C(=O)N3[C@@H](CN(C)C3CCN(C)CC3)O2)CC1,0,O=C1Nc2nc3[nH]c4ccccc4c3nc2C2OCC(CNC3CCNCC3)OC(CNC3CCNCC3)N12,619.8149999999999,2.7854000000000028,85.67999999999999,0,9,6,7,3,0.6666666666666666,45
CHEMBL1102,CCC1(c2ccccc2)CCC(=O)NC1=O,1,O=C1CCC(c2ccccc2)C(=O)N1,217.26799999999992,1.771,46.17,1,2,2,2,1,0.38461538461538464,16
CHEMBL496,Oc1c(Cl)cc(Cl)c(Cl)c1Cc1c(O)c(Cl)cc(Cl)c1Cl,1,c1ccc(Cc2ccccc2)cc1,406.90700000000004,6.609000000000001,40.46,2,2,2,2,2,0.07692307692307693,21
CHEMBL4650220,Cc1cc(C[C@@H](NC(=O)N2CCC(c3cc4ccccc4[nH]c3=O)CC2)C(=O)N2CCN(C3CCN(C)CC3)CC2)cc2cn[nH]c12,1,O=C(NC(Cc1ccc2[nH]ncc2c1)C(=O)N1CCN(C2CCNCC2)CC1)N1CCC(c2cc3ccccc3[nH]c2=O)CC1,638.817,3.451520000000002,120.66999999999999,3,6,6,7,4,0.5,47
CHEMBL3675179,CC(NC(=O)OC(C)(C)C)c1cccc(CC(=O)Nc2ccc(CCCCc3nnc(NC(=O)C(C)c4ccccc4)s3)nn2)c1,0,O=C(Cc1ccccc1)Nc1ccc(CCCCc2nnc(NC(=O)Cc3ccccc3)s2)nn1,643.8140000000003,6.402600000000007,148.08999999999997,3,9,13,4,4,0.38235294117647056,46
CHEMBL3642233,O=C(Oc1cccc(-c2ccccc2)c1)N1CCOCC1,0,O=C(Oc1cccc(-c2ccccc2)c1)N1CCOCC1,283.32700000000006,3.1846000000000014,38.769999999999996,0,3,2,3,2,0.23529411764705882,21
CHEMBL1337909,CCOC(=O)[C@H]1[C@H]2COc3ccc(Br)cc3[C@@H]2N2C(=O)CN(Cc3ccco3)C(=O)[C@@]12C,0,O=C1C2CC3COc4ccccc4C3N2C(=O)CN1Cc1ccco1,503.34900000000033,2.9144000000000014,89.28999999999999,0,6,4,5,2,0.43478260869565216,32
CHEMBL1215341,CC(C)CN(NC(=O)c1onc2ccccc12)c1nc(C#N)ncc1Br,0,O=C(NNc1ccncn1)c1onc2ccccc12,415.2510000000001,3.059380000000001,107.94000000000001,1,7,5,3,3,0.23529411764705882,26
CHEMBL85852,CC1=C(N)C(=O)c2c(COC(N)=O)c3n(c2C1=O)CC(N)C3,0,O=C1C=CC(=O)c2c1cc1n2CCC1,304.30600000000004,-0.42149999999999954,143.43,3,6,2,3,1,0.35714285714285715,22
CHEMBL1869807,Cc1sc2ncnc(OCC(=O)NC(C)C(C)C)c2c1C,0,c1ncc2ccsc2n1,307.4190000000001,2.847640000000001,64.11,1,5,5,2,2,0.5333333333333333,21
CHEMBL2105762,CS(=O)(=O)n1cc2c(n1)CN([C@H]1CO[C@H](c3cc(F)ccc3F)[C@@H](N)C1)C2,1,c1ccc(C2CCC(N3Cc4c[nH]nc4C3)CO2)cc1,398.4350000000001,1.1421,90.45,1,6,3,4,2,0.47058823529411764,27
CHEMBL1200768,CC(C)(O/N=C(\C(=O)N[C@@H]1C(=O)N2C(C(=O)O)=C(C[n+]3ccccc3)CS[C@H]12)c1csc(N)n1)C(=O)[O-],1,N=C(C(=O)NC1C(=O)N2C=C(C[n+]3ccccc3)CSC12)c1cscn1,546.5870000000002,-1.2991999999999952,191.21999999999997,3,11,9,4,2,0.3181818181818182,37
CHEMBL2361481,Cc1ccc(C)c(N2CCN(c3nc4ccccc4c(=O)n3-c3ccc(Cl)cc3)CC2)c1,0,O=c1c2ccccc2nc(N2CCN(c3ccccc3)CC2)n1-c1ccccc1,444.96600000000024,4.982540000000005,41.37,0,4,3,5,4,0.23076923076923078,32
CHEMBL3989677,COc1ccc2c3c1O[C@H]1C(=O)CC[C@H]4[C@@H](C2)N(C)CC[C@]314,1,O=C1CCC2C3Cc4cccc5c4C2(CCN3)C1O5,299.37000000000006,1.9333,38.77,0,4,1,5,1,0.6111111111111112,22
CHEMBL1200455,CC(=O)N(CC(O)CO)c1c(I)c(C(=O)NCC(O)CO)c(I)c(C(=O)NCC(O)CO)c1I,1,c1ccccc1,821.1410000000001,-1.6274999999999986,199.89,8,9,12,1,1,0.5263157894736842,34
CHEMBL1230314,C[C@]12CC[C@@H]3c4ccc(O)cc4CC[C@H]3[C@@H]1[C@@H](O)[C@@H](O)[C@@H]2O,1,c1ccc2c(c1)CCC1C2CCC2CCCC21,304.38599999999997,1.5507999999999988,80.92,4,4,0,4,1,0.6666666666666666,22
CHEMBL3244726,C1=CN2CC(c3cccs3)N=C2S1,0,C1=CN2CC(c3cccs3)N=C2S1,208.31099999999998,2.6788000000000016,15.6,0,4,1,3,1,0.2222222222222222,13
CHEMBL1201235,C[N+]1(C)[C@@H]2CC[C@H]1C[C@@H](OC(=O)C(O)c1ccccc1)C2,1,O=C(Cc1ccccc1)OC1CC2CCC(C1)[NH2+]2,290.38300000000004,2.033,46.53,1,3,3,3,1,0.5882352941176471,21
CHEMBL1093561,CNc1nc(N)c2c(n1)sc1c(=O)n(-c3ccc(C)cc3)cnc12,0,O=c1c2sc3ncncc3c2ncn1-c1ccccc1,338.3960000000001,2.3227200000000003,98.72000000000001,2,7,2,4,4,0.125,24
CHEMBL3469215,COc1ccc(OCC(=O)NC(C)c2ccc(F)cc2)c(C(=O)O)c1,0,O=C(COc1ccccc1)NCc1ccccc1,347.3420000000001,2.7887000000000004,84.86,2,4,7,2,2,0.2222222222222222,25
CHEMBL3219056,CS(=O)(=O)Nc1cc([C@@H](O)CNCCc2ccc(OCCCN3CCC(OC(=O)Nc4ccccc4-c4ccc(O)c(Cl)c4)CC3)cc2)ccc1O,0,O=C(Nc1ccccc1-c1ccccc1)OC1CCN(CCCOc2ccc(CCNCCc3ccccc3)cc2)CC1,753.3180000000002,6.1374000000000075,169.69,6,10,16,5,4,0.34210526315789475,52
CHEMBL2110962,CC(Cc1ccccc1)NCCCCl,1,c1ccccc1,211.73599999999993,2.836100000000001,12.03,1,1,6,1,1,0.5,14
CHEMBL1482268,O=C(CN1CCNCC1)Nc1ccc(Oc2ccccc2)cc1,0,O=C(CN1CCNCC1)Nc1ccc(Oc2ccccc2)cc1,311.38500000000005,2.3225999999999996,53.60000000000001,2,4,5,3,2,0.2777777777777778,23
CHEMBL292872,Nc1nc(=O)n(C2C[C@@H](F)[C@@H](CO)O2)cc1Cl,0,O=c1ncccn1C1CCCO1,263.65599999999995,0.09679999999999939,90.37,2,5,2,2,1,0.5555555555555556,17
CHEMBL1357648,CCN(CC)Cc1cc(Nc2ccnc3cc(Cl)ccc23)ccc1O,1,c1ccc(Nc2ccnc3ccccc23)cc1,355.8690000000001,5.179200000000004,48.39,2,4,6,3,3,0.25,25
CHEMBL1491396,Cc1cccc(Nc2nc(N)c([N+](=O)[O-])c(NCCO)n2)c1,0,c1ccc(Nc2ncccn2)cc1,304.31000000000006,1.4232199999999995,139.23000000000002,4,8,6,2,2,0.23076923076923078,22
CHEMBL1480987,CC1CC(OC(=O)C(O)c2ccccc2)CC(C)(C)C1,1,O=C(Cc1ccccc1)OC1CCCCC1,276.37600000000003,3.4780000000000024,46.53,1,3,3,2,1,0.5882352941176471,20
CHEMBL490557,Cc1c(C(=O)N2CCOCC2)cc(-c2ccc(Cl)cc2)n1-c1ccc(S(N)(=O)=O)cc1,0,O=C(c1cc(-c2ccccc2)n(-c2ccccc2)c1)N1CCOCC1,459.95500000000015,3.2259200000000012,94.63,1,4,4,4,3,0.22727272727272727,31
CHEMBL1200386,CCOC(=O)O[C@]1(C(=O)COC(=O)CC)CC[C@H]2[C@@H]3CCC4=CC(=O)C=C[C@]4(C)[C@H]3[C@@H](O)C[C@@]21C,1,O=C1C=CC2C(=C1)CCC1C3CCCC3CCC21,488.5770000000002,3.6993000000000027,116.2,1,8,6,4,0,0.7037037037037037,35
CHEMBL1241951,COc1cccc(N2CCN(C3=Nc4c(F)cccc4[C@H](CC(=O)O)N3c3cc(C(F)(F)F)ccc3OC)CC2)c1,1,c1ccc(N2CCN(C3=Nc4ccccc4CN3c3ccccc3)CC2)cc1,572.559,5.707400000000006,77.84,1,7,6,5,3,0.3103448275862069,41
CHEMBL3989871,Cc1ccc(NC(=O)[C@H]2CCCN(C(=O)c3c(C)cccc3F)[C@H]2c2ccc(NC3CCCC3)cc2)cc1C(F)(F)F,1,O=C(Nc1ccccc1)C1CCCN(C(=O)c2ccccc2)C1c1ccc(NC2CCCC2)cc1,581.6540000000003,8.048040000000006,61.440000000000005,2,3,6,5,3,0.3939393939393939,42
CHEMBL507822,COC(=O)C[C@@H]1C=CC(=O)O1,0,O=C1C=CCO1,156.13699999999997,0.031099999999999905,52.60000000000001,0,4,2,1,0,0.42857142857142855,11
CHEMBL1707007,N[C@H]1C(O)O[C@H](CO)[C@@H](O)[C@@H]1O,1,C1CCOCC1,179.17200000000003,-3.2549999999999994,116.17000000000002,5,6,1,1,0,1.0,12
CHEMBL1339064,Cc1ccc2ncnc(NCCCCCC(=O)O)c2c1,0,c1ccc2ncncc2c1,273.33599999999996,2.995120000000001,75.11,2,4,7,2,2,0.4,20
CHEMBL1200521,CN(C)CCc1c[nH]c2ccc(CS(=O)(=O)N3CCCC3)cc12,1,O=S(=O)(Cc1ccc2[nH]ccc2c1)N1CCCC1,335.4730000000002,2.1975999999999996,56.410000000000004,1,3,6,3,2,0.5294117647058824,23
CHEMBL364386,Cc1ccccc1C(=O)c1cnc(NCCCNS(=O)(=O)c2cccs2)s1,0,O=C(c1ccccc1)c1cnc(NCCCNS(=O)(=O)c2cccs2)s1,421.5690000000001,3.5245200000000017,88.16,2,7,9,3,3,0.2222222222222222,27
CHEMBL146348,Nc1ccn([C@@H]2O[C@H](CO)[C@@H](O)[C@H]2NOCc2ccccc2)c(=O)n1,0,O=c1ncccn1C1OCCC1NOCc1ccccc1,348.3590000000001,-0.8338999999999999,131.86,4,8,6,3,2,0.375,25
CHEMBL1896966,CCC(C)NC(=O)c1nn(C)c(=O)c2ccccc12,0,O=c1[nH]ncc2ccccc12,259.309,1.4617999999999993,63.99,1,3,3,2,2,0.35714285714285715,19
CHEMBL4594300,Nc1nc(=O)c2c([nH]1)N[C@@H]1O[C@@H]3COP(=O)(O)O[C@@H]3C(O)(O)[C@@H]1N2,1,O=c1nc[nH]c2c1NC1CC3O[PH](=O)OCC3OC1N2,363.223,-2.5202999999999998,201.27999999999997,7,11,0,4,1,0.6,24
CHEMBL232201,CCc1oc2ccccc2c1C(=O)c1cc(I)c(O)c(I)c1,1,O=C(c1ccccc1)c1coc2ccccc12,518.0880000000001,5.141000000000003,50.44,1,3,3,3,3,0.11764705882352941,22
CHEMBL534897,CN(C)CCNC(=O)c1cccc2c1nc(-c1cccc(Cl)c1)c1ccccc12,0,c1ccc(-c2nc3ccccc3c3ccccc23)cc1,403.9130000000001,4.999800000000004,45.230000000000004,1,3,5,4,4,0.16666666666666666,29
CHEMBL1272317,CSc1nc(-c2ccc(F)cc2)c(-c2ccnc(NC(=O)/C=C/c3ccc(C)cc3)c2)[nH]1,0,O=C(C=Cc1ccccc1)Nc1cc(-c2[nH]cnc2-c2ccccc2)ccn1,444.53500000000014,5.960020000000004,70.67,2,4,6,4,4,0.08,32
CHEMBL550755,O=c1[nH]cnc2c([C@@H]3N[C@H](CO)[C@@H](O)[C@H]3O)c[nH]c12,1,O=c1[nH]cnc2c(C3CCCN3)c[nH]c12,266.25700000000006,-2.0218,134.26000000000002,6,6,2,3,2,0.45454545454545453,19
CHEMBL2362713,O=S(=O)(O)c1cc(O)c2c(N=Nc3ccc(Nc4ccccc4)c4c(S(=O)(=O)O)cccc34)cc(S(=O)(=O)O)cc2c1,0,c1ccc(Nc2ccc(N=Nc3cccc4ccccc34)c3ccccc23)cc1,629.6500000000003,5.597700000000004,220.08999999999997,5,10,7,5,5,0.0,42
CHEMBL1650559,CN[C@@H]1[C@@H](O)[C@@H](O[C@@H]2[C@@H](O)[C@H](O[C@H]3OC(CNCCO)=CC[C@H]3N)[C@@H](N)C[C@H]2NC(=O)[C@@H](O)CCN)OC[C@]1(C)O,1,C1=COC(OC2CCCC(OC3CCCCO3)C2)CC1,592.6910000000003,-5.361100000000009,269.29,11,15,13,3,0,0.88,41
CHEMBL1201056,CCn1ccc(NS(=O)(=O)c2ccc(N)cc2)nc1=O,1,O=c1nc(NS(=O)(=O)c2ccccc2)cc[nH]1,294.336,0.6462000000000001,107.08000000000001,2,5,4,2,2,0.16666666666666666,20
CHEMBL3187723,Cn1cnc2c(F)c(Nc3ccc(Br)cc3F)c(C(=O)NOCCO)cc21,1,c1ccc(Nc2ccc3[nH]cnc3c2)cc1,441.2320000000002,3.0113000000000003,88.41000000000001,3,5,6,3,3,0.17647058823529413,27
CHEMBL1442422,CN(C)CCN1C(=O)c2ccccc2N(C)c2ccccc21,1,O=C1Nc2ccccc2Nc2ccccc21,295.386,2.976300000000001,26.79,0,3,3,3,2,0.2777777777777778,22
CHEMBL2106439,CCCCCCCCCCCCCCCC(=O)OCCC1CCN(CCCN2c3ccccc3Sc3ccc(S(=O)(=O)N(C)C)cc32)CC1,1,c1ccc2c(c1)Sc1ccccc1N2CCCN1CCCCC1,714.095,10.056299999999998,70.16,0,7,23,4,2,0.675,49
CHEMBL514,O=NN(CCCl)C(=O)NC1CCCCC1,1,C1CCCCC1,233.69899999999996,2.2509000000000006,61.77,1,3,4,1,0,0.8888888888888888,15
CHEMBL1444305,Clc1cccc(CSc2ccc(-c3ccco3)nn2)c1,0,c1ccc(CSc2ccc(-c3ccco3)nn2)cc1,302.786,4.682300000000003,38.92,0,4,4,3,3,0.06666666666666667,20
CHEMBL1201341,CCOP(=O)(OCC)SCC[N+](C)(C)C,1,,256.328,2.6069000000000004,35.53,0,4,8,0,0,1.0,15
CHEMBL3310180,Cc1c(C)c2c(c(C)c1O)C=CC(C)(COCc1cc(-c3ccc(F)cc3)no1)O2,0,C1=CC(COCc2cc(-c3ccccc3)no2)Oc2ccccc21,409.4570000000001,5.492660000000004,64.72,1,5,5,4,3,0.2916666666666667,30
CHEMBL3264451,CCCCCCCC(=O)NCC#Cc1cn([C@H]2C[C@H](O)[C@@H](COP(=O)(N[C@@H](C)C(=O)OCc3ccccc3)Oc3cccc4ccccc34)O2)c(=O)[nH]c1=O,0,O=C(CNP(=O)(OCC1CCC(n2ccc(=O)[nH]c2=O)O1)Oc1cccc2ccccc12)OCc1ccccc1,774.8080000000002,5.091600000000003,187.27999999999997,4,10,18,5,4,0.4,55
CHEMBL2159236,CO[C@@H]1[C@@H](O)[C@@H](O)[C@H](Oc2ccc(CCNC(C)=O)c(-c3cccc(C)c3)c2)OC1(C)C,0,c1ccc(-c2cccc(OC3CCCCO3)c2)cc1,443.5400000000002,2.59112,97.25000000000001,3,6,7,3,2,0.48,32
CHEMBL1200622,C[C@H](/C=C/[C@H](C)C(C)(C)O)[C@H]1CC[C@H]2/C(=C/C=C3C[C@@H](O)C[C@H](O)C3)CCC[C@]12C,1,C(C=C1CCCC2CCCC12)=C1CCCCC1,416.6460000000003,5.560600000000008,60.69,3,3,5,3,0,0.7777777777777778,30
CHEMBL1614701,Cn1cnc2c(F)c(Nc3ccc(Br)cc3Cl)c(C(=O)NOCCO)cc21,1,c1ccc(Nc2ccc3[nH]cnc3c2)cc1,457.68700000000024,3.5256000000000016,88.41000000000001,3,5,6,3,3,0.17647058823529413,27
CHEMBL43128,COc1cc(NC(C)CCCN)c2ncccc2c1,1,c1ccc2ncccc2c1,259.35299999999995,2.782700000000001,60.17,2,4,6,2,2,0.4,19
CHEMBL1539889,Cc1onc(-c2c(F)cccc2Cl)c1C(=O)Nc1nc2ccccc2[nH]1,0,O=C(Nc1nc2ccccc2[nH]1)c1conc1-c1ccccc1,370.7710000000001,4.571120000000001,83.81,2,4,3,4,4,0.05555555555555555,26
CHEMBL2107333,COC(=O)/C=C/C(=O)OC,1,,144.12599999999998,-0.11140000000000017,52.60000000000001,0,4,2,0,0,0.3333333333333333,10
CHEMBL1388871,Cc1ccc2c(c1)N=C(c1ccccc1)CC(C(Cl)Cl)=N2,0,C1=Nc2ccccc2N=C(c2ccccc2)C1,317.219,5.3957200000000025,24.72,0,2,2,3,2,0.17647058823529413,21
CHEMBL296419,COc1ccc(CCN2CCC(Nc3nc4ccccc4n3Cc3ccc(F)cc3)CC2)cc1,1,c1ccc(CCN2CCC(Nc3nc4ccccc4n3Cc3ccccc3)CC2)cc1,458.58100000000024,5.351300000000005,42.32,1,4,8,5,4,0.32142857142857145,34
CHEMBL3503849,CN(Cc1cccnc1)[C@@H]1CN(C(=O)c2ccno2)[C@@H]2CCCO[C@H]12,0,O=C(c1ccno1)N1CC(NCc2cccnc2)C2OCCCC21,342.39900000000017,1.5735999999999999,71.7,0,6,4,4,2,0.5,25
CHEMBL1200909,CC(C)(C)CC(=O)OCC(=O)[C@@]1(O)CC[C@H]2[C@@H]3CCC4=CC(=O)C=C[C@]4(C)[C@H]3[C@@H](O)C[C@@]21C,1,O=C1C=CC2C(=C1)CCC1C3CCCC3CCC21,458.5950000000002,3.5447000000000024,100.90000000000002,2,6,4,4,0,0.7407407407407407,33
CHEMBL498,CCCNC(=O)NS(=O)(=O)c1ccc(Cl)cc1,1,c1ccccc1,276.745,1.7379,75.27000000000001,2,3,4,1,1,0.3,17
CHEMBL1200772,CC(=O)CC(c1ccccc1)c1c(O)c2ccccc2oc1=O,1,O=c1oc2ccccc2cc1Cc1ccccc1,308.3330000000001,3.609600000000003,67.50999999999999,1,4,4,3,3,0.15789473684210525,23
CHEMBL2103846,CC(=O)[C@@]1(O)CC[C@H]2[C@@H]3CCC4=CC(=O)CCC4=C3[C@@H](c3ccc(N(C)C)cc3)C[C@@]21C,1,O=C1C=C2CCC3C(=C2CC1)C(c1ccccc1)CC1CCCC13,433.59200000000016,4.972200000000005,57.61,1,4,3,5,1,0.5714285714285714,32
CHEMBL4284135,Cc1cc(=O)c(O)c([C@H](CC(=O)N2CCc3c([nH]c4ccccc34)C2)c2ccnc3ccccc23)o1,0,O=C(CC(c1cc(=O)cco1)c1ccnc2ccccc12)N1CCc2c([nH]c3ccccc23)C1,479.5360000000002,4.790220000000004,99.43,2,5,4,6,5,0.20689655172413793,36
CHEMBL1195611,CN1CCC[C@H]1Cn1ccc2ccccc21,0,c1ccc2c(c1)ccn2CC1CCCN1,214.312,2.735500000000001,8.17,0,1,2,3,2,0.42857142857142855,16
CHEMBL1881813,O=C(NCc1ccccn1)c1ccc(Cn2cc(C(F)(F)F)ccc2=O)cc1,0,O=C(NCc1ccccn1)c1ccc(Cn2ccccc2=O)cc1,387.361,3.240400000000002,63.99,1,3,5,3,3,0.15,28
CHEMBL3414621,CCN(c1cc(-c2ccc(CN3CCOCC3)cc2)cc(C(=O)NCc2c(C)cc(C)[nH]c2=O)c1C)C1CCOCC1,1,O=C(NCc1ccc[nH]c1=O)c1cc(NC2CCOCC2)cc(-c2ccc(CN3CCOCC3)cc2)c1,572.75,4.734660000000003,86.9,2,6,9,5,3,0.47058823529411764,42
CHEMBL6068337,Nc1cccc2c1CN(C1CCC(=O)NC1=O)C2=O,1,O=C1CCC(N2Cc3ccccc3C2=O)C(=O)N1,259.265,0.029799999999999882,92.5,2,4,1,3,1,0.3076923076923077,19
CHEMBL7413,C=CCC1(C(C)C#CCC)C(=O)NC(=O)N(C)C1=O,1,O=C1CC(=O)NC(=O)N1,262.30899999999997,1.3066,66.48,1,3,3,1,0,0.5,19
CHEMBL1201177,CC(C)(C)NC[C@H](O)COc1cccc2c1CCCC2=O,1,O=C1CCCc2ccccc21,291.391,2.3334,58.559999999999995,2,4,5,2,1,0.5882352941176471,21
CHEMBL1200901,CCCCN(CCCC)CCC(O)c1cc2c(Cl)cc(Cl)cc2c2cc(C(F)(F)F)ccc12,1,c1ccc2c(c1)ccc1ccccc12,500.43200000000013,8.644300000000001,23.47,1,2,10,3,3,0.46153846153846156,33
CHEMBL1319139,CN(Cc1cc(Br)cc(Br)c1N)C1CCCCC1,1,c1ccc(CNC2CCCCC2)cc1,376.13600000000025,4.558300000000004,29.259999999999998,1,2,3,2,1,0.5714285714285714,18
CHEMBL1200756,Cc1ncc(CO)c(CO)c1O,1,c1ccncc1,169.18,0.08021999999999985,73.58000000000001,3,4,2,1,1,0.375,12
CHEMBL1725255,COc1ccc(-c2nn(Cc3ccccc3)cc2C(=O)N2CCN(c3ccccn3)CC2)cc1OC,0,O=C(c1cn(Cc2ccccc2)nc1-c1ccccc1)N1CCN(c2ccccn2)CC1,483.57200000000034,3.9730000000000034,72.72000000000001,0,6,7,5,4,0.25,36
CHEMBL254328,C[C@]12CC[C@H](O)CC1=CC[C@@H]1[C@@H]2CC[C@]2(C)C(c3cccnc3)=CC[C@@H]12,1,C1=C2CCCCC2C2CCC3C(c4cccnc4)=CCC3C2C1,349.51800000000003,5.398600000000005,33.120000000000005,1,2,1,5,1,0.625,26
CHEMBL2283342,N#Cc1ccc(NC(=O)CSc2nnc(-c3cc4ccccc4oc3=O)o2)cc1,0,O=C(CSc1nnc(-c2cc3ccccc3oc2=O)o1)Nc1ccccc1,404.4070000000001,3.4454800000000017,122.02,1,8,5,4,4,0.05,29
CHEMBL3989768,CN1CC[C@]23CCCC[C@H]2[C@H]1Cc1ccc(O)cc13,1,c1ccc2c(c1)CC1NCCC23CCCCC13,257.377,3.080400000000002,23.47,1,2,0,4,1,0.6470588235294118,19
CHEMBL2010601,CC(C)(C)c1cc(C(C)(C)C)c(NC(=O)c2c[nH]c3ccccc3c2=O)cc1O,1,O=C(Nc1ccccc1)c1c[nH]c2ccccc2c1=O,392.49900000000014,5.081000000000005,82.19,3,3,2,3,3,0.3333333333333333,29
CHEMBL464301,CN(C)C(=O)c1cccc(Nc2c(N[C@@H](c3ccccc3)C(F)(F)F)c(=O)c2=O)c1O,0,O=c1c(NCc2ccccc2)c(Nc2ccccc2)c1=O,433.38600000000014,3.149100000000001,98.74000000000001,3,6,6,3,3,0.19047619047619047,31
CHEMBL3658091,Cc1ccc(NC(=O)c2cccc(C(F)(F)F)c2)cc1N1CCc2nc(Nc3ccc(C(=O)NCCCN4CCCC4)cc3)ncc2C1=O,0,O=C(NCCCN1CCCC1)c1ccc(Nc2ncc3c(n2)CCN(c2cccc(NC(=O)c4ccccc4)c2)C3=O)cc1,671.7239999999999,6.218320000000006,119.56,3,7,10,6,4,0.3055555555555556,49
CHEMBL689,OC[C@@H](O)[C@@H](O)[C@H](O)[C@H](O)CO,1,,182.172,-3.5854000000000004,121.38000000000001,6,6,5,0,0,1.0,12
CHEMBL3904059,CCn1c(=O)c2cn[nH]c2c2ccc(-c3cnc(F)c(C)c3)cc21,0,O=c1[nH]c2cc(-c3cccnc3)ccc2c2[nH]ncc12,322.3430000000001,3.4072200000000015,63.57,1,3,2,4,4,0.16666666666666666,24
CHEMBL25802,Oc1cc(C(F)(F)F)c2cc3c(cc2n1)NC[C@H]1CCCC[C@H]31,0,c1cnc2cc3c(cc2c1)C1CCCCC1CN3,322.3300000000002,4.658500000000003,45.150000000000006,2,3,0,4,2,0.47058823529411764,23
CHEMBL2220427,CCC(=O)O[C@H]1[C@H](O[C@@H]2[C@@H](C)[C@H](O[C@H]3C[C@@](C)(OC)[C@@H](O)[C@H](C)O3)[C@@H](C)C(=O)O[C@H](CC)[C@@](C)(O)[C@H](O)[C@@H](C)C(=O)[C@H](C)C[C@@]2(C)O)O[C@H](C)C[C@@H]1N(C)C,1,O=C1CCCCOC(=O)CC(OC2CCCCO2)CC(OC2CCCCO2)CCC1,790.0010000000001,2.7465000000000055,199.98,4,15,9,3,0,0.925,55
CHEMBL48582,C[C@H](NCc1ccc(OCc2cccc(F)c2)cc1)C(N)=O,1,c1ccc(COc2ccccc2)cc1,302.34900000000005,2.3681,64.35,2,3,7,2,2,0.23529411764705882,22
CHEMBL3642288,CN1CCN(C2CCN(c3ccc(Nc4nc5c(-c6ccc(S(C)(=O)=O)cc6)cccn5n4)cc3)CC2)CC1,0,c1ccc(-c2cccn3nc(Nc4ccc(N5CCC(N6CCNCC6)CC5)cc4)nc23)cc1,545.713,3.7596000000000025,86.08,1,8,6,6,4,0.3793103448275862,39
CHEMBL4248256,C=CC(=O)N1CCC(Cn2nc(-c3cnn(CCOC)c3)c3c(N)ncnc32)CC1,0,c1ncc2c(-c3cn[nH]c3)nn(CC3CCNCC3)c2n1,410.4820000000002,1.3429999999999995,116.98,1,7,7,4,3,0.45,30
CHEMBL443,Cc1cc(NS(=O)(=O)c2ccc(N)cc2)no1,1,O=S(=O)(Nc1ccon1)c1ccccc1,253.28300000000002,1.3660199999999998,98.22,2,5,3,2,2,0.1,17
CHEMBL1159650,CCC(=O)O[C@]1(C(=O)CCl)[C@@H](C)C[C@H]2[C@@H]3CCC4=CC(=O)C=C[C@]4(C)[C@@]3(F)[C@@H](O)C[C@@]21C,1,O=C1C=CC2C(=C1)CCC1C3CCCC3CCC21,466.97700000000026,4.103100000000003,80.67,1,5,4,4,0,0.72,32
CHEMBL3315267,O=C1CCC(NC2=NC(C3CC3)NC(c3cccc(Cl)c3)=N2)CN1,0,O=C1CCC(NC2=NC(C3CC3)NC(c3ccccc3)=N2)CN1,345.834,1.6501,77.88,3,5,3,4,1,0.47058823529411764,24
CHEMBL1354199,C[N+]1(C)[C@@H]2C[C@@H](OC(=O)[C@H](CO)c3ccccc3)C[C@H]1[C@@H]1O[C@@H]12,1,O=C(Cc1ccccc1)OC1CC2[NH2+]C(C1)C1OC21,318.3930000000001,1.0626999999999995,59.06,1,4,4,4,1,0.6111111111111112,23
CHEMBL1562610,Cc1ccc(Cl)c(Nc2ccccc2C(=O)O)c1Cl,1,c1ccc(Nc2ccccc2)cc1,296.153,4.743620000000003,49.33,2,2,3,2,2,0.07142857142857142,19
CHEMBL1079,Clc1ccc2nsnc2c1NC1=NCCN1,1,c1cc(NC2=NCCN2)c2nsnc2c1,253.718,1.7157999999999993,62.2,2,6,1,3,2,0.2222222222222222,16
CHEMBL3690178,CCCn1c(C(=O)Nc2ccc(Cn3nc(C)c(CC(=O)O)c3C)c(F)c2)cc2ccc(F)cc21,0,O=C(Nc1ccc(Cn2cccn2)cc1)c1cc2ccccc2[nH]1,480.51500000000016,5.070540000000004,89.15,2,3,8,4,4,0.2692307692307692,35
CHEMBL390234,O=C1N[C@H]2n3c(cc(Br)c3Br)C(=O)N3CCC[C@]23N1,0,O=C1NC2n3cccc3C(=O)N3CCCC23N1,390.03500000000014,1.7703999999999998,66.37,2,2,0,4,1,0.45454545454545453,19
CHEMBL1549414,COc1ccc(NC(=O)CSc2nnc(-c3ccoc3C)n2CCc2ccccc2)cc1,0,O=C(CSc1nnc(-c2ccoc2)n1CCc1ccccc1)Nc1ccccc1,448.54800000000023,4.828620000000004,82.18,1,6,9,4,4,0.20833333333333334,32
CHEMBL233074,C/C(=N\OCCCCCBr)C1=CC[C@H]2[C@@H]3CC=C4C[C@@H](O)CC[C@]4(C)[C@H]3CC[C@]12C,0,C1=CC2CCC3C4CCCCC4=CCC3C2C1,478.5150000000004,6.804100000000008,41.82,1,3,7,4,0,0.8076923076923077,30
CHEMBL1206077,CCCCCOc1ccccc1C(O)CCCCCCC(=O)O,0,c1ccccc1,322.44500000000005,4.7142000000000035,66.76,2,3,13,1,1,0.631578947368421,23
CHEMBL322335,O=C(O)C1Cc2c(ncn2Cc2ccccc2)CN1C(=O)CC(c1ccccc1)c1ccccc1,0,O=C(CC(c1ccccc1)c1ccccc1)N1CCc2c(ncn2Cc2ccccc2)C1,465.55300000000017,4.491500000000005,75.43,1,3,7,5,4,0.20689655172413793,35
CHEMBL1201159,CCC(=O)N(c1ccccc1)C1CCN(CCc2ccccc2)CC1,1,c1ccc(CCN2CCC(Nc3ccccc3)CC2)cc1,336.47900000000004,4.136700000000004,23.550000000000004,0,2,6,3,2,0.4090909090909091,25
CHEMBL3648971,Cc1nc(N)nc2c1cc(-c1cnc3[nH]ccc3c1)c(=O)n2C1CCOCC1,0,O=c1c(-c2cnc3[nH]ccc3c2)cc2cncnc2n1C1CCOCC1,376.42000000000024,2.5769200000000003,111.71,2,6,2,5,4,0.3,28
CHEMBL1201208,CC1NCCOC1c1ccccc1,1,c1ccc(C2CNCCO2)cc1,177.247,1.736,21.259999999999998,1,2,1,2,1,0.45454545454545453,13
CHEMBL1201168,Cc1cc(C(=O)NNCc2ccccc2)no1,1,O=C(NNCc1ccccc1)c1ccon1,231.25500000000002,1.4176199999999997,67.16,2,4,4,2,2,0.16666666666666666,17
CHEMBL3805432,COC(=O)c1c(O)cc(O)c(Cl)c1CCc1nccn1Cc1ccc(C#N)cc1,0,c1ccc(CCc2nccn2Cc2ccccc2)cc1,411.8450000000001,3.4394800000000023,108.37,2,6,6,3,3,0.19047619047619047,29
CHEMBL2017990,CCC[C@H](CNC(=O)c1nc(Cl)c(N)nc1N)[N+](C)(C)C,0,c1cnccn1,315.82900000000006,0.899100000000001,106.92,3,5,6,1,1,0.6153846153846154,21
CHEMBL3643046,CCC(CC)Nc1ccc(C#Cc2csc(C)n2)cn1,0,C(#Cc1cscn1)c1cccnc1,285.416,3.846820000000003,37.81,1,4,4,2,2,0.375,20
CHEMBL458368,C[C@H]1N[C@@H](CO)[C@@H](O)[C@H]1O,0,C1CCNC1,147.174,-1.9391999999999996,72.72,4,4,1,1,0,1.0,10
CHEMBL3556387,Cc1nc(CN2CCCn3cnc(COC(C)C)c3C2)cs1,0,c1nc(CN2CCCn3cncc3C2)cs1,320.46200000000005,2.9789200000000013,43.18000000000001,0,5,5,3,2,0.625,22
CHEMBL1424423,O=S(=O)(Cc1ccccc1)c1nc2ccccc2n1Cc1ccccn1,0,O=S(=O)(Cc1ccccc1)c1nc2ccccc2n1Cc1ccccn1,363.4420000000001,3.453500000000002,64.85,0,4,5,4,4,0.1,26
CHEMBL298719,CC(C)C[C@@H](C(=O)N[C@H](Cc1ccccc1)C(N)=O)N1CCC2(CCCN2C(=O)[C@H](Cc2ccccc2)NC(=O)[C@H](Cc2ccccc2)NC(=O)CCCN)C1=O,0,O=C(CN1CCC2(CCCN2C(=O)C(Cc2ccccc2)NC(=O)CCc2ccccc2)C1=O)NCCc1ccccc1,779.983,2.401300000000007,197.02999999999997,5,7,19,5,3,0.45454545454545453,57
CHEMBL536898,COc1ccc(Cl)cc1N1CCN(CCCNC(=O)c2ccc(-c3nc4cc(Cl)c(C)cc4[nH]3)c(F)c2)CC1,0,O=C(NCCCN1CCN(c2ccccc2)CC1)c1ccc(-c2nc3ccccc3[nH]2)cc1,570.4960000000001,5.934920000000005,73.49000000000001,2,5,8,5,4,0.3103448275862069,39
CHEMBL3908658,C[C@H](Nc1ncnc(N)c1C#Cc1cnccn1)c1nc2cccc(S(C)(=O)=O)c2c(=O)n1-c1ccccc1,0,O=c1c2ccccc2nc(CNc2ncncc2C#Cc2cnccn2)n1-c1ccccc1,538.5930000000003,2.524300000000001,158.64,2,10,5,5,5,0.1111111111111111,39
CHEMBL1819353,CCOc1ccc(C[C@H](NC(=O)[C@H](Cc2ccccc2)NC(=O)c2ccccc2)C(=O)O)cc1,0,O=C(NC(Cc1ccccc1)C(=O)NCCc1ccccc1)c1ccccc1,460.53000000000014,3.238500000000001,104.73,3,4,11,3,3,0.2222222222222222,34
CHEMBL2018096,OC[C@H]1O[C@@H](c2ccc(F)c(Cc3cc4ccccc4s3)c2)[C@H](O)[C@@H](O)[C@@H]1O,1,c1cc(Cc2cc3ccccc3s2)cc(C2CCCCO2)c1,404.459,2.1461,90.15,4,6,4,4,3,0.3333333333333333,28
CHEMBL304419,O=C(O)CCCC1C=CC(C(=O)NC(Cc2ccc3sccc(=O)c3c2)C(=O)O)n2c(=O)n(CC3CCCCC3)c(=O)n21,0,O=C(NCCc1ccc2sccc(=O)c2c1)C1C=CCn2c(=O)n(CC3CCCCC3)c(=O)n21,610.689,2.6857000000000006,169.7,3,7,11,5,3,0.4666666666666667,43
CHEMBL3326218,COc1ccc(O[C@H]([C@H](Oc2ccc(OC)cc2)c2cnc(-c3ccc(Cl)cc3)nc2)[C@@H](COC(c2ccccc2)(c2ccccc2)c2ccccc2)OS(C)(=O)=O)cc1,0,c1ccc(OC(CCOC(c2ccccc2)(c2ccccc2)c2ccccc2)C(Oc2ccccc2)c2cnc(-c3ccccc3)nc2)cc1,843.3980000000004,9.7354,115.30000000000001,0,10,18,7,7,0.16666666666666666,60
CHEMBL435,NS(=O)(=O)c1cc2c(cc1Cl)NCNS2(=O)=O,1,O=S1(=O)NCNc2ccccc21,297.74500000000006,-0.35129999999999967,118.35999999999999,3,5,1,2,1,0.14285714285714285,17
CHEMBL1097394,Clc1ccc(CNCCC2C[C@@H]2c2c[nH]cn2)cc1,0,c1ccc(CNCCC2CC2c2c[nH]cn2)cc1,275.783,3.3465000000000016,40.71,2,2,6,3,2,0.4,19
CHEMBL4172884,CC(=O)Nc1cc(C(=O)Nc2cc(C(=O)Nc3nc(C(=O)NCCCN(C)C)c(CCC(C)C)s3)n(C)c2)n(C)c1,0,O=C(Nc1c[nH]c(C(=O)Nc2nccs2)c1)c1ccc[nH]1,584.7470000000003,3.5532000000000012,142.39000000000004,4,7,13,3,3,0.4642857142857143,41
CHEMBL1200485,CNC(=O)c1cc(Oc2ccc(NC(=O)Nc3ccc(Cl)c(C(F)(F)F)c3)cc2)ccn1,1,O=C(Nc1ccccc1)Nc1ccc(Oc2ccncc2)cc1,464.83100000000013,5.549700000000003,92.35000000000001,3,4,5,3,3,0.09523809523809523,32
CHEMBL300664,O=C1C(=O)c2cc(-c3ccccc3F)ccc2-c2ccccc21,0,O=C1C(=O)c2cc(-c3ccccc3)ccc2-c2ccccc21,302.30400000000003,4.538700000000003,34.14,0,2,1,4,3,0.0,23
CHEMBL2017148,O=C(Nc1ccccc1)[C@H]1CCC23CCN(CC4CC4)CC2(Cc2ccc(O)cc23)C1,0,O=C(Nc1ccccc1)C1CCC23CCN(CC4CC4)CC2(Cc2ccccc23)C1,416.5650000000002,4.727000000000006,52.57000000000001,2,3,4,6,2,0.5185185185185185,31
CHEMBL1086440,CSc1nc2cc(Cl)c(Oc3cccc(Cl)c3Cl)cc2[nH]1,1,c1ccc(Oc2ccc3nc[nH]c3c2)cc1,359.665,6.037300000000002,37.91,1,3,3,3,3,0.07142857142857142,21
CHEMBL2377092,N#Cc1cccc(-c2nc(N)c3cc(Cc4ccccc4Cl)sc3n2)c1,0,c1ccc(Cc2cc3cnc(-c4ccccc4)nc3s2)cc1,376.87200000000007,5.0563800000000025,75.59,1,5,3,4,4,0.05,26
CHEMBL3098475,CN(C)CCOC(=O)c1c(-c2ccc[nH]c2=O)c2c3occc3c(F)cc2n1Cc1cc2c(N)n[nH]c2cc1F,0,O=c1[nH]cccc1-c1cn(Cc2ccc3[nH]ncc3c2)c2ccc3ccoc3c12,546.5340000000003,4.246200000000002,135.17,3,7,7,6,6,0.17857142857142858,40
CHEMBL297089,CCOC(=O)/C=C/[C@H](CCC(N)=O)NC(=O)[C@H](Cc1ccccc1)n1cccc(NC(=O)OCc2ccccc2)c1=O,0,O=C(Nc1cccn(CCc2ccccc2)c1=O)OCc1ccccc1,574.6340000000002,3.250400000000001,158.82,3,7,14,3,3,0.25806451612903225,42
CHEMBL346908,CCCn1c(=O)c2ccc(NCCN(C)C)c3c(=O)c4cc([N+](=O)[O-])ccc4n(c1=O)c23,0,O=c1[nH]c(=O)n2c3ccccc3c(=O)c3cccc1c32,437.4560000000002,1.8573,118.96000000000001,1,7,7,4,4,0.3181818181818182,32
CHEMBL1200714,CN1C(=O)CCS(=O)(=O)C1c1ccc(Cl)cc1,1,O=C1CCS(=O)(=O)C(c2ccccc2)N1,273.741,1.6155000000000002,54.45,0,3,1,2,1,0.36363636363636365,17
CHEMBL3545059,COCCCOc1cc(C[C@@H](C[C@H](N)[C@@H](O)C[C@H](C(=O)NCC(C)(C)C(N)=O)C(C)C)C(C)C)ccc1OC,1,c1ccccc1,551.7690000000003,3.2935000000000043,146.13,4,7,19,1,1,0.7333333333333333,39
CHEMBL1184887,NCCCCCCCCCn1c2c(c3ccccc3c1=O)C(=O)c1ccccc1-2,0,O=C1c2ccccc2-c2[nH]c(=O)c3ccccc3c21,388.5110000000002,4.902300000000006,65.09,1,3,9,4,3,0.36,29
CHEMBL1201153,CCC(NC(C)C)C(O)c1ccc(O)c(O)c1,1,c1ccccc1,239.315,1.9077999999999997,72.72,4,4,5,1,1,0.5384615384615384,17
CHEMBL316561,CCCN(CCC)C(=O)C(CCC(=O)O)NC(=O)c1ccccc1,1,c1ccccc1,334.41600000000005,2.2984,86.71000000000001,2,3,10,1,1,0.5,24
CHEMBL3963435,CCCC[C@H](NC(C)=O)C(=O)N[C@H]1CCC(=O)NCC[C@@H](C(N)=O)NC(=O)[C@H](CCCNC(=N)N)NC(=O)[C@@H](Cc2ccc(C)cc2)NC(=O)[C@H](CCCN)NC1=O,0,O=C1CCCC(=O)NCC(=O)NC(Cc2ccccc2)C(=O)NCC(=O)NCCCN1,814.9899999999999,-2.5560100000000148,334.7099999999999,12,10,16,2,1,0.6052631578947368,58
CHEMBL3594213,O=C(CCCCCC(=O)NCc1cc(C(=O)Nc2ccccc2)c2cc(Br)ccc2n1)NO,0,O=C(Nc1ccccc1)c1ccnc2ccccc12,513.3920000000002,4.321700000000002,120.42,4,5,10,3,3,0.25,33
CHEMBL298832,O=C(Nc1ccc(CO)cc1)[C@H](Cc1ccc2ccccc2c1)N/C(=N/C1CCCCC1)NC1CCCCC1,0,O=C(Nc1ccccc1)C(Cc1ccc2ccccc2c1)NC(=NC1CCCCC1)NC1CCCCC1,526.7250000000004,6.082500000000006,85.75,4,3,8,5,3,0.45454545454545453,39
CHEMBL358518,COc1cc(O)cc(C)c1/C=C/C(=O)c1ccc(O)cc1,0,O=C(C=Cc1ccccc1)c1ccccc1,284.311,3.310920000000001,66.76,2,4,4,2,2,0.11764705882352941,21
CHEMBL183755,Cc1c(NS(C)(=O)=O)cccc1N(Cc1ccccc1)Cc1ccc(Oc2cccc(CCCC(=O)O)c2)cc1,0,c1ccc(CN(Cc2ccc(Oc3ccccc3)cc2)c2ccccc2)cc1,558.7000000000004,6.772920000000007,95.94000000000001,2,5,13,4,4,0.21875,40
CHEMBL1201243,CN(C)/C=N/c1c(I)cc(I)c(CCC(=O)O)c1I,1,c1ccccc1,597.9600000000002,3.7390000000000025,52.900000000000006,1,2,5,1,1,0.3333333333333333,19
CHEMBL1201269,CC(C)(N)Cc1ccc(Cl)cc1,1,c1ccccc1,183.682,2.6198000000000006,26.02,1,1,2,1,1,0.4,12
CHEMBL3699806,O=C(Cc1nc(N2CCOCC2)cc(=O)[nH]1)N1CCOc2c(Cl)cccc21,0,O=C(Cc1nc(N2CCOCC2)cc(=O)[nH]1)N1CCOc2ccccc21,390.82700000000017,1.2279999999999995,87.76,1,6,3,4,2,0.3888888888888889,27
CHEMBL356088,Cc1noc(/C=C2/CN3CCC2CC3)c1C,0,C(=C1CN2CCC1CC2)c1ccno1,218.29999999999995,2.4004400000000006,29.270000000000003,0,3,1,4,1,0.6153846153846154,16
CHEMBL3989820,Cc1ccc(-c2nc3ccc(C)cn3c2CC(=O)N(C)C)cc1,1,c1ccc(-c2cn3ccccc3n2)cc1,307.39700000000005,3.2488400000000013,37.61000000000001,0,2,3,3,3,0.2631578947368421,23
CHEMBL163,CC(C)c1nc(CN(C)C(=O)N[C@H](C(=O)N[C@@H](Cc2ccccc2)C[C@H](O)[C@H](Cc2ccccc2)NC(=O)OCc2cncs2)C(C)C)cs1,1,O=C(CNC(=O)NCc1cscn1)NC(CCC(Cc1ccccc1)NC(=O)OCc1cncs1)Cc1ccccc1,720.9620000000001,5.905200000000005,145.77999999999997,4,9,17,4,4,0.43243243243243246,50
CHEMBL189171,COc1ccc2c(c1)c(CC(=O)OCC(=O)O)c(C)n2C(=O)c1ccc(Cl)cc1,1,O=C(c1ccccc1)n1ccc2ccccc21,415.82900000000006,3.4705200000000014,94.82999999999998,1,5,6,3,3,0.19047619047619047,29
CHEMBL1203664,CCOC(=O)C1=C(COCCc2cccnc2)N=C(COCCc2cccnc2)/C(=C(/O)OCC)C1c1cccc([N+](=O)[O-])c1,0,C=C1C(COCCc2cccnc2)=NC(COCCc2cccnc2)=CC1c1ccccc1,616.6710000000004,5.064900000000005,155.50000000000003,1,11,16,4,3,0.3333333333333333,45
CHEMBL104,Clc1ccccc1C(c1ccccc1)(c1ccccc1)n1ccnc1,1,c1ccc(C(c2ccccc2)(c2ccccc2)n2ccnc2)cc1,344.845,5.376700000000004,17.82,0,1,4,4,4,0.045454545454545456,25
CHEMBL3989571,CN[C@@H]1[C@H](O)[C@H](NC)[C@H]2O[C@@]3(O)C(=O)C[C@@H](C)O[C@H]3O[C@@H]2[C@H]1O,1,O=C1CCOC2OC3CCCCC3OC12,332.353,-2.9255999999999953,129.51,5,9,2,3,0,0.9285714285714286,23
CHEMBL259571,CC(C)c1c(O)cc(/C=C/c2ccccc2)cc1O,1,C(=Cc1ccccc1)c1ccccc1,254.329,4.391600000000004,40.46,2,2,3,2,2,0.17647058823529413,19
CHEMBL1200419,CCc1c(C)[nH]c2c1C(=O)C(CN1CCOCC1)CC2,1,O=C1c2cc[nH]c2CCC1CN1CCOCC1,276.38,1.96282,45.33,1,3,3,3,1,0.6875,20
CHEMBL3593356,CCC[C@H]1CNC(=O)C(=O)N1C[C@@H]1CCCN1C[C@H](Cc1ccc(O)cc1)N1C[C@H](Cc2ccc(O)cc2)N(CC2CCC(C(C)(C)C)CC2)C(=O)C1=O,0,O=C1NCCN(CC2CCCN2CC(Cc2ccccc2)N2CC(Cc3ccccc3)N(CC3CCCCC3)C(=O)C2=O)C1=O,743.9899999999997,4.735000000000004,133.73,3,7,13,6,2,0.627906976744186,54
CHEMBL2413150,CC(C)(N)C(=O)N[C@@H](Cc1c[nH]c2ccccc12)C(=O)N1CCC[C@]2(CC1)C(=O)Nc1ccccc12,0,O=C(CCc1c[nH]c2ccccc12)N1CCCC2(CC1)C(=O)Nc1ccccc12,487.6040000000004,2.8351000000000006,120.32,4,4,5,5,3,0.39285714285714285,36
CHEMBL3984126,N#Cc1ccc(CC(=O)N2CC[C@](c3ccc(C(OCc4c(F)cccc4F)(C(F)(F)F)C(F)(F)F)cc3)(S(=O)(=O)c3ccc(F)cc3)C2)cc1,0,O=C(Cc1ccccc1)N1CCC(c2ccc(COCc3ccccc3)cc2)(S(=O)(=O)c2ccccc2)C1,740.6440000000001,7.656480000000006,87.47,0,5,9,5,4,0.2571428571428571,51
CHEMBL1200863,N[C@@H](Cc1ccc(N(CCCl)CCCl)cc1)C(=O)O,1,c1ccccc1,305.205,1.925,66.56,2,3,8,1,1,0.46153846153846156,19
CHEMBL1201201,CN[C@@H](C)Cc1ccccc1,1,c1ccccc1,149.237,1.837,12.03,1,1,3,1,1,0.4,11
CHEMBL3544914,CC(C)(CO)c1cc2cc(NC(=O)C3(c4ccc5c(c4)OC(F)(F)O5)CC3)c(F)cc2n1C[C@@H](O)CO,1,O=C(Nc1ccc2[nH]ccc2c1)C1(c2ccc3c(c2)OCO3)CC1,520.5040000000002,3.395300000000002,113.18,4,6,8,5,3,0.4230769230769231,37
CHEMBL202030,CCC(CC)Oc1cc([N+](=O)[O-])ccc1N(C)S(C)(=O)=O,0,c1ccccc1,316.379,2.5580000000000007,89.75,0,5,7,1,1,0.5384615384615384,21
CHEMBL452277,Cc1cccc(Cl)c1NC(=O)Nc1cc2ccccc2cc1C(=O)NCC(=O)O,0,O=C(Nc1ccccc1)Nc1ccc2ccccc2c1,411.8450000000002,4.260020000000002,107.53000000000002,4,3,5,3,3,0.09523809523809523,29
CHEMBL548605,O=C(NCCCCNCC(Cc1cccc(O)c1)c1ccccc1)c1ccc(NC(=O)c2ccc(Cl)cc2)cc1,0,O=C(NCCCCNCC(Cc1ccccc1)c1ccccc1)c1ccc(NC(=O)c2ccccc2)cc1,556.1060000000002,6.424000000000007,90.46000000000001,4,4,13,4,4,0.21212121212121213,40
CHEMBL607,CCOC(=O)C1(c2ccccc2)CCN(C)CC1,1,c1ccc(C2CCNCC2)cc1,247.33799999999994,2.2131,29.54,0,3,3,2,1,0.5333333333333333,18
CHEMBL1200819,CCCNC(C)C(=O)Nc1c(C)csc1C(=O)OC,1,c1ccsc1,284.38100000000003,2.16972,67.43,2,5,6,1,1,0.5384615384615384,19
CHEMBL1010,CO/N=C(\C(=O)N[C@@H]1C(=O)N2C(C(=O)O)=C(COC(C)=O)CS[C@H]12)c1csc(N)n1,1,N=C(C(=O)NC1C(=O)N2C=CCSC12)c1cscn1,455.47400000000016,-0.6224999999999987,173.51,3,11,7,3,1,0.375,30
CHEMBL272427,C[C@H](CCC(=O)NCCS(=O)(=O)O)[C@H]1CC[C@H]2[C@@H]3[C@@H](O)C[C@@H]4C[C@H](O)CC[C@]4(C)[C@H]3CC[C@]12C,1,C1CCC2C(C1)CCC1C3CCCC3CCC21,499.71400000000034,3.3973000000000013,123.93,4,5,7,4,0,0.9615384615384616,34
CHEMBL2337686,CCCCc1c[n+](Cc2ccc(-c3ccccc3-c3nn[nH]n3)cc2)cn1Cc1ccc(-c2ccccc2-c2nn[nH]n2)cc1,0,c1ccc(-c2nn[nH]n2)c(-c2ccc(Cn3cc[n+](Cc4ccc(-c5ccccc5-c5nn[nH]n5)cc4)c3)cc2)c1,593.719,5.909000000000005,117.73,2,6,11,7,7,0.17142857142857143,45
CHEMBL1242832,NC(=O)c1ccc2c(c1)/C(=N/Nc1ccc(S(=O)(=O)NCCOCCO)cc1)C(=O)N2,0,O=C1Nc2ccccc2C1=NNc1ccccc1,447.47300000000024,-0.1590000000000002,172.21,5,8,10,3,2,0.21052631578947367,31
CHEMBL291338,O=C(Nc1ccc(Cl)c(Cl)c1)c1cc(Cl)cc(Cl)c1O,1,O=C(Nc1ccccc1)c1ccccc1,351.0160000000001,5.258100000000002,49.33,2,2,2,2,2,0.0,20
CHEMBL3391728,CC(=O)[C@H]1CC[C@H]2[C@@H]3CC[C@H]4CC(=O)CC[C@]4(C)[C@H]3[C@H](O)C[C@]12C,0,O=C1CCC2C(CCC3C4CCCC4CCC23)C1,332.48400000000004,3.774200000000003,54.370000000000005,1,3,1,4,0,0.9047619047619048,24
CHEMBL156776,COC1C(COC(=O)CBr)OC(n2c3c(Cl)cccc3c3c4c(c5c6cccc(Cl)c6[nH]c5c32)C(=O)NC4=O)C(O)C1O,0,O=C1NC(=O)c2c1c1c3ccccc3[nH]c1c1c2c2ccccc2n1C1CCCCO1,691.3180000000002,4.191700000000006,152.10999999999999,4,8,5,7,5,0.27586206896551724,43
CHEMBL1800916,Cc1c(F)cc(C(=O)NC2CC2)cc1-c1ccc2c(c1)NC(=O)C21CCCC1,0,O=C(NC1CC1)c1cccc(-c2ccc3c(c2)NC(=O)C32CCCC2)c1,378.4470000000002,4.457220000000003,58.2,2,2,3,5,2,0.391304347826087,28
CHEMBL3454874,COc1cccc(-c2cc(NCc3cscn3)n(C)n2)c1,0,c1ccc(-c2cc(NCc3cscn3)[nH]n2)cc1,300.387,3.164300000000001,51.97,1,5,5,3,3,0.2,21
CHEMBL4079816,O=c1oc2c([N+](=O)[O-])c(O)c([N+](=O)[O-])cc2cc1-c1nnn[nH]1,0,O=c1oc2ccccc2cc1-c1nnn[nH]1,320.177,0.4950999999999996,191.17999999999998,2,10,3,3,3,0.0,23
CHEMBL1200409,CCN(CC)CC(=O)Nc1c(C)cccc1C,1,c1ccccc1,234.343,2.5837400000000006,32.34,1,2,5,1,1,0.5,17
CHEMBL1819588,Oc1ccc(C2CC(c3ccc4[nH]c5c(c4c3)CCCC5)=NN2)cc1,0,c1ccc(C2CC(c3ccc4[nH]c5c(c4c3)CCCC5)=NN2)cc1,331.41900000000004,4.1910000000000025,60.41,3,3,2,5,3,0.2857142857142857,25
CHEMBL2064732,CCc1ccc(-c2nc(N)c(C(=O)c3cc(OC)c(OC)c(OC)c3)s2)cc1,0,O=C(c1ccccc1)c1cnc(-c2ccccc2)s1,398.4840000000001,4.211500000000003,83.67,1,7,7,3,3,0.23809523809523808,28
CHEMBL1070,COc1ccc2cc(CCC(C)=O)ccc2c1,1,c1ccc2ccccc2c1,228.29099999999997,3.370000000000002,26.3,0,2,4,2,2,0.26666666666666666,17
CHEMBL254991,C=C[C@]1(C)C[C@@H](OC(=O)CSC2CCN(C(=O)CCn3cnc4c(N5CCC(N)C5)ncnc43)CC2)[C@]2(C)[C@H](C)CC[C@]3(CCC(=O)[C@@H]32)[C@@H](C)[C@@H]1O,0,O=C(CSC1CCN(C(=O)CCn2cnc3c(N4CCCC4)ncnc32)CC1)OC1CCCCC23CCCC1C2C(=O)CC3,735.996,4.3845000000000045,156.76999999999998,2,11,9,7,2,0.7435897435897436,52
CHEMBL1073,Cc1cnc(C(=O)NCCc2ccc(S(=O)(=O)NC(=O)NC3CCCCC3)cc2)cn1,1,O=C(NC1CCCCC1)NS(=O)(=O)c1ccc(CCNC(=O)c2cnccn2)cc1,445.54500000000024,2.0781199999999993,130.14999999999998,3,6,7,3,2,0.42857142857142855,31
CHEMBL1770248,CCOc1ccc(Cc2cc([C@]34OC[C@](CO)(O3)[C@@H](O)[C@H](O)[C@H]4O)ccc2Cl)cc1,1,c1ccc(Cc2cccc(C34CCCC(CO3)O4)c2)cc1,436.88800000000003,1.3564999999999994,108.61000000000001,4,7,6,4,2,0.45454545454545453,30
CHEMBL1200947,CC(=O)Oc1c(C)cc(OCC(O)CNC(C)C)c(C)c1C,1,c1ccccc1,309.40600000000006,2.2748600000000003,67.79,2,5,7,1,1,0.5882352941176471,22
CHEMBL3544988,O=C(O)CNC(=O)C1C(=O)N(C2CCCCC2)C(=O)N(C2CCCCC2)C1=O,1,O=C1CC(=O)N(C2CCCCC2)C(=O)N1C1CCCCC1,393.4400000000002,1.2595999999999992,124.09,2,5,5,3,0,0.7368421052631579,28
CHEMBL506519,Cc1ccc([C@H](C)NC2=NC(=O)C(C)(C(C)(C)O)S2)cc1,0,O=C1CSC(NCc2ccccc2)=N1,306.431,2.804620000000001,61.69,2,4,3,2,1,0.5,21
CHEMBL4062367,Cn1c(C(=O)Nc2ccccn2)cc2sccc21,0,O=C(Nc1ccccn1)c1cc2sccc2[nH]1,257.31800000000004,2.887100000000001,46.92,1,3,2,3,3,0.07692307692307693,18
CHEMBL1200790,CCC1(CC)C(=O)NCC(C)C1=O,1,O=C1CCNC(=O)C1,183.25099999999998,1.1278,46.17,1,2,2,1,0,0.8,13
CHEMBL1072,CCCCNc1cc(C(=O)O)cc(S(N)(=O)=O)c1Oc1ccccc1,1,c1ccc(Oc2ccccc2)cc1,364.42300000000006,3.036500000000001,118.71999999999998,3,5,8,2,2,0.23529411764705882,25
CHEMBL939,COc1cc2ncnc(Nc3ccc(F)c(Cl)c3)c2cc1OCCCN1CCOCC1,1,c1ccc(Nc2ncnc3ccc(OCCCN4CCOCC4)cc23)cc1,446.9100000000004,4.275600000000003,68.74000000000001,1,7,8,4,3,0.36363636363636365,31
CHEMBL3697132,CCc1cc(CN(C[C@H]2CC[C@H](C(=O)O)CC2)C2CCc3c2ccc(F)c3Cl)ccc1OCCN1C(=O)CCC1=O,0,O=C1CCC(=O)N1CCOc1ccc(CN(CC2CCCCC2)C2CCc3ccccc32)cc1,585.1160000000001,5.949800000000006,87.15,1,5,11,5,2,0.53125,41
CHEMBL3976971,CCNC(=O)OC1CCCc2c(-c3ccc(C#N)cc3)cncc21,0,c1ccc(-c2cncc3c2CCCC3)cc1,321.38,3.7437800000000028,75.00999999999999,1,4,3,3,2,0.3157894736842105,24
CHEMBL1381357,CC1CCCCC1NC(=O)CSc1nncs1,0,O=C(CSc1nncs1)NC1CCCCC1,271.411,2.3251,54.88,1,5,4,2,1,0.7272727272727273,17
CHEMBL4297585,CCCCCCC(=O)OCC(COC(=O)CCCCCC)OC(=O)CCCCCC,1,,428.61000000000035,5.895800000000007,78.9,0,6,20,0,0,0.875,30
CHEMBL2228930,CCOC(Nc1c([S+](C)[O-])c(C#N)nn1-c1c(Cl)cc(C(F)(F)F)cc1Cl)C(Cl)(Cl)Cl,0,c1ccc(-n2cccn2)cc1,558.624,5.951680000000001,85.92999999999998,1,5,6,2,2,0.375,31
CHEMBL781,OC1(c2ccc(Cl)cc2)c2ccccc2C2=NCCN21,1,c1ccc(C2c3ccccc3C3=NCCN32)cc1,284.74600000000004,2.6092000000000004,35.830000000000005,1,3,1,4,2,0.1875,20
CHEMBL25008,Cc1oc(-c2ccc(C(F)(F)F)cc2)nc1-c1ccc(-c2cc(Br)c(OCC(=O)O)c(Br)c2)cc1,0,c1ccc(-c2ccc(-c3coc(-c4ccccc4)n3)cc2)cc1,611.2080000000002,7.991220000000006,72.56,1,4,6,4,4,0.12,35
CHEMBL3556950,c1cncc(N2CCOCC3(CCCN(Cc4cccs4)C3)C2)c1,0,c1cncc(N2CCOCC3(CCCN(Cc4cccs4)C3)C2)c1,343.49600000000004,3.262100000000002,28.6,0,5,3,4,2,0.5263157894736842,24
CHEMBL120196,O=C1C[C@@H](OC(=O)c2cccc3ccccc23)[C@H](CO)O1,0,O=C1CC(OC(=O)c2cccc3ccccc23)CO1,286.283,1.6729999999999998,72.83000000000001,1,5,3,3,2,0.25,21
CHEMBL1734627,CN(C)CC(C)(C)CN=C(S)Nc1ccc(S(=O)(=O)N2CCOCC2)cc1,0,O=S(=O)(c1ccccc1)N1CCOCC1,414.59700000000026,1.9929999999999999,74.24000000000001,2,5,7,2,1,0.6111111111111112,27
CHEMBL3112594,CCN(CC)C(=S)SCC(O)(Cn1cncn1)c1ccc(F)cc1F,0,c1ccc(CCn2cncn2)cc1,386.49300000000005,2.804000000000001,54.18,1,5,7,2,2,0.4375,25
CHEMBL460976,NCc1ccc(Cn2nnc3c(-c4ccco4)nc(N)nc32)cc1,0,c1ccc(Cn2nnc3c(-c4ccco4)ncnc32)cc1,321.34400000000005,1.5705,121.67,2,7,4,4,4,0.125,24
CHEMBL3989695,CNC(=O)c1cnn(-c2nc(N)c3ncn([C@@H]4O[C@H](CO)[C@@H](O)[C@H]4O)c3n2)c1,1,c1cnn(-c2ncc3ncn(C4CCCO4)c3n2)c1,390.36000000000007,-2.4346999999999985,186.45999999999998,5,10,4,4,3,0.4,28
CHEMBL233891,CC(C)(C)NC(=O)c1nnc2n1CCN(C(=O)C[C@H](N)Cc1cc(F)c(F)cc1F)C2,0,O=C(CCCc1ccccc1)N1CCn2cnnc2C1,438.4540000000001,1.5259999999999998,106.14,2,5,5,3,2,0.5,31
CHEMBL3218576,COc1c(OCCCN2CCOCC2)ccc2c1N=C(NC(=O)c1cnc(N)nc1)N1CCN=C21,1,O=C(NC1=Nc2cc(OCCCN3CCOCC3)ccc2C2=NCCN12)c1cncnc1,480.5290000000002,0.661800000000002,139.79000000000002,2,11,7,5,2,0.43478260869565216,35
CHEMBL231884,COc1ccc(-c2cc(=O)c3c(O)cc(O[C@@H]4O[C@H](CO[C@@H]5O[C@@H](C)[C@H](O)[C@@H](O)[C@H]5O)[C@@H](O)[C@H](O)[C@H]4O)cc3o2)cc1O,1,O=c1cc(-c2ccccc2)oc2cc(OC3CCCC(COC4CCCCO4)O3)ccc12,608.5490000000002,-1.0897,238.19999999999996,8,15,7,5,3,0.4642857142857143,43
CHEMBL573518,N=C(N)N/N=C/c1ccc(-c2ccccc2C(F)(F)F)s1,0,c1ccc(-c2cccs2)cc1,312.32,3.2508700000000017,74.26,3,3,3,2,2,0.07692307692307693,21
CHEMBL1201011,CCOC(=O)[C@H](CCc1ccccc1)N[C@@H](C)C(=O)N1Cc2ccccc2C[C@H]1C(=O)O,1,O=C(CNCCCc1ccccc1)N1CCc2ccccc2C1,438.5240000000003,2.5671,95.94000000000001,2,5,9,3,2,0.4,32
CHEMBL1201765,CC(C)C(=O)Oc1ccc(CO)cc1[C@H](CCN(C(C)C)C(C)C)c1ccccc1,1,c1ccc(Cc2ccccc2)cc1,411.58600000000007,5.381100000000005,49.77,1,4,10,2,2,0.5,30
CHEMBL1024,O=P1(NCCCl)OCCCN1CCCl,1,O=[PH]1NCCCO1,261.08899999999994,1.884,41.57,1,2,5,1,0,1.0,14
CHEMBL3342378,CNC(=O)c1ccc(CNc2cc(-c3ccccn3)nc(NC)n2)cc1,0,c1ccc(CNc2cc(-c3ccccn3)ncn2)cc1,348.41,2.5520000000000005,91.83,3,6,6,3,3,0.15789473684210525,26
CHEMBL2104489,CC(=O)O[C@]1(C(C)=O)CCC2[C@@H]3C[C@H](C)C4=CCCC[C@]4(C)[C@H]3CC[C@@]21C,1,C1=C2CCC3C4CCCC4CCC3C2CCC1,372.5490000000002,5.476200000000006,43.370000000000005,0,3,2,4,0,0.8333333333333334,27
CHEMBL132603,COc1cccc(NC(=O)NC2N=C(c3ccccc3)c3ccccc3N(CCC(=O)O)C2=O)c1,0,O=C(Nc1ccccc1)NC1N=C(c2ccccc2)c2ccccc2NC1=O,472.50100000000026,3.5017000000000014,120.33000000000001,3,5,7,4,3,0.15384615384615385,35
CHEMBL1807533,Cc1cccn2ncc(Cn3c(=O)n(CCC(=O)O)c4ccccc43)c12,0,O=c1[nH]c2ccccc2n1Cc1cnn2ccccc12,350.37800000000004,2.28212,81.53,1,3,5,4,4,0.21052631578947367,26
CHEMBL3608680,Cc1nsc(-c2nnc3n2CCN(C(=O)c2ccc(F)cc2)[C@@H]3C)n1,1,O=C(c1ccccc1)N1CCn2c(nnc2-c2ncns2)C1,358.40200000000004,2.46112,76.80000000000001,0,6,2,4,3,0.3125,25
CHEMBL1289494,COc1cc2nccc(Oc3ccc(NC(=O)Nc4cc(C)on4)c(Cl)c3)c2cc1OC,1,O=C(Nc1ccc(Oc2ccnc3ccccc23)cc1)Nc1ccon1,454.8700000000003,5.6381200000000025,107.74000000000001,2,7,6,4,4,0.13636363636363635,32
CHEMBL1397102,Cc1ccccc1Nc1c(-c2ccc(O)cc2)nc2c(C)cccn12,0,c1ccc(Nc2c(-c3ccccc3)nc3ccccn23)cc1,329.4030000000001,5.067340000000004,49.56,2,3,3,4,4,0.09523809523809523,25
CHEMBL1425,Sc1ncnc2nc[nH]c12,1,c1ncc2[nH]cnc2n1,152.182,0.6416,54.46,2,4,0,2,2,0.0,10
CHEMBL2103855,Cc1ccn(-c2cc(Cl)ccc2[C@@H](Oc2cc(-c3ccc(C[C@H](N)C(=O)O)cc3)nc(N)n2)C(F)(F)F)n1,1,c1ccc(-c2cc(OCc3ccccc3-n3cccn3)ncn2)cc1,546.9370000000002,4.510120000000002,142.17000000000002,3,7,8,4,4,0.2,38
CHEMBL6068327,NCCCC[C@H](N)C(=O)O,1,,146.19,-0.4726999999999995,89.34,3,3,5,0,0,0.8333333333333334,10
CHEMBL4297666,CC(C)OC(=O)CNc1cccc(CN(Cc2ccc(-n3cccn3)cc2)S(=O)(=O)c2cccnc2)n1,1,O=S(=O)(c1cccnc1)N(Cc1ccc(-n2cccn2)cc1)Cc1ccccn1,520.6150000000001,3.416900000000002,119.31,1,8,11,4,4,0.23076923076923078,37
CHEMBL1341970,COc1ccc(C(=O)/C=C/C(=O)N(CC(=O)NCCC(C)C)Cc2cccs2)c(O)c1,0,O=C(C=CC(=O)c1ccccc1)NCc1cccs1,444.55300000000017,3.3923000000000023,95.94000000000001,2,6,11,2,2,0.34782608695652173,31
CHEMBL1607480,CN(C)[C@@H]1C(O)=C(C(N)=O)C(=O)[C@@]2(O)C(O)=C3C(=O)c4c(O)cccc4[C@@](C)(O)[C@H]3[C@H](O)[C@@H]12,1,O=C1C2=CC3C(=O)C=CCC3CC2Cc2ccccc21,460.43900000000014,-1.2435999999999974,201.84999999999997,7,10,2,4,1,0.4090909090909091,33
CHEMBL1201196,Clc1ccc(C(Cn2ccnc2)OCc2csc3c(Cl)cccc23)c(Cl)c1,1,c1ccc(C(Cn2ccnc2)OCc2csc3ccccc23)cc1,437.7790000000001,7.0161000000000024,27.05,0,3,6,4,4,0.15,27
CHEMBL31,COc1c(N2CCNC(C)C2)c(F)cc2c(=O)c(C(=O)O)cn(C3CC3)c12,1,O=c1ccn(C2CC2)c2cc(N3CCNCC3)ccc12,375.40000000000015,1.9804,83.80000000000001,2,5,4,4,2,0.47368421052631576,27
CHEMBL1200412,C[C@]12CC[C@H]3[C@@H](CCC4=CC(=O)CC[C@@H]43)[C@@H]1CC[C@@H]2OC(=O)CCc1ccccc1,1,O=C1C=C2CCC3C(CCC4C(OC(=O)CCc5ccccc5)CCC43)C2CC1,406.56600000000014,5.672800000000006,43.370000000000005,0,3,4,5,1,0.6296296296296297,30
CHEMBL3936077,COC(=O)/C=C/CCCOP(=O)(O)CP(=O)(O)OC[C@H]1O[C@@H](n2cnc3c(=O)[nH]c(N)nc32)[C@H](O)[C@@H]1O,0,O=c1[nH]cnc2c1ncn2C1CCCO1,567.3850000000004,-0.8080999999999992,258.64,6,13,12,3,2,0.5555555555555556,37
CHEMBL75435,C[C@H](C(=O)O)c1cccc(C(=O)c2ccccc2)c1,1,O=C(c1ccccc1)c1ccccc1,254.285,3.1057000000000015,54.37,1,2,4,2,2,0.125,19
CHEMBL2220442,CC(C)n1c(/C=C/C(O)CC(O)CC(=O)O)c(-c2ccc(F)cc2)c2ccccc21,1,c1ccc(-c2c[nH]c3ccccc23)cc1,411.473,4.628100000000003,82.69,3,3,8,3,3,0.2916666666666667,30
CHEMBL1766471,O[C@@H]1[C@@H](O)[C@H](O)[C@@H](NCc2cn(Cc3cccc(I)c3)nn2)[C@H](O)[C@H]1O,0,c1ccc(Cn2cc(CNC3CCCCC3)nn2)cc1,476.271,-1.7926999999999988,143.89000000000001,6,8,5,3,2,0.5,26
CHEMBL54349,CCCN(CCC)C(=O)Cc1c(-c2ccc(Cl)cc2)nc2ccc(Cl)cn12,1,c1ccc(-c2cn3ccccc3n2)cc1,404.34100000000007,5.4992000000000045,37.61,0,2,7,3,3,0.3333333333333333,27
CHEMBL1322884,CC(C)=CC1C(C(=O)OCc2cccc(Oc3ccccc3)c2)C1(C)C,1,O=C(OCc1cccc(Oc2ccccc2)c1)C1CC1,350.4580000000001,5.760500000000005,35.53,0,3,6,3,2,0.34782608695652173,26
CHEMBL550348,O=C(O)c1ccc(-n2nc(-c3ccccc3O)nc2-c2ccccc2O)cc1,1,c1ccc(-c2nc(-c3ccccc3)n(-c3ccccc3)n2)cc1,373.3680000000001,3.710700000000001,108.47,3,5,4,4,4,0.0,28
CHEMBL4084575,CCOc1cc(CN2CC3(CC(CCC(=O)O)=NO3)C2)cc(OCC)c1-c1ccc(F)cc1,0,C1=NOC2(C1)CN(Cc1ccc(-c3ccccc3)cc1)C2,456.51400000000024,4.485600000000003,80.59,1,6,10,4,2,0.44,33
CHEMBL2271498,Cc1c(C(O)c2ccc(Cl)cc2)no[n+]1[O-],0,c1ccc(Cc2c[nH+]on2)cc1,240.646,1.3515199999999996,73.2,1,4,2,2,2,0.2,16
CHEMBL386630,C[C@]12CC[C@H]3[C@@H](CCC4=CC(=O)CC[C@@]43C)[C@@H]1CC[C@@H]2O,1,O=C1C=C2CCC3C4CCCC4CCC3C2CC1,288.431,3.879200000000003,37.3,1,2,0,4,0,0.8421052631578947,21
CHEMBL175247,CCCCCCCCCCC[C@@H](C[C@@H]1OC(=O)[C@H]1CCCCCC)OC(=O)[C@H](CC(C)C)NC=O,1,O=C1CCO1,495.7450000000004,6.881900000000007,81.69999999999999,1,5,23,1,0,0.896551724137931,35
CHEMBL1446813,CNCCc1ccccn1,1,c1ccncc1,136.19799999999995,0.8434999999999999,24.92,1,2,3,1,1,0.375,10
CHEMBL5315118,CC#CCC(C)[C@H](O)/C=C/[C@@H]1[C@H]2C/C(=C/CCCC(=O)O)C[C@H]2C[C@H]1O,1,C=C1CC2CCCC2C1,360.4940000000001,3.541300000000003,77.76,3,3,8,2,0,0.6818181818181818,26
CHEMBL41355,CCOC(=O)Nc1ccc(NCc2ccc(F)cc2)cc1N,1,c1ccc(CNc2ccccc2)cc1,303.33700000000005,3.588400000000001,76.38,3,4,5,2,2,0.1875,22
CHEMBL3554551,O=C1NC(c2ccccc2)=N[C@@]12CC[C@@H]1CN(CC3CC3)C[C@@H]12,0,O=C1NC(c2ccccc2)=NC12CCC1CN(CC3CC3)CC12,309.41300000000007,2.0536,44.7,1,3,3,5,1,0.5789473684210527,23
CHEMBL4291600,C#C[C@H]1[C@H](O)[C@H](O)[C@H](C)N1C(=O)OC(C)(C)C,0,C1CCNC1,241.28699999999995,0.3491999999999995,70.0,2,4,0,1,0,0.75,17
CHEMBL1987400,O=[N+]([O-])c1cc2c([N+](=O)[O-])cccc2o1,0,c1ccc2occc2c1,208.129,2.2492,99.42,0,5,2,2,2,0.0,15
CHEMBL3115974,COc1ccccc1C1=C(Br)C(=O)O/C1=C\c1ccc(C(F)(F)F)cc1,0,O=C1C=C(c2ccccc2)C(=Cc2ccccc2)O1,425.20000000000005,5.417900000000003,35.53,0,3,3,3,2,0.10526315789473684,26
CHEMBL164025,CCC1(CC)C(=O)N(C(=O)NCc2ccccc2)C1Oc1ccc(C(O)C(=O)O)cc1,0,O=C1CC(Oc2ccccc2)N1C(=O)NCc1ccccc1,426.46900000000016,3.0679000000000007,116.17,3,5,8,3,2,0.34782608695652173,31
CHEMBL21,Nc1ccc(S(N)(=O)=O)cc1,1,c1ccccc1,172.20900000000003,-0.08380000000000004,86.18,2,3,1,1,1,0.0,11
CHEMBL3545181,C[N+]1(C)[C@@H]2C[C@@H](OC(=O)C(O)(c3cccs3)c3cccs3)C[C@H]1[C@@H]1O[C@@H]12,1,O=C(OC1CC2[NH2+]C(C1)C1OC21)C(c1cccs1)c1cccs1,392.5220000000001,2.3457,59.06,1,6,4,5,2,0.5263157894736842,26
CHEMBL5095049,C1=C/COCc2cc(ccc2OCCN2CCCC2)Nc2nccc(n2)-c2cccc(c2)COC/1,1,C1=CCOCc2cc(ccc2OCCN2CCCC2)Nc2nccc(n2)-c2cccc(c2)COC1,472.58900000000017,4.964800000000004,68.74000000000001,1,7,4,5,3,0.35714285714285715,35
CHEMBL1201776,CC[C@@H](c1cccc(O)c1)[C@@H](C)CN(C)C,1,c1ccccc1,221.34399999999997,3.0835000000000017,23.47,1,2,5,1,1,0.5714285714285714,16
CHEMBL1475,Cc1cc2cc3c(C)cc(=O)oc3c(C)c2o1,1,O=c1ccc2cc3ccoc3cc2o1,228.24699999999996,3.4644600000000025,43.35,0,3,0,3,3,0.21428571428571427,17
CHEMBL1357597,Cc1ccccc1CNC(=O)C1CCN(c2nn3cc(-c4ccc(F)cc4)nc3s2)CC1,0,O=C(NCc1ccccc1)C1CCN(c2nn3cc(-c4ccccc4)nc3s2)CC1,449.5550000000002,4.438120000000004,62.53,1,5,5,5,4,0.2916666666666667,32
CHEMBL3230503,O=c1[nH]c(=O)n([C@H]2C[C@H](O)[C@@H](CCP(=O)(O)O)O2)cc1F,0,O=c1ccn(C2CCCO2)c(=O)[nH]1,324.201,-1.1081000000000003,141.85,4,5,4,2,1,0.6,21
CHEMBL196,O=C1O[C@H]([C@@H](O)CO)C(O)=C1O,1,O=C1C=CCO1,176.124,-1.4073999999999995,107.22000000000001,4,6,2,1,0,0.5,12
CHEMBL1681853,CC1CN(C2CCN(Cc3ccc(Cl)cc3)CC2)CCN1c1ccc(C(=O)NCc2ccc(F)c(F)c2)cn1,0,O=C(NCc1ccccc1)c1ccc(N2CCN(C3CCN(Cc4ccccc4)CC3)CC2)nc1,554.0850000000003,5.118300000000005,51.71,1,5,7,5,3,0.4,39
CHEMBL3817936,O=C(/C=C/c1ccc(F)cc1)NC1CCN(Cc2ccccc2)CC1,0,O=C(C=Cc1ccccc1)NC1CCN(Cc2ccccc2)CC1,338.4260000000001,3.6197000000000026,32.34,1,2,5,3,2,0.2857142857142857,25
CHEMBL2103744,CN1CC[C@]23c4c5ccc(O)c4O[C@H]2[C@@H](O)C=C[C@H]3[C@H]1C5,1,C1=CC2C3Cc4cccc5c4C2(CCN3)C(C1)O5,285.343,1.1981,52.93000000000001,2,4,0,5,1,0.5294117647058824,21
CHEMBL249493,CC(C)(CO)N1CCN(C(=O)CC2([C@H]3CCC[C@@H](C4CC4)N3S(=O)(=O)c3ccc(Cl)cc3)CC2)CC1,0,O=C(CC1(C2CCCC(C3CC3)N2S(=O)(=O)c2ccccc2)CC1)N1CCNCC1,538.1540000000001,3.747200000000003,81.16,1,5,8,5,1,0.7407407407407407,36
CHEMBL3265340,CCCCCCCCN(CCN(C)C)c1ccccn1,0,c1ccncc1,277.456,3.810100000000003,19.37,0,3,11,1,1,0.7058823529411765,20
CHEMBL70418,CN1C(=O)CC(=O)N(c2ccccc2)c2cc(Cl)ccc21,1,O=C1CC(=O)N(c2ccccc2)c2ccccc2N1,300.74500000000006,3.3712000000000018,40.620000000000005,0,2,1,3,2,0.125,21
CHEMBL3707310,Cc1cc(C2=NO[C@@](c3cc(Cl)c(Cl)c(Cl)c3)(C(F)(F)F)C2)sc1C(=O)NCC(=O)NCC(F)(F)F,1,c1ccc(C2CC(c3cccs3)=NO2)cc1,596.7640000000002,6.007220000000003,79.78999999999999,2,5,6,3,2,0.35,36
CHEMBL486526,CC1CC2=C(C(=O)O1)C(c1cccc(Cl)c1)c1cc3c(cc1N2)OCO3,0,O=C1OCCC2=C1C(c1ccccc1)c1cc3c(cc1N2)OCO3,369.80400000000014,4.215600000000003,56.790000000000006,1,5,1,5,2,0.25,26
CHEMBL1257051,Cn1nnc(-c2ccc(-c3ccc(N4C[C@H](CO)OC4=O)cc3F)cn2)n1,1,O=C1OCCN1c1ccc(-c2ccc(-c3nn[nH]n3)nc2)cc1,370.34400000000005,1.3957,106.26000000000002,1,7,4,4,3,0.23529411764705882,27
CHEMBL1370043,C[C@@]1(C(NC(=O)c2cccs2)c2ccc(-c3ccccc3)cc2)C[C@H]1C1CCCCC1,0,O=C(NC(c1ccc(-c2ccccc2)cc1)C1CC1C1CCCCC1)c1cccs1,429.6290000000003,7.492700000000006,29.1,1,2,6,5,3,0.39285714285714285,31
CHEMBL1200448,O=P(O)(O)C(Sc1ccc(Cl)cc1)P(=O)(O)O,1,c1ccccc1,318.61100000000005,2.0711000000000013,115.06,4,3,4,1,1,0.14285714285714285,17
CHEMBL3891911,CCN(CC)C(=O)C1CCN(Cc2cccc(NC(=O)c3cccs3)c2)CC1,0,O=C(Nc1cccc(CN2CCCCC2)c1)c1cccs1,399.5600000000002,4.080800000000003,52.650000000000006,1,4,7,3,2,0.45454545454545453,28
CHEMBL2017818,CC(C)[C@H](NC(=O)[C@@H]1CCCN1C(=O)[C@H](COP(=O)(O)O)NC(=O)CCCCc1ccccc1)C(=O)N[C@@H](Cc1ccccc1)C(=O)O,0,O=C(CCCCc1ccccc1)NCC(=O)N1CCCC1C(=O)NCC(=O)NCCc1ccccc1,688.7150000000003,1.9374000000000022,211.67,6,7,18,3,2,0.48484848484848486,48
CHEMBL3358920,O=C(O)C[C@H]1CCc2c1[nH]c1ccc(OCc3ccc(C4CCCC4)c(C(F)(F)F)c3)cc21,1,c1cc(C2CCCC2)ccc1COc1ccc2[nH]c3c(c2c1)CCC3,457.49200000000025,6.927800000000006,62.31999999999999,2,2,6,5,3,0.4230769230769231,33
CHEMBL2105581,C=CCN1CCCC1CNC(=O)c1cc(S(N)(=O)=O)cc(OC)c1OC,1,O=C(NCC1CCCN1)c1ccccc1,383.4700000000002,0.7314000000000015,110.96000000000001,2,6,8,2,1,0.47058823529411764,26
CHEMBL399614,COc1ccc(Cc2nnc(CN(c3cccc(Cl)c3Cl)S(=O)(=O)c3ccc(C)cc3)o2)cc1,0,O=S(=O)(c1ccccc1)N(Cc1nnc(Cc2ccccc2)o1)c1ccccc1,518.4220000000003,5.679720000000006,85.53000000000002,0,6,8,4,4,0.16666666666666666,34
CHEMBL3487430,O=c1oc(-c2ccc(F)cc2)nn1CN1CCSCC1,0,O=c1oc(-c2ccccc2)nn1CN1CCSCC1,295.33900000000006,1.6487,51.27,0,5,3,3,2,0.38461538461538464,20
CHEMBL1909289,CCOC(Nc1ccc(C(=O)O)cc1)C(=O)c1ccc(-c2ccccc2)cc1,1,O=C(CNc1ccccc1)c1ccc(-c2ccccc2)cc1,375.42400000000004,4.709200000000003,75.63,2,4,8,3,3,0.13043478260869565,28
CHEMBL1531264,CCOC(=O)N1CCC(NC(=O)C(Cc2ccccc2)NC(=O)c2ccco2)CC1,0,O=C(NC(Cc1ccccc1)C(=O)NC1CCNCC1)c1ccco1,413.4740000000002,2.3577999999999992,100.88000000000001,2,5,7,3,2,0.4090909090909091,30
CHEMBL3673409,CNC1CCc2ccc(OCCNS(=O)(=O)c3cnn(C)c3)cc2C1Cc1ccccc1Cl,0,O=S(=O)(NCCOc1ccc2c(c1)C(Cc1ccccc1)CCC2)c1cn[nH]c1,489.04100000000017,3.2913000000000014,85.25,2,5,9,4,3,0.375,33
CHEMBL1276308,CC#C[C@]1(O)CC[C@H]2[C@@H]3CCC4=CC(=O)CCC4=C3[C@@H](c3ccc(N(C)C)cc3)C[C@@]21C,1,O=C1C=C2CCC3C(=C2CC1)C(c1ccccc1)CC1CCCC13,429.6040000000001,5.406500000000006,40.54,1,3,2,5,1,0.5517241379310345,32
CHEMBL4169625,CCOC(=O)c1cnn(-c2ccc(-c3cn(-c4ccccc4)nn3)cc2)c1C(F)(F)F,0,c1ccc(-n2cc(-c3ccc(-n4cccn4)cc3)nn2)cc1,427.3860000000001,4.315500000000003,74.83,0,5,5,4,4,0.14285714285714285,31
CHEMBL934,CC(C)(C(=O)c1cccnc1)c1cccnc1,1,O=C(Cc1cccnc1)c1cccnc1,226.279,2.637100000000001,42.85,0,3,3,2,2,0.21428571428571427,17
CHEMBL1594,CC(C)(CO)[C@@H](O)C(=O)NCCC(=O)O,1,,219.23699999999997,-1.0432999999999995,106.86,4,4,6,0,0,0.7777777777777778,15
CHEMBL3142541,CCCCOC(=O)c1ccc(N)cc1,1,c1ccccc1,193.24599999999998,2.2257,52.32,1,3,4,1,1,0.36363636363636365,14
CHEMBL3976162,Cc1nc2cccc(-c3cc4c([nH]3)CCNC4=O)c2nc1NC1CC1,0,O=C1NCCc2[nH]c(-c3cccc4ncc(NC5CC5)nc34)cc21,333.39500000000004,2.793520000000001,82.7,3,4,3,5,3,0.3157894736842105,25
CHEMBL1364551,Cc1cc(-c2ccccc2)nnc1NCCN1CCOCC1,1,c1ccc(-c2ccc(NCCN3CCOCC3)nn2)cc1,298.39000000000004,2.1961199999999996,50.28,1,5,5,3,2,0.4117647058823529,22
CHEMBL1201242,CC(C)NCCCC1(C(N)=O)c2ccccc2-c2ccccc21,1,c1ccc2c(c1)Cc1ccccc1-2,308.425,3.2166000000000015,55.12,2,2,6,3,2,0.35,23
CHEMBL1495856,COC(=O)c1ccc(NC(=O)Nc2ccc3c(c2)nc(C)n3C)cc1,0,O=C(Nc1ccccc1)Nc1ccc2[nH]cnc2c1,338.3670000000001,3.3123200000000015,85.25,2,4,3,3,3,0.16666666666666666,25
CHEMBL3127326,COC(=O)N[C@H](C(=O)N1CCC[C@H]1C(=O)Nc1ccc([C@@H]2CC[C@@H](c3ccc(NC(=O)[C@@H]4CCCN4C(=O)[C@@H](NC(=O)OC)C(C)C)cc3)N2c2ccc(C(C)(C)C)cc2)cc1)C(C)C,1,O=C(Nc1ccc(C2CCC(c3ccc(NC(=O)C4CCCN4)cc3)N2c2ccccc2)cc1)C1CCCN1,894.127,7.687100000000008,178.72,4,9,13,6,3,0.52,65
CHEMBL4297064,CCN(CC)C(=O)C1(c2ccccc2)CC1CN,1,c1ccc(C2CC2)cc1,246.35399999999998,1.7713999999999999,46.33,1,2,5,2,1,0.5333333333333333,18
CHEMBL2105904,CCC1(CC)C(=O)NC(=O)NC1=O,1,O=C1CC(=O)NC(=O)N1,184.195,0.15879999999999994,75.27000000000001,2,3,2,1,0,0.625,13
CHEMBL133932,CC(=O)NC[C@H]1CN(c2ccc(N3CCN(c4c(F)cc5c(=O)c(C(=O)O)cn6c5c4OC[C@@H]6C)CC3)c(F)c2)C(=O)O1,0,O=C1OCCN1c1ccc(N2CCN(c3ccc4c(=O)ccn5c4c3OCC5)CC2)cc1,597.5750000000005,2.7192,133.65,2,8,6,6,3,0.3793103448275862,43
CHEMBL3287115,O=C(O)/C(Cc1ccccc1[N+](=O)[O-])=N\Nc1nc2c(s1)CSc1cc(Cl)c(Cl)cc1-2,0,C(Cc1ccccc1)=NNc1nc2c(s1)CSc1ccccc1-2,495.3690000000002,5.726000000000003,117.72,2,8,6,4,3,0.10526315789473684,31
CHEMBL3989559,COc1ccnc(C[S+]([O-])c2nc3cc(OC(F)F)ccc3[nH]2)c1OC,1,c1ccc(C[SH+]c2nc3ccccc3[nH]2)nc1,383.3760000000001,2.8843000000000005,92.32000000000001,1,6,7,3,3,0.25,26
CHEMBL1963681,COc1ccc(CNc2nc(N3CCC[C@H]3CO)ncc2C(=O)NCc2ncccn2)cc1Cl,1,O=C(NCc1ncccn1)c1cnc(N2CCCC2)nc1NCc1ccccc1,483.96000000000015,2.4318,125.39000000000001,3,9,9,4,3,0.34782608695652173,34
CHEMBL3229925,CCC(CC)NCC(O)c1cc(-c2ccc(C(F)(F)F)cc2)nc(C(F)(F)F)c1,0,c1ccc(-c2ccccn2)cc1,420.39700000000005,5.597800000000005,45.15,2,3,7,2,2,0.45,29
CHEMBL554543,O=C(O)C1(c2ccccc2)CCCC1,0,c1ccc(C2CCCC2)cc1,190.24199999999993,2.583000000000001,37.3,1,1,2,2,1,0.4166666666666667,14
CHEMBL1448815,CCSc1nc(O)c2c3c(sc2n1)COC(C)(C)C3,0,c1ncc2c3c(sc2n1)COCC3,296.41700000000003,3.3602000000000016,55.24000000000001,1,6,2,3,2,0.5384615384615384,19
CHEMBL3653209,[C-]#[N+]c1ccc(C2c3c(nc(-c4cnc(N)nc4OC)n3C(C)C)C(=O)N2c2cccc(Cl)c2F)cc1,0,O=C1c2nc(-c3cncnc3)[nH]c2C(c2ccccc2)N1c1ccccc1,517.9520000000002,5.604890000000004,103.52,1,6,5,5,4,0.19230769230769232,37
CHEMBL117785,COc1cc2c(cc1OC)C1CC(=O)C(CC(C)C)CN1CC2,1,O=C1CCN2CCc3ccccc3C2C1,317.4290000000001,3.238100000000002,38.77,0,4,4,3,1,0.631578947368421,23
CHEMBL2252072,COC(=O)CCc1cccc(OC)c1,0,c1ccccc1,194.23,1.8007999999999997,35.53,0,3,4,1,1,0.36363636363636365,14
CHEMBL295124,COc1ccc2cc3[n+](cc2c1OC)CCc1cc2c(cc1-3)OCO2,1,c1ccc2c[n+]3c(cc2c1)-c1cc2c(cc1CC3)OCO2,336.3670000000001,3.096300000000001,40.8,0,4,2,5,3,0.25,25
CHEMBL186,CO/N=C(\C(=O)N[C@@H]1C(=O)N2C(C(=O)[O-])=C(C[N+]3(C)CCCC3)CS[C@H]12)c1csc(N)n1,1,N=C(C(=O)NC1C(=O)N2C=C(C[NH+]3CCCC3)CSC12)c1cscn1,480.5720000000003,-1.2798999999999958,150.04000000000002,2,10,7,4,1,0.5263157894736842,32
CHEMBL1201313,CN(C)CCC(O)(c1ccccc1)c1ccccc1Cl,1,c1ccc(Cc2ccccc2)cc1,289.80600000000004,3.5276000000000023,23.47,1,2,5,2,2,0.29411764705882354,20
CHEMBL1378451,COc1ccc(OCCSc2nnc(-c3ccccc3)n2N)cc1,0,c1ccc(OCCSc2nnc(-c3ccccc3)[nH]2)cc1,342.42400000000004,2.8386000000000005,75.19,1,6,7,3,3,0.17647058823529413,24
CHEMBL48593,N#CCCN(N)c1nc2cc(OCc3ccccc3)ccc2o1,0,c1ccc(COc2ccc3ocnc3c2)cc1,308.34100000000007,3.000580000000002,88.31,1,6,6,3,3,0.17647058823529413,23
CHEMBL1798019,COC(=O)c1sc(-c2ccccc2F)nc1C(Br)Br,0,c1ccc(-c2nccs2)cc1,409.074,4.524200000000001,39.19,0,4,3,2,2,0.16666666666666666,19
CHEMBL3139754,COc1cc2ccc3c(CC[N+](C)(C)C)c(Br)c(OC)c(OC)c3c2cc1OC,0,c1ccc2c(c1)ccc1ccccc12,463.3920000000002,5.038600000000005,36.92,0,4,7,3,3,0.391304347826087,29
CHEMBL3989974,CC(C)(O/N=C(\C(=O)N[C@@H]1C(=O)N2C(C(=O)[O-])=C(C[N+]3(CCNC(=O)c4ccc(O)c(O)c4Cl)CCCC3)CS[C@H]12)c1csc(N)n1)C(=O)O,1,N=C(C(=O)NC1C(=O)N2C=C(C[N+]3(CCNC(=O)c4ccccc4)CCCC3)CSC12)c1cscn1,752.2279999999998,-0.18169999999999598,256.9,6,14,13,5,2,0.43333333333333335,50
CHEMBL1315505,CCCCCc1cc(OC)cc2c1C(=O)OC(C)(C)O2,0,O=C1OCOc2ccccc21,278.348,3.7132000000000023,44.760000000000005,0,4,5,2,1,0.5625,20
CHEMBL2103802,CCOc1ccc(Cc2cc([C@@H]3O[C@H](CO)[C@@H](O)[C@H](O)[C@H]3O)ccc2Cl)cc1,1,c1ccc(Cc2cccc(C3CCCCO3)c2)cc1,408.87800000000004,1.8443999999999996,99.38000000000001,4,6,6,3,2,0.42857142857142855,28
CHEMBL1643189,C#CCO[C@H]1C[C@H](N)[C@H](O)[C@H](C)O1,0,C1CCOCC1,185.22299999999998,-0.5407000000000004,64.71000000000001,2,4,2,1,0,0.7777777777777778,13
CHEMBL1808001,COc1cc(C(=O)c2coc3c2C(=O)C(=O)C(Br)=C3Br)cc(OC)c1OC,0,O=C1C=Cc2occ(C(=O)c3ccccc3)c2C1=O,500.0950000000001,3.760200000000003,92.04,0,7,5,3,2,0.16666666666666666,27
CHEMBL3951760,CC(C)Oc1ccc2[nH]nc(-c3cc(N4CCC(C(C)(C)O)CC4)ncn3)c2c1,0,c1ccc2c(-c3cc(N4CCCCC4)ncn3)n[nH]c2c1,395.5070000000001,3.794400000000003,87.16,2,6,5,4,3,0.5,29
CHEMBL1200686,CC[C@@H]1/C=C(\C)C[C@H](C)C[C@H](OC)[C@H]2O[C@@](O)(C(=O)C(=O)N3CCCC[C@H]3C(=O)O[C@H](/C(C)=C/[C@@H]3CC[C@H](Cl)[C@H](OC)C3)[C@H](C)[C@@H](O)CC1=O)[C@H](C)C[C@@H]2OC,1,O=C1CC=CCCCCC2CCCC(O2)C(=O)C(=O)N2CCCCC2C(=O)OC(C=CC2CCCCC2)CCC1,810.4660000000001,5.7194000000000065,158.12999999999997,2,11,6,4,0,0.813953488372093,56
CHEMBL1773538,CCc1ccc(S(=O)(=O)N2CCN(c3cc(OC)cc(OC)c3)CC2C(=O)NCc2ccc(OC)c(OC)c2)cc1,0,O=C(NCc1ccccc1)C1CN(c2ccccc2)CCN1S(=O)(=O)c1ccccc1,583.7070000000003,3.479300000000002,106.64000000000001,1,8,11,4,3,0.36666666666666664,41
CHEMBL1968813,O=C1/C(=C/c2ccco2)N=C(c2ccccc2)N1c1ccc(S(=O)(=O)Nc2nccs2)cc1,0,O=C1C(=Cc2ccco2)N=C(c2ccccc2)N1c1ccc(S(=O)(=O)Nc2nccs2)cc1,476.5390000000001,4.371400000000002,104.87,1,7,6,5,4,0.0,33
CHEMBL3729114,CN(Cc1ccc2nccnc2c1)C(=O)c1ccc(N(Cc2ccccc2)C(=O)c2cc(C(F)(F)F)c(O)cc2O)cc1,0,O=C(NCc1ccc2nccnc2c1)c1ccc(N(Cc2ccccc2)C(=O)c2ccccc2)cc1,586.5700000000003,6.179000000000006,106.86000000000001,2,6,7,5,5,0.125,43
CHEMBL3488567,Cc1cnn(CCC(=O)NC2CCc3nc(C)cn3C2)c1,0,O=C(CCn1cccn1)NC1CCc2nccn2C1,287.367,1.2177399999999996,64.74000000000001,1,3,4,3,2,0.5333333333333333,21
CHEMBL1668238,O=C(NC1CCCCC1)[C@H](C1CCCCC1)n1c(-c2ccc(Cl)cc2)nc2cc(F)c(F)cc21,0,O=C(NC1CCCCC1)C(C1CCCCC1)n1c(-c2ccccc2)nc2ccccc21,486.00600000000014,7.205200000000006,46.92,1,2,5,5,3,0.48148148148148145,34
CHEMBL2103774,C#C[C@]1(O)CC[C@H]2[C@@H]3[C@H](C)CC4=C(CCC(=O)C4)[C@H]3CC[C@@]21C,1,O=C1CCC2=C(CCC3C2CCC2CCCC23)C1,312.45300000000003,3.8826000000000036,37.3,1,2,0,4,0,0.7619047619047619,23
CHEMBL1188825,CC(Br)C(=O)Nc1cccc(C(=O)NCCN(C)C)c1,0,c1ccccc1,342.23700000000014,1.6999,61.440000000000005,2,3,6,1,1,0.42857142857142855,20
CHEMBL483211,CC1C=CNC2=C1C(=O)c1c(O)ccc(O)c1C2=O,0,O=C1C2=C(NC=CC2)C(=O)c2ccccc21,257.245,1.4838999999999998,86.63,3,5,0,3,1,0.14285714285714285,19
CHEMBL1571906,C=CCOC(=O)CCP(=O)(CCC(=O)OCC=C)c1ccccc1,0,c1ccccc1,350.351,2.9136000000000015,69.67,0,5,11,1,1,0.3333333333333333,24
CHEMBL94394,CCCCOc1ccc(CC(=O)NO)cc1,1,c1ccccc1,223.272,1.9134,58.56,2,3,6,1,1,0.4166666666666667,16
CHEMBL1455,CN(C)c1nc(N(C)C)nc(N(C)C)n1,1,c1ncncn1,210.285,0.0696000000000001,48.39000000000001,0,6,3,1,1,0.6666666666666666,15
CHEMBL2103772,CC(=O)SCC(Cc1ccccc1)C(=O)NCC(=O)OCc1ccccc1,1,O=C(CCc1ccccc1)NCC(=O)OCc1ccccc1,385.4850000000002,2.9846000000000013,72.47,1,5,9,2,2,0.2857142857142857,27
CHEMBL1534040,Cc1ccc2nc(C)c3c(c2c1)OC(C(C)(Cl)Br)C3,0,c1ccc2c3c(cnc2c1)CCO3,340.648,4.505040000000003,22.12,0,2,1,3,2,0.4,19
CHEMBL1201046,NCc1ccccc1CC(=O)N[C@@H]1C(=O)N2C(C(=O)O)=C(CSc3nnnn3CC(=O)O)CS[C@H]12,1,O=C(Cc1ccccc1)NC1C(=O)N2C=C(CSc3nnn[nH]3)CSC12,519.5650000000003,-0.7101999999999984,193.62999999999997,4,10,10,4,2,0.35,35
CHEMBL1359,C[C@@H](O)[C@H]1C(=O)N2C(C(=O)O)=C(S[C@@H]3CN[C@H](C(=O)Nc4cccc(C(=O)O)c4)C3)[C@H](C)[C@H]12,1,O=C(Nc1ccccc1)C1CC(SC2=CN3C(=O)CC3C2)CN1,475.52300000000025,0.9407000000000005,156.26999999999998,5,7,7,4,1,0.45454545454545453,33
CHEMBL1447970,CCC(C)(C)n1nnnc1C(c1cc2cc3c(cc2nc1O)OCO3)N1CCCCC1,0,c1nc2cc3c(cc2cc1C(c1nnn[nH]1)N1CCCCC1)OCO3,424.50500000000034,3.3760000000000012,98.42,1,8,5,5,3,0.5454545454545454,31
CHEMBL1520809,CCCn1c(C)cc(/C=C(\C#N)C(=O)OCC(=O)Nc2ccc(OC)c(Cl)c2)c1C,0,O=C(COC(=O)C=Cc1cc[nH]c1)Nc1ccccc1,429.9040000000001,4.265820000000003,93.35000000000001,1,5,8,2,2,0.3181818181818182,30
CHEMBL1650,CC(=O)OCC(=O)[C@@]1(O)CC[C@H]2[C@@H]3CCC4=CC(=O)CC[C@]4(C)[C@H]3C(=O)C[C@@]21C,1,O=C1C=C2CCC3C4CCCC4CC(=O)C3C2CC1,402.48700000000025,2.560600000000001,97.74000000000001,1,6,3,4,0,0.7391304347826086,29
CHEMBL3462667,Cc1ccc(NC(=O)C2CCc3ccccc3N2)cc1,0,O=C(Nc1ccccc1)C1CCc2ccccc2N1,266.344,3.3604200000000013,41.13,2,2,2,3,2,0.23529411764705882,20
CHEMBL1763,NS(=O)(=O)c1cc2c(cc1C(F)(F)F)NCNS2(=O)=O,1,O=S1(=O)NCNc2ccccc21,331.29699999999997,0.014100000000000557,118.35999999999999,3,5,1,2,1,0.25,20
CHEMBL472,COc1ccc(Cl)cc1C(=O)NCCc1ccc(S(=O)(=O)NC(=O)NC2CCCCC2)cc1,1,O=C(NC1CCCCC1)NS(=O)(=O)c1ccc(CCNC(=O)c2ccccc2)cc1,494.0130000000003,3.641700000000003,113.6,3,5,8,3,2,0.391304347826087,33
CHEMBL3314804,O=C(Nc1cc(Oc2cccnc2)ccn1)c1cccc(Cl)c1,0,O=C(Nc1cc(Oc2cccnc2)ccn1)c1ccccc1,325.755,4.174600000000002,64.11,1,4,4,3,3,0.0,23
CHEMBL1873475,C=CC(=O)N1CCC[C@@H](n2nc(-c3ccc(Oc4ccccc4)cc3)c3c(N)ncnc32)C1,1,c1ccc(Oc2ccc(-c3nn(C4CCCNC4)c4ncncc34)cc2)cc1,440.5070000000002,4.2173000000000025,99.16,1,6,5,5,4,0.2,33
CHEMBL1465,CCC(c1ccccc1)c1c(O)c2ccccc2oc1=O,1,O=c1oc2ccccc2cc1Cc1ccccc1,280.323,4.040500000000003,50.440000000000005,1,3,3,3,3,0.16666666666666666,21
CHEMBL1502562,CN(C)C(=O)c1cc(C(=O)c2ccc(C(F)(F)F)cc2F)c[nH]1,0,O=C(c1ccccc1)c1cc[nH]c1,328.265,3.1054000000000013,53.17,1,2,3,2,2,0.2,23
CHEMBL1201141,CC(C)Cc1ccc(C(C)C(=O)O)cc1,1,c1ccccc1,206.28499999999997,3.073200000000001,37.3,1,1,4,1,1,0.46153846153846156,15
CHEMBL582250,COc1ccc([N+](=O)[O-])cc1-c1ccc(/C=C(\C#N)c2nn(CCO)c(N)c2C#N)o1,0,C(=Cc1ccc(-c2ccccc2)o1)c1cc[nH]n1,420.3850000000002,2.5702599999999998,177.15999999999997,2,9,7,3,3,0.15,31
CHEMBL1090,Nc1ncnc2c1ncn2[C@@H]1O[C@H](CO)[C@@H](O)[C@@H]1O,1,c1ncc2ncn(C3CCCO3)c2n1,267.245,-1.9800000000000006,139.54000000000002,4,8,2,3,2,0.5,19
CHEMBL1200656,C[C@@H]1C/C=C/C=C/C=C/C=C/[C@H](O[C@@H]2O[C@H](C)[C@@H](O)[C@H](N)[C@@H]2O)C[C@@H]2O[C@](O)(C[C@@H](O)C[C@H]3O[C@@H]3/C=C/C(=O)O1)C[C@H](O)[C@H]2C(=O)O,1,O=C1C=CC2OC2CCCC2CCCC(CC(OC3CCCCO3)C=CC=CC=CC=CCCO1)O2,665.7330000000004,0.11970000000000325,230.98999999999995,7,13,3,4,0,0.6363636363636364,47
CHEMBL6068339,CCCCC1=NC2(CCCC2)C(=O)N1Cc1ccc(-c2ccccc2-c2nnn[nH]2)cc1,1,O=C1N(Cc2ccc(-c3ccccc3-c3nnn[nH]3)cc2)C=NC12CCCC2,428.5400000000001,4.777400000000004,87.13,1,5,7,5,3,0.4,32
CHEMBL522038,CCOC(=O)CN[C@@H](C(=O)N1CC[C@H]1C(=O)NCc1ccc(/C(N)=N\O)cc1)C1CCCCC1,1,O=C(NCc1ccccc1)C1CCN1C(=O)CC1CCCCC1,473.5740000000003,1.099800000000003,146.35,4,7,10,3,1,0.5833333333333334,34
CHEMBL2105712,CN(C)C/C=C/C(=O)Nc1cc2c(Nc3ccc(F)c(Cl)c3)ncnc2cc1O[C@H]1CCOC1,1,c1ccc(Nc2ncnc3cc(OC4CCOC4)ccc23)cc1,485.94700000000023,4.389900000000002,88.61000000000001,2,7,8,4,3,0.2916666666666667,34
CHEMBL455614,COc1ccc2c(c1O)-c1c(OC)c(OC)cc3c1[C@H](C2)[N+](C)(C)CC3,0,c1ccc2c(c1)CC1[NH2+]CCc3cccc-2c31,356.4420000000002,3.314700000000002,47.92,1,4,3,4,2,0.42857142857142855,26
CHEMBL3185983,COc1ccc(C(=O)OCC(=O)NC2CCCCCCC2)cc1OC,0,O=C(COC(=O)c1ccccc1)NC1CCCCCCC1,349.42700000000013,3.0897000000000014,73.86,1,5,6,2,1,0.5789473684210527,25
CHEMBL1187322,NC[C@H]1C[C@@H]1c1c(F)cccc1F,0,c1ccc(C2CC2)cc1,183.201,2.027,26.02,1,1,2,2,1,0.4,13
CHEMBL1200681,CC(C)(O)c1ccccc1CC[C@@H](SCC1(CC(=O)O)CC1)c1cccc(/C=C/c2ccc3ccc(Cl)cc3n2)c1,1,C(=Cc1ccc2ccccc2n1)c1cccc(C(CCc2ccccc2)SCC2CC2)c1,586.1970000000001,8.948000000000002,70.42,2,4,12,5,4,0.3142857142857143,41
CHEMBL1420765,O=C(Nc1ccccc1O)c1ccc([N+](=O)[O-])cc1,0,O=C(Nc1ccccc1)c1ccccc1,258.23299999999995,2.5527000000000006,92.47,2,4,3,2,2,0.0,19
CHEMBL1375743,O=C1Cc2cc(CCN3CCN(c4nsc5ccccc45)CC3)c(Cl)cc2N1,1,O=C1Cc2cc(CCN3CCN(c4nsc5ccccc45)CC3)ccc2N1,412.9460000000002,3.809000000000002,48.470000000000006,1,5,4,5,3,0.3333333333333333,28
CHEMBL187703,Oc1ccc(Cl)cc1-c1c(SCC(O)CN2CCSCC2)c(O)nc2ccc(C(F)(F)F)cc12,0,c1ccc(-c2c(SCCCN3CCSCC3)cnc3ccccc23)cc1,531.0210000000003,5.487000000000005,76.82000000000001,3,7,6,4,3,0.34782608695652173,34
CHEMBL2000648,COc1ccc(N2C(=O)C3c4[nH]c5c(C)cccc5c4C4CCC(C(C)(C)C)CC4C3C2=O)cc1,0,O=C1C2c3[nH]c4ccccc4c3C3CCCCC3C2C(=O)N1c1ccccc1,470.61300000000034,6.317720000000007,62.4,1,3,2,6,3,0.4666666666666667,35
CHEMBL3989777,NCCNCCNCCN,1,,146.238,-1.916999999999998,76.1,4,4,7,0,0,1.0,10
CHEMBL4172881,O=C(CN1CCN(CC2CCCCC2)CC1)Nc1ccc(F)cc1,0,O=C(CN1CCN(CC2CCCCC2)CC1)Nc1ccccc1,333.45099999999996,2.9621000000000004,35.580000000000005,1,3,5,3,1,0.631578947368421,24
CHEMBL3145364,Cc1c(/N=N/c2c(-c3ccc([N+](=O)[O-])cc3)[nH]n(C(N)=S)c2=O)cccc1[N+](=O)[O-],0,O=c1[nH][nH]c(-c2ccccc2)c1N=Nc1ccccc1,427.40200000000016,3.4753200000000017,174.81,2,8,5,3,3,0.058823529411764705,30
CHEMBL1201329,O=C1N(Cc2ccccc2)C2C[S+]3CCCC3C2N1Cc1ccccc1,1,O=C1N(Cc2ccccc2)C2C[S+]3CCCC3C2N1Cc1ccccc1,365.52200000000005,3.6559000000000026,23.550000000000004,0,1,4,5,2,0.4090909090909091,26
CHEMBL3358367,COc1ccc(C(=O)Nc2cccc(NC(=O)c3cccc(Br)c3)c2)cc1,0,O=C(Nc1cccc(NC(=O)c2ccccc2)c1)c1ccccc1,425.28200000000004,4.9623000000000035,67.43,2,3,5,3,3,0.047619047619047616,27
CHEMBL1330834,CCC(C)CN1CCC(CO)(Cc2ccccc2Cl)CC1,0,c1ccc(CC2CCNCC2)cc1,309.8810000000001,4.003100000000003,23.47,1,2,6,2,1,0.6666666666666666,21
CHEMBL144673,CCCCC(CC)CN1CN(CC(CC)CCCC)CC(C)(N)C1,1,C1CNCNC1,339.6120000000001,4.711700000000004,32.5,1,3,12,1,0,1.0,24
CHEMBL4650485,COc1ccc(F)cc1C(=O)NCc1ccc(-c2nn([C@@H](C)C(F)(F)F)c(N)c2C(N)=O)cc1,1,O=C(NCc1ccc(-c2cc[nH]n2)cc1)c1ccccc1,479.43400000000014,3.432200000000001,125.25999999999999,3,5,7,3,3,0.22727272727272727,34
CHEMBL2227820,CCNC1=C(C)C(=O)c2cccc(OC)c2C1=O,0,O=C1C=CC(=O)c2ccccc21,245.27799999999996,1.9577,55.4,1,4,3,2,1,0.2857142857142857,18
CHEMBL433968,COc1cccc(N2CCN(CCCCc3c[nH]c4ccc(C#N)cc34)CC2)c1C#N,0,c1ccc(N2CCN(CCCCc3c[nH]c4ccccc34)CC2)cc1,413.5250000000002,4.064760000000003,79.08,1,5,7,4,3,0.36,31
CHEMBL1201150,CNS(=O)(=O)Cc1ccc2[nH]cc(CCN(C)C)c2c1,1,c1ccc2[nH]ccc2c1,295.408,1.3211999999999997,65.2,2,3,6,2,2,0.42857142857142855,20
CHEMBL1201127,CC(C)CN(C[C@@H](O)[C@H](Cc1ccccc1)NC(=O)O[C@H]1CO[C@H]2OCC[C@H]21)S(=O)(=O)c1ccc(N)cc1,1,O=C(NC(CCNS(=O)(=O)c1ccccc1)Cc1ccccc1)OC1COC2OCCC12,547.6740000000003,2.3753,140.42000000000002,3,8,11,4,2,0.5185185185185185,38
CHEMBL2289664,CCOC(=O)/C=C(/C)c1cccnc1,0,c1ccncc1,191.23000000000002,2.048,39.19,0,3,3,1,1,0.2727272727272727,14
CHEMBL1543189,CCCCN(CC)CCCNC(=O)Cn1nc(Cc2ccncc2)c2ccccc2c1=O,0,O=c1[nH]nc(Cc2ccncc2)c2ccccc12,435.5720000000001,3.010600000000001,80.12,1,5,12,3,3,0.44,32
CHEMBL3213042,CC/N=C1\SC(CC(=O)Nc2ccccc2OCC)C(=O)N1CC,0,N=C1NC(=O)C(CC(=O)Nc2ccccc2)S1,349.4560000000002,2.753700000000001,70.99999999999999,1,5,7,2,1,0.47058823529411764,24
CHEMBL1317881,O=C(Nc1ccc2c(c1)C(=O)NC2=O)c1cccc(Cl)c1,0,O=C(Nc1ccc2c(c1)C(=O)NC2=O)c1ccccc1,300.701,2.4759,75.27000000000001,2,3,2,3,2,0.0,21
CHEMBL1238,O=C(O)CCCCCCCC(=O)O,1,,188.22299999999998,1.8863,74.6,2,2,8,0,0,0.7777777777777778,13
CHEMBL3137911,C[C@]12CC[C@H]3[C@@H](CC[C@@]45O[C@@H]4C(=O)C(C(N)=O)C[C@]35C)[C@@H]1CC[C@@H]2O,0,O=C1CCC2C3CCC4CCCC4C3CCC23OC13,347.4550000000001,1.8017999999999992,92.92,2,4,1,5,0,0.9,25
CHEMBL445431,COc1cccc(OCC#Cc2cn([C@H](C)C[C@@H]3CC[C@H]([C@@H](C)C(=O)N4CCN(CC5CCCO5)CC4)O3)nn2)c1OC,0,O=C(CC1CCC(CCn2cc(C#CCOc3ccccc3)nn2)O1)N1CCN(CC2CCCO2)CC1,595.7410000000003,3.1838000000000015,100.41000000000001,0,9,11,5,2,0.65625,43
CHEMBL229128,Cc1ccccc1OCC(O)CO,1,c1ccccc1,182.219,0.7270199999999998,49.69,2,3,4,1,1,0.4,13
CHEMBL3617168,CCOC(=O)/C(=C\c1c(-c2ccccc2)[nH]c2ccccc12)C(C)=O,0,c1ccc(-c2cc3ccccc3[nH]2)cc1,333.3870000000001,4.370400000000004,59.160000000000004,1,3,5,3,3,0.14285714285714285,25
CHEMBL190461,C=C(C)[C@@H]1CCC(C)=C[C@H]1c1c(O)cc(CCCCC)cc1O,1,C1=CC(c2ccccc2)CCC1,314.469,5.846500000000006,40.46,2,2,6,2,1,0.5238095238095238,23
CHEMBL1619,Nc1nc(Cl)nc2c1ncn2[C@H]1C[C@H](O)[C@@H](CO)O1,1,c1ncc2ncn(C3CCCO3)c2n1,285.69100000000003,-0.29740000000000044,119.31000000000002,3,7,2,3,2,0.5,19
CHEMBL1200977,Cc1[nH]c(=O)c(C#N)cc1-c1ccncc1,1,O=c1ccc(-c2ccncc2)c[nH]1,211.22400000000002,1.617,69.53999999999999,1,3,1,2,2,0.08333333333333333,16
CHEMBL1339,CCCc1nc(C)c2c(O)nc(-c3cc(S(=O)(=O)N4CCN(CC)CC4)ccc3OCC)nn12,1,O=S(=O)(c1cccc(-c2ncc3cncn3n2)c1)N1CCNCC1,488.6140000000004,2.4827200000000005,113.16,1,8,8,4,3,0.5217391304347826,34
CHEMBL3928134,COC[C@H](C)NC(=O)Nc1cc2[nH]nc(N3CCOCC3)c2cn1,0,c1cc2[nH]nc(N3CCOCC3)c2cn1,334.3800000000001,0.9508999999999997,104.4,3,6,5,3,2,0.5333333333333333,24
CHEMBL1950111,CCOC(=O)/C=C/C(=O)N(CC(N)=O)NC(=O)[C@@H]1CCCN1C(=O)C(NC(C)=O)=C(C)C,0,C1CCNC1,451.4800000000003,-1.128199999999996,168.21,3,7,8,1,0,0.5,32
CHEMBL777,O=C(O)[C@H]1/C(=C/CO)O[C@@H]2CC(=O)N21,1,C=C1CN2C(=O)CC2O1,199.16199999999998,-1.0956,87.07000000000001,2,4,2,2,0,0.5,14
CHEMBL1865386,O=[N+]([O-])c1ccccc1CCc1ccccc1[N+](=O)[O-],0,c1ccc(CCc2ccccc2)cc1,272.26,3.2882000000000016,86.28,0,4,5,2,2,0.14285714285714285,20
CHEMBL2103929,CN(C)[C@@H]1C(O)=C(C(=O)NCNCCCC[C@H](N)C(=O)O)C(=O)[C@@]2(O)C(O)=C3C(=O)c4c(O)cccc4[C@@](C)(O)[C@H]3C[C@@H]12,1,O=C1C2=CC3C(=O)C=CCC3CC2Cc2ccccc21,602.6410000000002,-0.45419999999999416,242.97999999999996,9,12,10,4,1,0.5172413793103449,43
CHEMBL2107519,ClCCN(CCCl)c1ccc2ccccc2c1,1,c1ccc2ccccc2c1,268.187,4.123800000000003,3.24,0,1,5,2,2,0.2857142857142857,17
CHEMBL4288125,Cc1ccccc1-c1ncnc2c1cnn2CCN1CCCCC1,0,c1ccc(-c2ncnc3c2cnn3CCN2CCCCC2)cc1,321.4280000000002,3.2876200000000013,46.84,0,4,4,4,3,0.42105263157894735,24
CHEMBL3220217,O=C1CC(CN2CCC(C(=O)c3ccc(F)cc3)CC2)Cc2nc(N3CCCC3)sc21,0,O=C1CC(CN2CCC(C(=O)c3ccccc3)CC2)Cc2nc(N3CCCC3)sc21,441.5720000000004,4.222400000000004,53.510000000000005,0,6,5,5,2,0.5416666666666666,31
CHEMBL1200734,CC(C)CN(C[C@@H](OP(=O)(O)O)[C@H](Cc1ccccc1)NC(=O)O[C@H]1CCOC1)S(=O)(=O)c1ccc(N)cc1,1,O=C(NC(CCNS(=O)(=O)c1ccccc1)Cc1ccccc1)OC1CCOC1,585.6160000000002,2.5198,177.72,4,8,13,3,2,0.48,39
CHEMBL2105131,CN(CC1(C)CCCO1)S(=O)(=O)c1ccc(Cl)c(S(N)(=O)=O)c1,1,O=S(=O)(NCC1CCCO1)c1ccccc1,382.89100000000013,1.177,106.76999999999998,1,5,5,2,1,0.5384615384615384,23
CHEMBL3127918,Cc1cc2nc(C3CCOC3)n(-c3ccc4c(N)nc(N)nc4c3)c2cc1C,0,c1ccc2c(c1)nc(C1CCOC1)n2-c1ccc2cncnc2c1,374.44800000000015,3.2538400000000003,104.87,2,6,2,5,4,0.2857142857142857,28
CHEMBL1200477,O=c1[nH]cnc2[nH]ncc12,1,O=c1[nH]cnc2[nH]ncc12,136.114,-0.35380000000000006,74.43,2,3,0,2,2,0.0,10
CHEMBL1865611,Cc1c(-c2nnc(SCC(=O)O)n2-c2ccccc2Br)nnn1-c1ccccc1,0,c1ccc(-n2cc(-c3nncn3-c3ccccc3)nn2)cc1,471.3400000000001,3.762620000000002,98.72,1,6,6,4,4,0.10526315789473684,29
CHEMBL1317856,CN(Cc1cncn1C)c1ncnc2ccc(-c3ccc4c(c3)OCO4)cc12,0,c1nc(NCc2cnc[nH]2)c2cc(-c3ccc4c(c3)OCO4)ccc2n1,373.41600000000017,3.395400000000002,65.30000000000001,0,6,4,5,4,0.19047619047619047,28
CHEMBL408513,O=C(/C=C/c1cccc(S(=O)(=O)Nc2ccccc2)c1)NO,1,O=S(=O)(Nc1ccccc1)c1ccccc1,318.354,2.0060000000000002,95.5,3,4,5,2,2,0.0,22
CHEMBL2419075,O=C(OC1CSSC1)c1ccc(Cl)cc1,0,O=C(OC1CSSC1)c1ccccc1,260.767,3.2604000000000015,26.3,0,4,2,2,1,0.3,15
CHEMBL91,Clc1ccc(COC(Cn2ccnc2)c2ccc(Cl)cc2Cl)c(Cl)c1,1,c1ccc(COC(Cn2ccnc2)c2ccccc2)cc1,416.1350000000001,6.454800000000002,27.05,0,2,6,3,3,0.16666666666666666,25
CHEMBL2048948,CCCCCCc1cn(C(C)c2ccc3oc4ccccc4c3c2)nn1,0,c1ccc2c(c1)oc1ccc(Cn3ccnn3)cc12,347.46200000000005,5.9096000000000055,43.85,0,3,7,4,4,0.36363636363636365,26
CHEMBL43064,C(=C\c1ccccc1)/CN1CCN(C(c2ccccc2)c2ccccc2)CC1,1,C(=Cc1ccccc1)CN1CCN(C(c2ccccc2)c2ccccc2)CC1,368.5240000000001,5.1070000000000055,6.48,0,2,6,4,3,0.23076923076923078,28
CHEMBL3401173,O=c1[nH]ccc2nc(COc3ccccc3)cn12,0,O=c1[nH]ccc2nc(COc3ccccc3)cn12,241.25000000000003,1.6016,59.39,1,3,3,3,3,0.07692307692307693,18
CHEMBL1185523,O/N=C(/CCCOCCCc1c[nH]cn1)c1ccc(F)cc1,0,N=C(CCCOCCCc1c[nH]cn1)c1ccccc1,305.353,3.1567000000000016,70.5,2,4,9,2,2,0.375,22
CHEMBL485696,Cc1cc(NS(=O)(=O)c2ccc(N)cc2)nc(C)n1,1,O=S(=O)(Nc1ccncn1)c1ccccc1,278.33700000000005,1.47644,97.97,2,5,3,2,2,0.16666666666666666,19
CHEMBL3214224,COc1ccccc1/N=C(\C)C1=C(O)SCC1=O,0,O=C1CSC=C1C=Nc1ccccc1,263.318,2.873100000000001,58.89,1,5,3,2,1,0.23076923076923078,18
CHEMBL1404,COc1ccccc1OCC(O)CN1CCN(CC(=O)Nc2c(C)cccc2C)CC1,1,O=C(CN1CCN(CCCOc2ccccc2)CC1)Nc1ccccc1,427.5450000000002,2.30804,74.27,2,6,9,3,2,0.4583333333333333,31
CHEMBL1517492,Cn1cnc([N+](=O)[O-])c1Nc1ccccc1O,0,c1ccc(Nc2cnc[nH]2)cc1,234.215,1.7774999999999994,93.22,2,5,3,2,2,0.1,17
CHEMBL5314375,Nc1ccn(C[C@@H](CO)OCP(=O)(O)O)c(=O)n1,1,O=c1nccc[nH]1,279.18899999999996,-1.6618000000000002,147.89999999999998,4,6,6,1,1,0.5,18
CHEMBL225071,Cc1nc(=O)c2cc(CN(C)c3ccc(C(=O)N[C@@H](CCC(=O)O)C(=O)O)s3)ccc2[nH]1,1,O=c1nc[nH]c2ccc(CNc3cccs3)cc12,458.4960000000002,1.9772199999999995,152.69,4,7,9,3,3,0.2857142857142857,32
CHEMBL2132325,COc1ccc(NS(=O)(=O)c2ccc(O)c([N+](=O)[O-])c2)cc1S(=O)(=O)N1CCCCC1,0,O=S(=O)(Nc1cccc(S(=O)(=O)N2CCCCC2)c1)c1ccccc1,471.5130000000003,2.2843999999999998,156.15,2,8,7,3,2,0.3333333333333333,31
CHEMBL24828,COc1cc2/c(=N/c3ccc(Br)cc3F)nc[nH]c2cc1OCC1CCN(C)CC1,1,c1ccc(N=c2nc[nH]c3cc(OCC4CCNCC4)ccc23)cc1,475.3620000000003,4.426100000000003,62.74,1,5,5,4,3,0.36363636363636365,30
CHEMBL592609,Cc1nc2ccc(/N=C/c3ccc(N(C)C)cc3)cc2s1,0,C(=Nc1ccc2ncsc2c1)c1ccccc1,295.411,4.421320000000003,28.490000000000002,0,4,3,3,3,0.17647058823529413,21
CHEMBL2144294,C[C@@H]1CN([C@H](C)CO)C(=O)Cc2cc(NS(=O)(=O)c3ccccc3)ccc2O[C@@H]1CN(C)Cc1ccc(C(=O)Nc2ccccc2N)cc1,0,O=C1Cc2cc(NS(=O)(=O)c3ccccc3)ccc2OC(CNCc2ccc(C(=O)Nc3ccccc3)cc2)CCN1,685.8470000000001,4.602900000000003,154.3,4,8,11,5,4,0.2972972972972973,49
CHEMBL1524721,CC(C)CC(=O)N1CCC(N(CCc2ccccc2)Cc2ccccc2)CC1,0,c1ccc(CCN(Cc2ccccc2)C2CCNCC2)cc1,378.5600000000002,4.768400000000005,23.550000000000004,0,2,8,3,2,0.48,28
CHEMBL6959,CC[C@H]1Cc2cc3c(C(F)(F)F)cc(O)nc3cc2N[C@@H]1CC,0,c1cnc2cc3c(cc2c1)CCCN3,324.34600000000006,4.732000000000003,45.150000000000006,2,3,2,3,2,0.47058823529411764,23
CHEMBL3288591,COc1ccc(Cc2nc(N(C(=O)c3ccc(OC)c(OC)c3)C(=O)c3ccc(OC)c(OC)c3)n(C)c2Cc2ccc(OC)cc2)cc1,0,O=C(c1ccccc1)N(C(=O)c1ccccc1)c1nc(Cc2ccccc2)c(Cc2ccccc2)[nH]1,665.7430000000002,6.1405000000000065,110.58000000000003,0,9,13,5,5,0.23684210526315788,49
CHEMBL2040682,CC(C)C(=O)OCC(=O)[C@@]12O[C@H](C3CCCCC3)O[C@@H]1C[C@H]1[C@@H]3CCC4=CC(=O)C=C[C@]4(C)[C@H]3[C@@H](O)C[C@@]12C,1,O=C1C=CC2C(=C1)CCC1C2CCC2C1CC1OC(C3CCCCC3)OC12,540.6970000000002,4.703900000000005,99.13000000000001,1,7,5,6,0,0.78125,39
CHEMBL1134,C[N+](C)(C)CCCCCCCCCC[N+](C)(C)C,1,,258.4939999999999,3.5196000000000023,0.0,0,0,11,0,0,1.0,18
CHEMBL147091,CNC(=O)[C@@H](NC(=O)[C@H](CC(C)C)[C@H](SC)C(=O)NO)C(C)(C)C,0,,361.5080000000001,1.1625999999999996,107.53000000000002,4,5,8,0,0,0.8125,24
CHEMBL1200910,CC(=O)N(c1onc(C)c1C)S(=O)(=O)c1ccc(N)cc1,1,O=S(=O)(Nc1ccno1)c1ccccc1,309.34700000000004,1.6154400000000002,106.5,1,6,3,2,2,0.23076923076923078,21
CHEMBL1027,Cc1ccsc1C(=CCCN1CCC[C@@H](C(=O)O)C1)c1sccc1C,1,C(CCN1CCCCC1)=C(c1cccs1)c1cccs1,375.5590000000001,5.044840000000004,40.540000000000006,1,4,6,3,2,0.45,25
CHEMBL1162487,CCCC[C@@H](CC)C(=O)O,0,,144.214,2.2874,37.3,1,1,5,0,0,0.875,10
CHEMBL2449480,Cc1ccc(OC[C@H](O)CN2CCN(c3cccc(C)c3C)CC2)c(C(=O)CCc2ccccc2)c1,0,O=C(CCc1ccccc1)c1ccccc1OCCCN1CCN(c2ccccc2)CC1,486.65600000000035,4.989260000000005,53.010000000000005,1,5,10,4,3,0.3870967741935484,36
CHEMBL3425734,O=c1ccn(-c2cccc(-c3ccccc3)c2)cc1O,0,O=c1ccn(-c2cccc(-c3ccccc3)c2)cc1,263.296,3.210100000000002,42.230000000000004,1,2,2,3,3,0.0,20
CHEMBL1378051,CC1(C)Cc2cccc(C(=O)NCc3ccco3)c2O1,0,O=C(NCc1ccco1)c1cccc2c1OCC2,271.316,2.9231000000000007,51.47,1,3,3,3,2,0.3125,20
CHEMBL4094152,CCOC(=O)c1[nH]c2cc(Cl)ccc2c1C(NCC1CCCCC1)c1nnnn1Cc1ccc(OCc2ccccc2Br)cc1,0,c1ccc(COc2ccc(Cn3nnnc3C(NCC3CCCCC3)c3c[nH]c4ccccc34)cc2)cc1,692.0580000000004,7.633600000000007,106.95,2,7,12,6,5,0.35294117647058826,45
CHEMBL1200359,COc1cnc(NS(=O)(=O)c2ccc(N)cc2)nc1,1,O=S(=O)(Nc1ncccn1)c1ccccc1,280.30899999999997,0.8681999999999999,107.19999999999999,2,6,4,2,2,0.09090909090909091,19
CHEMBL1491751,CSc1cccc(NC(=O)C(C)NS(=O)(=O)c2ccc(F)cc2)c1,0,O=C(CNS(=O)(=O)c1ccccc1)Nc1ccccc1,368.45500000000004,2.8531000000000013,75.27000000000001,2,4,6,2,2,0.1875,24
CHEMBL1201131,CCCCOCCOCCOCc1cc2c(cc1CCC)OCO2,1,c1ccc2c(c1)OCO2,338.44400000000013,3.7177000000000024,46.150000000000006,0,5,13,2,1,0.6842105263157895,24
CHEMBL358130,COCC1CC(COC)[C@@H]2N[C@H]1n1c3ccccc3c3c4c(c5c6ccccc6n2c5c31)C(=O)NC4=O,0,O=C1NC(=O)c2c1c1c3ccccc3n3c1c1c2c2ccccc2n1C1CCCC3N1,494.55100000000033,4.315300000000002,86.52000000000001,2,5,4,8,5,0.3103448275862069,37
CHEMBL1201743,N#C[C@@H]1C[C@@H]2C[C@@H]2N1C(=O)[C@@H](N)C12CC3CC(CC(O)(C3)C1)C2,1,O=C(CC12CC3CC(CC(C3)C1)C2)N1CCC2CC21,315.4170000000001,1.157979999999999,90.35000000000001,2,4,2,6,0,0.8888888888888888,23
CHEMBL1091756,Nc1c(/N=N/c2ccc(-c3ccc(/N=N/c4c(S(=O)(=O)O)cc5cc(S(=O)(=O)O)c(/N=N/c6ccccc6)c(O)c5c4N)cc3)cc2)ccc2c(S(=O)(=O)O)cccc12,0,c1ccc(N=Nc2ccc3ccc(N=Nc4ccc(-c5ccc(N=Nc6ccc7ccccc7c6)cc5)cc4)cc3c2)cc1,852.8890000000002,9.5163,309.53999999999996,6,15,10,7,7,0.0,59
CHEMBL3400972,N[C@@H](Cc1cc(O)c(O)cc1[18F])C(=O)O,1,c1ccccc1,214.18293799999995,0.19129999999999997,103.78000000000002,4,4,3,1,1,0.2222222222222222,15
CHEMBL1025,CC(C)OP(=O)(F)OC(C)C,1,,184.147,2.9140000000000015,35.53,0,3,4,0,0,1.0,11
CHEMBL187709,CCN(CC)CCOc1ccc(C(O)(Cc2ccc(Cl)cc2)c2ccc(C)cc2)cc1,1,c1ccc(CC(c2ccccc2)c2ccccc2)cc1,438.01100000000014,5.847620000000007,32.7,1,3,10,3,3,0.3333333333333333,31
CHEMBL1428752,Cc1ccc2c(c1)C1CN(C)CCC1N2C(=O)c1cn(-c2ccccc2)nc1-c1ccccc1,0,O=C(c1cn(-c2ccccc2)nc1-c1ccccc1)N1c2ccccc2C2CNCCC21,448.5700000000001,5.295820000000005,41.370000000000005,0,3,3,6,4,0.2413793103448276,34
CHEMBL1562400,COc1ccc(S(=O)(=O)N(C)c2ccc(C(=O)N3CCOCC3)cc2)cc1OC,0,O=C(c1ccc(NS(=O)(=O)c2ccccc2)cc1)N1CCOCC1,420.48700000000025,2.0012999999999996,85.38000000000001,0,6,6,3,2,0.35,29
CHEMBL1736129,COc1ccc(C)cc1CN(C)c1ccc(S(=O)(=O)N2CCN(C)CC2)cn1,0,O=S(=O)(c1ccc(NCc2ccccc2)nc1)N1CCNCC1,404.53600000000023,1.9711199999999998,65.98,0,6,6,3,2,0.45,28
CHEMBL298734,NC(=O)N1CCC(CC(=O)N2CCC([C@H]3c4ncc(Br)cc4CCc4cc(Cl)cc(Br)c43)CC2)CC1,1,O=C(CC1CCNCC1)N1CCC(C2c3ccccc3CCc3cccnc32)CC1,638.8319999999999,5.909900000000006,79.53,1,3,3,5,2,0.5185185185185185,36
CHEMBL1328,CSCC[C@H](NC(=O)[C@H](Cc1c[nH]c2ccccc12)NC(=O)CCNC(=O)OC(C)(C)C)C(=O)N[C@@H](CC(=O)O)C(=O)N[C@@H](Cc1ccccc1)C(N)=O,1,O=C(CCc1c[nH]c2ccccc12)NCC(=O)NCC(=O)NCCc1ccccc1,767.9060000000002,1.5202000000000044,250.91,8,9,20,3,3,0.43243243243243246,54
CHEMBL431770,CCn1c(=O)c2c(nc(/C=C/c3ccc(OC)c(OC)c3)n2C)n(CC)c1=O,1,O=c1[nH]c(=O)c2[nH]c(C=Cc3ccccc3)nc2[nH]1,384.4360000000002,2.1241000000000003,80.28,0,5,6,3,3,0.35,28
CHEMBL3918952,COc1ccc(C(C)(C)C)cc1-c1cccc([C@@H](CC(=O)O)c2nccs2)c1,0,c1ccc(-c2cccc(Cc3nccs3)c2)cc1,395.52400000000006,5.722800000000005,59.42,1,4,6,3,3,0.30434782608695654,28
CHEMBL2070647,COc1cccc2c1nnc1c(C)nc(-c3ccccc3C)n12,0,c1ccc(-c2ncc3nnc4ccccc4n23)cc1,304.353,3.5699400000000017,52.31,0,4,2,4,4,0.16666666666666666,23
CHEMBL4250148,Cc1cnn(C)c1-c1cccc([C@H](CC(=O)O)CN2CC[C@@H](CCc3ccc4c(n3)NCCC4)C2)c1,0,c1cc(CCN2CCC(CCc3ccc4c(n3)NCCC4)C2)cc(-c2ccn[nH]2)c1,487.6480000000004,4.661620000000004,83.28,2,5,9,5,3,0.4827586206896552,36
CHEMBL441803,CCCCCCCN(Cc1cccs1)C(=O)Nc1cc(C)c(C)cc1C,0,O=C(NCc1cccs1)Nc1ccccc1,372.5780000000002,6.677860000000007,32.34,1,2,9,2,2,0.5,26
CHEMBL1200617,CCC(=O)[C@@]1(C)[C@H](C)C[C@H]2[C@@H]3CCC4=CC(=O)C=C[C@]4(C)[C@H]3[C@@H](O)C[C@@]21C,1,O=C1C=CC2C(=C1)CCC1C3CCCC3CCC21,370.53300000000013,4.496500000000005,54.370000000000005,1,3,2,4,0,0.75,27
CHEMBL126224,CN(C)CCCn1c2c(c3ccccc31)CCCCCC2,1,c1ccc2c3c([nH]c2c1)CCCCCC3,284.44700000000006,4.252000000000004,8.17,0,1,4,3,2,0.5789473684210527,21
CHEMBL1318287,C[N+]1(CCCCC[N+]2(C)CCCC2)CCCC1,1,C(CC[NH+]1CCCC1)CC[NH+]1CCCC1,240.4349999999999,2.637500000000001,0.0,0,0,6,2,0,1.0,17
CHEMBL1401108,O=C(Cc1ccc(S(=O)(=O)N2CCCC2)s1)N1CCN(c2ccccc2)CC1,0,O=C(Cc1ccc(S(=O)(=O)N2CCCC2)s1)N1CCN(c2ccccc2)CC1,419.5720000000002,2.4239000000000006,60.93000000000001,0,5,5,4,2,0.45,28
CHEMBL3445973,CCS(=O)(=O)Nc1cnn(Cc2cccc(C)c2)c1,0,c1ccc(Cn2cccn2)cc1,279.365,2.0014199999999995,63.99,1,3,5,2,2,0.3076923076923077,19
CHEMBL1408148,O=C(Nc1cccc2c1C(=O)NC2=O)c1ccc(N2C(=O)CCC2=O)cc1,0,O=C(Nc1cccc2c1C(=O)NC2=O)c1ccc(N2C(=O)CCC2=O)cc1,363.3290000000002,1.4759,112.65,2,5,3,4,2,0.10526315789473684,27
CHEMBL548,CCCCC[C@H](O)/C=C/[C@H]1[C@H](O)CC(=O)[C@@H]1C/C=C\CCCC(=O)O,1,O=C1CCCC1,352.4710000000001,3.251100000000002,94.83,3,4,12,1,0,0.7,25
CHEMBL2107431,C#C[C@]1(O)CC[C@H]2[C@@H]3CCC4=CCCC[C@@H]4[C@H]3CC[C@@]21C,1,C1=C2CCC3C4CCCC4CCC3C2CCC1,284.443,4.313500000000004,20.23,1,1,0,4,0,0.8,21
CHEMBL3774513,O=C(O)c1ccnc(-c2cc(NC(=O)c3ccccc3O)ccc2O)c1,0,O=C(Nc1cccc(-c2ccccn2)c1)c1ccccc1,350.3300000000001,3.1103000000000005,119.75,4,5,4,3,3,0.0,26
CHEMBL1504,CC1(C)O[C@@H]2C[C@H]3[C@@H]4CCC5=CC(=O)C=C[C@]5(C)[C@@]4(F)[C@@H](O)C[C@]3(C)[C@]2(C(=O)CO)O1,1,O=C1C=CC2C(=C1)CCC1C2CCC2C1CC1OCOC12,434.50400000000025,2.4188000000000005,93.06,2,6,2,5,0,0.75,31
CHEMBL4116593,CN(Cc1cccc(-c2cnc(N3CCOCC3)nc2)c1)C(=O)NC(=N)N,0,c1ccc(-c2cnc(N3CCOCC3)nc2)cc1,369.429,1.0150700000000004,120.46,3,6,4,3,2,0.3333333333333333,27
CHEMBL1714746,Cc1nn(Cc2ccccc2)c(Cl)c1C(=O)OC(C)C(=O)Nc1nc(-c2ccccc2)cs1,0,O=C(COC(=O)c1cnn(Cc2ccccc2)c1)Nc1nc(-c2ccccc2)cs1,480.97700000000015,5.200720000000004,86.11,1,6,7,4,4,0.16666666666666666,33
CHEMBL2375393,c1cc(-c2nc(N3CCOCC3)c3c4c(sc3n2)CCCCCC4)ccn1,0,c1cc(-c2nc(N3CCOCC3)c3c4c(sc3n2)CCCCCC4)ccn1,380.5170000000002,4.2489000000000035,51.14,0,6,2,5,3,0.47619047619047616,27
CHEMBL1380844,CCOC(=O)c1cnc2ccc(C)cc2c1Sc1ccccc1C(=O)OC,0,c1ccc(Sc2ccnc3ccccc23)cc1,381.45300000000015,4.657720000000004,65.49,0,6,5,3,3,0.19047619047619047,27
CHEMBL90555,CC[C@]1(O)C[C@H]2CN(CCc3c([nH]c4ccccc34)[C@@](C(=O)OC)(c3cc4c(cc3OC)N(C=O)[C@H]3[C@@](O)(C(=O)OC)[C@H](OC(C)=O)[C@]5(CC)C=CCN6CC[C@]43[C@@H]65)C2)C1,1,C1=CC2CCC3Nc4ccc(C5CC6CCCN(CCc7c5[nH]c5ccccc75)C6)cc4C34CCN(C1)C24,824.9719999999999,3.5175000000000027,171.17,3,12,8,9,3,0.5652173913043478,60
CHEMBL1474889,CC(CN(C)C)C(C)(O)Cc1ccc(Cl)cc1,1,c1ccccc1,255.789,2.831200000000001,23.47,1,2,5,1,1,0.5714285714285714,17
CHEMBL122,CS(=O)(=O)c1ccc(C2=C(c3ccccc3)C(=O)OC2)cc1,1,O=C1OCC(c2ccccc2)=C1c1ccccc1,314.3620000000001,2.5577000000000005,60.44,0,4,3,3,2,0.11764705882352941,22
CHEMBL2409619,c1ncc([C@H]2C[C@@H]2CCN2CCOCC2)cc1OC[C@@H]1CCN1,0,c1ncc(C2CC2CCN2CCOCC2)cc1OCC1CCN1,317.43300000000005,1.6481000000000001,46.620000000000005,1,5,7,4,1,0.7222222222222222,23
CHEMBL3113624,CC(C)(C)OC(=O)N1CCC(CCCCN2CCc3cc(S(C)(=O)=O)ccc32)CC1,0,c1ccc2c(c1)CCN2CCCCC1CCNCC1,436.61800000000017,4.270000000000004,66.92,0,5,6,3,1,0.6956521739130435,30
CHEMBL58713,C#C[C@H](CC(=O)O)NC(=O)C[C@H]1CCCN(CCC2CCNCC2)C1=O,0,O=C1CCCCN1CCC1CCNCC1,363.45800000000014,0.5975000000000001,98.74000000000001,3,4,8,2,0,0.7368421052631579,26
CHEMBL1690,CCN(CCO)CCCC(C)Nc1ccnc2cc(Cl)ccc12,1,c1ccc2ncccc2c1,335.8790000000001,3.783000000000002,48.39,2,4,9,2,2,0.5,23
CHEMBL251634,C[C@@H]1C[C@H]2[C@@H]3C[C@H](F)C4=CC(=O)C=C[C@]4(C)[C@H]3[C@@H](O)C[C@]2(C)[C@H]1C(=O)CO,1,O=C1C=CC2C(=C1)CCC1C3CCCC3CCC21,376.4680000000002,2.6367000000000016,74.6,2,4,2,4,0,0.7272727272727273,27
CHEMBL1697737,CCc1cc2c(s1)N(C)C(=O)CN=C2c1ccccc1Cl,1,O=C1CN=C(c2ccccc2)c2ccsc2N1,318.82899999999995,3.777700000000003,32.67,0,3,2,3,2,0.25,21
CHEMBL3216325,N=C(N)Nc1ccc(NC(=O)c2ccc(N)cc2)cc1,0,O=C(Nc1ccccc1)c1ccccc1,269.308,1.8264699999999998,117.02,5,3,3,2,2,0.0,20
CHEMBL2297700,COc1cc(/C=C/C(=O)c2ccc(NC(=O)CSc3nc4ccccc4[nH]3)cc2)ccc1O,0,O=C(CSc1nc2ccccc2[nH]1)Nc1ccc(C(=O)C=Cc2ccccc2)cc1,459.5270000000001,4.9040000000000035,104.30999999999999,3,6,8,4,4,0.08,33
CHEMBL3989830,CC(C)CC(N(C)C)C1(c2ccc(Cl)cc2)CCC1,1,c1ccc(C2CCC2)cc1,279.8550000000001,4.738000000000005,3.24,0,1,5,2,1,0.6470588235294118,19
CHEMBL4297517,CC(C)n1c(=O)cc(N[C@@H](C)c2ccccc2)[nH]c1=O,1,O=c1cc(NCc2ccccc2)[nH]c(=O)[nH]1,273.33600000000007,2.2906,66.89,2,3,4,2,2,0.3333333333333333,20
CHEMBL3941555,CCCCNC(=O)NS(=O)(=O)c1ccc(NCC(=O)N2CC(=O)Nc3ccccc32)cc1,0,O=C1CN(C(=O)CNc2ccccc2)c2ccccc2N1,459.52800000000025,1.8718,136.71,4,6,8,3,2,0.2857142857142857,32
CHEMBL516204,CC(=O)c1c(O)cc(O)cc1O[C@@H]1O[C@H](CO)[C@@H](O)[C@H]1O,0,c1ccc(OC2CCCO2)cc1,300.263,-0.8818000000000004,136.68,5,8,4,2,1,0.46153846153846156,21
CHEMBL1201179,CS(=O)(=O)CCNCc1ccc(-c2ccc3ncnc(Nc4ccc(OCc5cccc(F)c5)c(Cl)c4)c3c2)o1,1,c1ccc(COc2ccc(Nc3ncnc4ccc(-c5ccco5)cc34)cc2)cc1,581.0690000000002,6.139100000000005,106.35000000000001,2,8,11,5,5,0.1724137931034483,40
CHEMBL1471,C[C@@H](O[C@H]1OCCN(Cc2n[nH]c(=O)[nH]2)[C@H]1c1ccc(F)cc1)c1cc(C(F)(F)F)cc(C(F)(F)F)c1,1,O=c1[nH]nc(CN2CCOC(OCc3ccccc3)C2c2ccccc2)[nH]1,534.4320000000001,4.952100000000003,83.24000000000001,2,5,6,4,3,0.391304347826087,37
CHEMBL1316,CC(C(=O)O)c1ccc2c(c1)[nH]c1ccc(Cl)cc12,1,c1ccc2c(c1)[nH]c1ccccc12,273.719,4.162600000000002,53.089999999999996,2,1,2,3,3,0.13333333333333333,19
CHEMBL654,CN1CCN2c3ncccc3Cc3ccccc3C2C1,1,c1ccc2c(c1)Cc1cccnc1N1CCNCC21,265.36,2.4789000000000003,19.37,0,3,0,4,2,0.35294117647058826,20
CHEMBL1472989,CC(C)NCC(O)COc1ccc(COCCOC(C)C)cc1,1,c1ccccc1,325.449,2.3659,59.95,2,5,12,1,1,0.6666666666666666,23
CHEMBL3989517,COC(=O)[C@H]1[C@@H](c2ccc([123I])cc2)C[C@@H]2CC[C@H]1N2CCCF,1,c1ccc(C2CC3CCC(C2)N3)cc1,427.29058900000024,3.7603000000000026,29.54,0,3,5,3,1,0.6111111111111112,23
CHEMBL1986779,CC(C)C1OCC(CO)CO1,0,C1COCOC1,160.213,0.6237999999999999,38.69,1,3,2,1,0,1.0,11
CHEMBL465373,COc1ccc2c(c1)/C=C\N=C\c1cc(OC)ccc1CC2=O,0,O=C1Cc2ccccc2C=NC=Cc2ccccc21,307.3490000000001,3.5324000000000018,47.89,0,4,2,3,2,0.15789473684210525,23
CHEMBL1201022,Nc1ccc(/N=N/c2ccccc2)c(N)n1,1,c1ccc(N=Nc2cccnc2)cc1,213.24400000000003,2.6613999999999995,89.64999999999999,2,5,2,2,2,0.0,16
CHEMBL3304917,C(=C\C1CCCCC1)/c1ccccc1OCCN1CCCC1,0,C(=CC1CCCCC1)c1ccccc1OCCN1CCCC1,299.45800000000014,4.754700000000004,12.47,0,2,6,3,1,0.6,22
CHEMBL1201174,N[C@@H](CC(=O)N1CCn2c(nnc2C(F)(F)F)C1)Cc1cc(F)c(F)cc1F,1,O=C(CCCc1ccccc1)N1CCn2cnnc2C1,407.31800000000015,2.0164999999999997,77.04,1,4,4,3,2,0.4375,28
CHEMBL1200969,C[C@]12C=CC(=O)N[C@@H]1CC[C@@H]1[C@@H]2CC[C@]2(C)[C@@H](C(=O)Nc3cc(C(F)(F)F)ccc3C(F)(F)F)CC[C@@H]12,1,O=C1C=CC2C(CCC3C2CCC2C(C(=O)Nc4ccccc4)CCC23)N1,528.537,6.576100000000006,58.2,2,2,2,5,1,0.6296296296296297,37
CHEMBL1714574,CC(C)N1CCN(c2ccc(OCC3COC(Cn4cncn4)(c4ccc(Cl)cc4Cl)O3)cc2)CC1,1,c1ccc(C2(Cn3cncn3)OCC(COc3ccc(N4CCNCC4)cc3)O2)cc1,532.472,4.462700000000003,64.88000000000001,0,7,8,5,3,0.46153846153846156,36
CHEMBL3391662,Cc1cnc(C(=O)N[C@H]2CCCCC/C=C\[C@@H]3C[C@@]3(C(=O)NS(=O)(=O)C3CC3)NC(=O)[C@@H]3C[C@@H](Oc4nc5ccccc5c5ccccc45)CN3C2=O)cn1,1,O=C(NC1CCCCCC=CC2CC2(C(=O)NS(=O)(=O)C2CC2)NC(=O)C2CC(Oc3nc4ccccc4c4ccccc34)CN2C1=O)c1cnccn1,765.8929999999999,3.6369200000000026,189.64999999999998,3,10,7,8,4,0.425,55
CHEMBL4244521,O=C(N[C@@H](Cc1ccc(OCc2ccc(-c3ccccc3)cc2)cc1)C(=O)NS(=O)(=O)c1ccc(NC2CCCCC2)c([N+](=O)[O-])c1)c1ccc2ccccc2c1,0,O=C(NC(Cc1ccc(OCc2ccc(-c3ccccc3)cc2)cc1)C(=O)NS(=O)(=O)c1ccc(NC2CCCCC2)cc1)c1ccc2ccccc2c1,782.9189999999998,8.584800000000005,156.74,3,8,14,7,6,0.2,57
CHEMBL338326,O=C(CCl)Nc1ccc(-c2nc3ccccc3o2)cc1,0,c1ccc(-c2nc3ccccc3o2)cc1,286.718,3.6721000000000013,55.13,1,3,3,3,3,0.06666666666666667,20
CHEMBL457,Cc1ccc(C)c(OCCCC(C)(C)C(=O)O)c1,1,c1ccccc1,250.33799999999997,3.573240000000002,46.53,1,2,6,1,1,0.5333333333333333,18
CHEMBL3983749,N#Cc1cc(Oc2ccc(-n3cc(C[C@@H](N)CO)c4ccccc43)cc2)ccc1C(F)(F)F,0,c1ccc(Oc2ccc(-n3ccc4ccccc43)cc2)cc1,451.44800000000004,5.175380000000003,84.2,2,4,6,4,4,0.16,33
CHEMBL1538594,CC(C)(C)N(Cc1ccccc1)C(=O)COC(=O)Cn1cnc2ccccc2c1=O,0,O=C(COC(=O)Cn1cnc2ccccc2c1=O)NCc1ccccc1,407.47000000000014,2.7670000000000012,81.5,0,5,6,3,3,0.30434782608695654,30
CHEMBL1909964,CN(C)C(=O)C[n+]1ccc(-c2nc(-c3ccc(-c4ccc(-c5nc(-c6cc[n+](CC(=O)N(C)C)cc6)c(C(F)(F)F)o5)cc4)cc3)oc2C(F)(F)F)cc1,0,c1cc(-c2coc(-c3ccc(-c4ccc(-c5nc(-c6cc[nH+]cc6)co5)cc4)cc3)n2)cc[nH+]1,750.7000000000006,6.786600000000007,100.44,0,6,9,6,6,0.21052631578947367,54
CHEMBL269644,CC(=O)Nc1ccccc1,1,c1ccccc1,135.16599999999997,1.6449999999999998,29.1,1,1,1,1,1,0.125,10
CHEMBL122290,CC1CC2=CC(=O)CCN2c2ccc(Cl)cc21,0,O=C1C=C2CCc3ccccc3N2CC1,247.725,3.5103000000000026,20.310000000000002,0,2,0,3,1,0.35714285714285715,17
CHEMBL3747050,Cn1c(=O)c(Oc2ccc(F)cc2F)cc2cnc(N3CCCC(CO)C3)nc21,0,O=c1[nH]c2nc(N3CCCCC3)ncc2cc1Oc1ccccc1,402.40100000000024,2.6077000000000004,80.48,1,6,4,4,3,0.35,29
CHEMBL4594217,Cc1ccc([C@@H]2O[C@H](CO)[C@@H](O)[C@H](O)[C@H]2O)cc1Cc1ccc(-c2ccc(F)cc2)s1,1,c1ccc(-c2ccc(Cc3cccc(C4CCCCO4)c3)s2)cc1,444.52400000000017,2.968320000000001,90.15,4,6,5,4,3,0.3333333333333333,31
CHEMBL1621597,CC(C)[N+]1(C)[C@@H]2CC[C@H]1C[C@@H](OC(=O)C(CO)c1ccccc1)C2,1,O=C(Cc1ccccc1)OC1CC2CCC(C1)[NH2+]2,332.464,2.8541000000000016,46.53,1,3,5,3,1,0.65,24
CHEMBL497,Oc1c(I)cc(Cl)c2cccnc12,1,c1ccc2ncccc2c1,305.502,3.1984000000000004,33.120000000000005,1,2,0,2,2,0.0,13
CHEMBL1611568,Cn1c2ccccc2c2c(C(=O)N3CCN(c4ccc(F)cc4)CC3)cn(C3CCCCC3)c(=O)c21,0,O=C(c1cn(C2CCCCC2)c(=O)c2[nH]c3ccccc3c12)N1CCN(c2ccccc2)CC1,486.59100000000035,5.099900000000004,50.480000000000004,0,3,3,6,4,0.3793103448275862,36
CHEMBL2103873,CCCNS(=O)(=O)Nc1ncnc(OCCOc2ncc(Br)cn2)c1-c1ccc(Br)cc1,1,c1ccc(-c2cncnc2OCCOc2ncccn2)cc1,588.2820000000002,3.572700000000003,128.22000000000003,2,8,11,3,3,0.2631578947368421,32
CHEMBL1534151,COc1ccc(C)cc1NS(=O)(=O)c1ccc(Cl)nc1,0,O=S(=O)(Nc1ccccc1)c1cccnc1,312.77799999999996,2.8528200000000004,68.28999999999999,1,4,4,2,2,0.15384615384615385,20
CHEMBL1807960,CC[C@H](CO)NC(=O)c1noc(-c2ccc(C(F)(F)F)c(F)c2)c1CO,0,c1ccc(-c2ccno2)cc1,376.30600000000004,2.492500000000001,95.59,3,5,6,2,2,0.375,26
CHEMBL115,CC(C)(C)NC(=O)[C@@H]1CN(Cc2cccnc2)CCN1C[C@@H](O)C[C@@H](Cc1ccccc1)C(=O)N[C@H]1c2ccccc2C[C@H]1O,1,O=C(NC1CCc2ccccc21)C(CCCN1CCN(Cc2cccnc2)CC1)Cc1ccccc1,613.8030000000003,2.8669000000000016,118.03000000000002,4,7,11,5,3,0.4722222222222222,45
CHEMBL1201108,Cc1nc2c([nH]1)-c1ccccc1N(C(=O)c1ccc(NC(=O)c3ccccc3-c3ccccc3)cc1)CC2,1,O=C(Nc1ccc(C(=O)N2CCc3nc[nH]c3-c3ccccc32)cc1)c1ccccc1-c1ccccc1,498.58600000000024,6.507320000000005,78.09,2,3,4,6,5,0.09375,38
CHEMBL1788403,C=CCC1=C(C)C(OC(=O)[C@@H]2[C@@H](C=C(C)C)C2(C)C)CC1=O,1,O=C1C=CC(OC(=O)C2CC2)C1,302.41400000000004,4.002000000000003,43.370000000000005,0,3,5,2,0,0.5789473684210527,22
CHEMBL1162,C#C[C@]1(O)CC[C@H]2[C@@H]3CCC4=CC(=O)CC[C@@H]4[C@H]3CC[C@@]21C,1,O=C1C=C2CCC3C4CCCC4CCC3C2CC1,298.42600000000004,3.4925000000000024,37.3,1,2,0,4,0,0.75,22
CHEMBL1201319,C[C@H](N)[C@H](O)c1cccc(O)c1,1,c1ccccc1,167.20799999999997,0.7728000000000002,66.48,3,3,2,1,1,0.3333333333333333,12
CHEMBL1201734,Cn1c(CCCC(=O)O)nc2cc(N(CCCl)CCCl)ccc21,1,c1ccc2[nH]cnc2c1,358.26900000000006,3.2646000000000024,58.36000000000001,1,3,9,2,2,0.5,23
CHEMBL1095930,CO/N=C(\C(=O)N[C@@H]1C(=O)N2C(C(=O)OC(C)OC(C)=O)=C(COC(N)=O)CS[C@H]12)c1ccco1,1,N=C(C(=O)NC1C(=O)N2C=CCSC12)c1ccco1,510.4810000000003,-0.16829999999999856,189.06,2,12,9,3,1,0.4,35
CHEMBL1200545,CC(=O)OCC(=O)[C@@]1(OC(C)=O)[C@@H](C)C[C@H]2[C@@H]3C[C@H](F)C4=CC(=O)C=C[C@]4(C)[C@@]3(F)[C@@H](O)C[C@@]21C,1,O=C1C=CC2C(=C1)CCC1C3CCCC3CCC21,494.53100000000023,2.9853000000000014,106.97000000000001,1,7,4,4,0,0.6923076923076923,35
CHEMBL1201321,N#CC(CCN1CCC(C(=O)O)(c2ccccc2)CC1)(c1ccccc1)c1ccccc1,1,c1ccc(C2CCN(CCC(c3ccccc3)c3ccccc3)CC2)cc1,424.54400000000015,5.004780000000005,64.33,1,3,7,4,3,0.2857142857142857,32
CHEMBL434200,CC(C)(C)NCC(O)COc1cccc2c1SCCC2,1,c1ccc2c(c1)CCCS2,295.4480000000001,2.8527000000000013,41.489999999999995,2,4,5,2,1,0.625,20
CHEMBL2104941,O=C(NC1CCN(CCc2c[nH]c3ccccc23)CC1)c1ccccc1,1,O=C(NC1CCN(CCc2c[nH]c3ccccc23)CC1)c1ccccc1,347.46200000000016,3.604800000000002,48.13,2,2,5,4,3,0.3181818181818182,26
CHEMBL1574686,C=CCN1C(=O)CN=C1NCc1ccccc1,0,O=C1CN=C(NCc2ccccc2)N1,229.28300000000002,1.1603999999999997,44.7,1,3,4,2,1,0.23076923076923078,17
CHEMBL1740513,CC(C)Nc1ncccn1,1,c1cncnc1,137.18599999999998,1.2969,37.81,1,3,2,1,1,0.42857142857142855,10
CHEMBL2368924,O=C(O[C@@H]1C[C@@H]2C[C@H]3C[C@H](C1)N2CC3=O)c1c[nH]c2ccccc12,1,O=C(OC1CC2CC3CC(C1)N2CC3=O)c1c[nH]c2ccccc12,324.38000000000005,2.519000000000001,62.4,1,4,2,6,2,0.47368421052631576,24
CHEMBL4083926,O=C(NCc1cccnc1)c1cnc2c(SSc3cccc4cc(C(=O)NCc5cccnc5)cnc34)cccc2c1,0,O=C(NCc1cccnc1)c1cnc2c(SSc3cccc4cc(C(=O)NCc5cccnc5)cnc34)cccc2c1,588.7180000000002,6.2324000000000055,109.76,2,8,9,6,6,0.0625,42
CHEMBL1788386,CC(C)=CC1C(C(=O)OCN2C(=O)C3=C(CCCC3)C2=O)C1(C)C,1,O=C(OCN1C(=O)C2=C(CCCC2)C1=O)C1CC1,331.4120000000001,2.964900000000002,63.68,0,4,4,3,0,0.631578947368421,24
CHEMBL312438,CO[C@H]1C(=O)N2C(C(=O)NCC(=O)O)=C(COC(C)=O)CS(=O)(=O)[C@H]12,0,O=C1CC2N1C=CCS2(=O)=O,376.3430000000001,-2.383899999999996,156.38,2,8,6,2,0,0.5384615384615384,25
CHEMBL2218878,COc1cc(NCc2ccc3nc(N)nc(N)c3c2C)cc(OC)c1OC,1,c1ccc(NCc2ccc3ncncc3c2)cc1,369.4250000000001,2.740520000000001,117.54,3,8,6,3,3,0.2631578947368421,27
CHEMBL3889853,CC(C)NS(=O)(=O)c1ccccc1Nc1nc(Nc2ccc(C(C)O)cc2)nc2c1CCN2,0,c1ccc(Nc2nc3c(c(Nc4ccccc4)n2)CCN3)cc1,468.5830000000002,3.671800000000002,128.27,5,8,8,4,3,0.30434782608695654,33
CHEMBL2079293,NCC1CN(c2nc3c(cc2F)c(=O)c(C(=O)O)cn3C2CC2)C/C1=N\OCc1ccc2c(c1)OCCO2,0,O=c1ccn(C2CC2)c2nc(N3CCC(=NOCc4ccc5c(c4)OCCO5)C3)ccc12,523.5210000000004,2.3076,141.49999999999997,2,9,7,6,3,0.38461538461538464,38
CHEMBL2022460,CC(C)[C@H](N)C(=O)O[C@H]1[C@@H](C)[C@H](n2ccc(N)nc2=O)O[C@@]1(CO)N=[N+]=[N-],0,O=c1ncccn1C1CCCO1,381.39300000000014,-0.11559999999999887,191.45000000000002,3,9,6,2,1,0.6666666666666666,27
CHEMBL580463,Cn1ccnc1CNC(=O)c1ccc(-c2ccc(-c3nc4cc(C(F)(F)F)ccc4[nH]3)s2)cc1,0,O=C(NCc1ncc[nH]1)c1ccc(-c2ccc(-c3nc4ccccc4[nH]3)s2)cc1,481.5030000000001,5.640700000000003,75.6,2,4,5,5,5,0.125,34
CHEMBL2180495,CC[C@@H](NC(=O)Cc1ccccc1)C(=O)N1CCC(c2ccc(Cl)cc2)CC1,0,O=C(Cc1ccccc1)NCC(=O)N1CCC(c2ccccc2)CC1,398.9340000000001,4.183500000000003,49.410000000000004,1,2,6,3,2,0.391304347826087,28
CHEMBL195764,CCN(CC)CCCCNc1nccc(OCc2ccc(Cl)cc2Cl)n1,0,c1ccc(COc2ccncn2)cc1,397.3500000000001,4.8963000000000045,50.28,1,5,11,2,2,0.47368421052631576,26
CHEMBL36,CCc1nc(N)nc(N)c1-c1ccc(Cl)cc1,1,c1ccc(-c2cncnc2)cc1,248.71700000000004,2.5238000000000005,77.82,2,4,2,2,2,0.16666666666666666,17
CHEMBL278020,CN(C)C(=O)Oc1cccc([N+](C)(C)C)c1,1,c1ccccc1,223.29599999999996,1.9437,29.540000000000003,0,2,2,1,1,0.4166666666666667,16
CHEMBL3133685,NS(=O)(=O)Oc1ccc2c(c1)CN(C(=O)c1cccc(N3CCN(c4ncccn4)CC3)c1)CC2,0,O=C(c1cccc(N2CCN(c3ncccn3)CC2)c1)N1CCc2ccccc2C1,494.57700000000034,1.5839999999999994,121.95999999999998,1,8,5,5,3,0.2916666666666667,35
CHEMBL4112225,CC[C@H]1CN(C(=O)C2(C#N)CCC2)C[C@H]1Nc1c(C(N)=O)cnn2cc(-c3cnn(CC)c3)nc12,0,O=C(C1CCC1)N1CCC(Nc2ccnn3cc(-c4cn[nH]c4)nc23)C1,475.5570000000002,2.05438,147.23000000000002,2,7,7,5,3,0.5,35
CHEMBL1516402,Clc1ccc(-c2cs/c(=N\c3ccccc3)n2Cc2ccc3c(c2)OCO3)cc1,0,c1ccc(N=c2scc(-c3ccccc3)n2Cc2ccc3c(c2)OCO3)cc1,420.9210000000002,5.879400000000005,35.75,0,4,4,5,4,0.08695652173913043,29
CHEMBL381079,CC(C)(C#N)CN(Cc1ccc(F)cc1C(F)(F)F)C1CCNCC1,0,c1ccc(CNC2CCNCC2)cc1,357.39500000000015,3.9482800000000022,39.06,1,3,5,2,1,0.6111111111111112,25
CHEMBL2143550,CC1CNC(=S)N(c2ccc(F)cc2)C1=O,0,O=C1CCNC(=S)N1c1ccccc1,238.287,1.6829,32.34,1,2,1,2,1,0.2727272727272727,16
CHEMBL376140,CN(C)c1cc(NC(=O)CNC(C)(C)C)c(O)c2c1C[C@H]1C[C@H]3[C@H](N(C)C)C(O)=C(C(N)=O)C(=O)[C@@]3(O)C(O)=C1C2=O,1,O=C1C2=CC3C(=O)C=CCC3CC2Cc2ccccc21,585.6580000000004,0.5132000000000028,205.75999999999996,7,11,6,4,1,0.5172413793103449,42
CHEMBL1495538,CC1CC(C)CN(C(=O)c2ccncc2)C1,0,O=C(c1ccncc1)N1CCCCC1,218.3,2.1997,33.2,0,2,1,2,1,0.5384615384615384,16
CHEMBL3220865,Cc1noc(C)c1-c1ccc2ncn(Cc3cccc(Br)c3)c2c1,0,c1ccc(Cn2cnc3ccc(-c4cnoc4)cc32)cc1,382.261,5.118940000000003,43.85,0,3,3,4,4,0.15789473684210525,24
CHEMBL1399,CC(C)(C#N)c1cc(Cn2cncn2)cc(C(C)(C)C#N)c1,1,c1ccc(Cn2cncn2)cc1,293.374,2.9287600000000014,78.28999999999999,0,4,4,2,2,0.4117647058823529,22
CHEMBL1083659,Cc1ccc(-n2nccn2)c(C(=O)N2CCN(c3nc4cc(Cl)ccc4o3)CC[C@H]2C)c1,1,O=C(c1ccccc1-n1nccn1)N1CCCN(c2nc3ccccc3o2)CC1,450.9300000000002,4.111320000000004,80.29,0,6,3,5,4,0.30434782608695654,32
CHEMBL311498,Oc1cc(O)c2c(c1)O[C@H](c1ccc(O)c(O)c1)[C@@H](O)C2,1,c1ccc(C2CCc3ccccc3O2)cc1,290.271,1.5460999999999998,110.38000000000001,5,6,1,3,2,0.2,21
CHEMBL3934677,COc1cc(-c2c(OC)cccc2OC)cc2c1OCCN(C(C)=O)C2,0,c1ccc(-c2ccc3c(c2)CNCCO3)cc1,357.40600000000023,3.120300000000001,57.230000000000004,0,5,4,3,2,0.35,26
CHEMBL646,Cc1nnc2n1-c1ccc(Cl)cc1C(c1ccccc1Cl)=NC2,1,c1ccc(C2=NCc3nncn3-c3ccccc32)cc1,343.21700000000004,4.233520000000002,43.07,0,3,1,4,3,0.11764705882352941,23
CHEMBL538254,NN(c1nnc(-c2ccccc2Cl)s1)C1CCCCC1,0,c1ccc(-c2nnc(NC3CCCCC3)s2)cc1,308.83800000000014,3.8713000000000024,55.04,1,5,3,3,2,0.42857142857142855,20
CHEMBL2179986,O=c1[nH]cnc2c1sc1nc(-c3ccccc3)ccc12,0,O=c1[nH]cnc2c1sc1nc(-c3ccccc3)ccc12,279.324,3.1998000000000006,58.64,1,4,1,4,4,0.0,20
CHEMBL1966839,O=c1[nH]c(=O)n(CCOCP(=O)(O)O)nc1Br,0,O=c1cn[nH]c(=O)[nH]1,330.03099999999995,-1.1541000000000001,134.51,3,5,5,1,1,0.5,17
CHEMBL210747,CCCn1c(=O)c2nc(-c3cnn(Cc4ccccc4C)c3)[nH]c2n(CCC)c1=O,0,O=c1[nH]c(=O)c2nc(-c3cnn(Cc4ccccc4)c3)[nH]c2[nH]1,406.49000000000024,2.926520000000001,90.5,1,4,7,4,4,0.36363636363636365,30
CHEMBL1200934,C#C[C@]1(OC(C)=O)CC[C@H]2[C@@H]3CCC4=C/C(=N/O)CC[C@@H]4[C@H]3CC[C@@]21CC,1,N=C1C=C2CCC3C4CCCC4CCC3C2CC1,369.5050000000003,4.714500000000005,58.89,1,4,2,4,0,0.7391304347826086,27
CHEMBL4161684,CCOC(=O)c1noc2c1C(=O)c1ncccc1C2=O,0,O=C1c2cnoc2C(=O)c2cccnc21,272.216,1.0217,99.36000000000001,0,7,2,3,2,0.15384615384615385,20
CHEMBL8,O=C(O)c1cn(C2CC2)c2cc(N3CCNCC3)c(F)cc2c1=O,1,O=c1ccn(C2CC2)c2cc(N3CCNCC3)ccc12,331.34700000000004,1.5833,74.57,2,4,3,4,2,0.4117647058823529,24
CHEMBL1201172,CC(=O)NCc1c(I)c(NC(C)=O)c(I)c(C(=O)O)c1I,1,c1ccccc1,627.9420000000002,2.793100000000001,95.50000000000001,3,3,4,1,1,0.25,21
CHEMBL568068,COc1ccc(OC)c(S(=O)(=O)Nc2cccnc2)c1,0,O=S(=O)(Nc1cccnc1)c1ccccc1,294.332,1.8995999999999997,77.52,1,5,5,2,2,0.15384615384615385,20
CHEMBL41332,COc1ccc2c(c1)CCC1CN(CCn3c(=O)[nH]c4c(sc5ccccc54)c3=O)CC21,0,O=c1[nH]c2c(sc3ccccc32)c(=O)n1CCN1CC2CCc3ccccc3C2C1,447.5600000000001,3.574900000000002,67.33,1,5,4,6,4,0.36,32
CHEMBL2145077,COc1cc2c(cc1OC)CC(=O)N(CCCN(C)C[C@H]1Cc3cc(OC)c(OC)cc31)CC2,1,O=C1Cc2ccccc2CCN1CCCNCC1Cc2ccccc21,468.59400000000034,3.3100000000000023,60.47000000000001,0,6,10,4,2,0.5185185185185185,34
CHEMBL1210286,Cc1ccc(C2=C(CCC(=O)O)C(c3ccco3)NC(=S)N2)cc1,0,S=C1NC(c2ccccc2)=CC(c2ccco2)N1,342.42,3.3829200000000004,74.5,3,3,5,3,2,0.2222222222222222,24
CHEMBL1742471,NC(N)=Nc1nc(CSCCN/C=N/S(=O)(=O)c2ccc(Br)cc2)cs1,1,O=S(=O)(N=CNCCSCc1cscn1)c1ccccc1,477.4350000000001,2.0505,135.82,3,6,9,2,2,0.21428571428571427,26
CHEMBL1208155,COc1cccc(-c2c(C)n(Cc3c(F)cccc3C(F)(F)F)c(=O)n(C[C@H](NCCCC(=O)O)c3ccccc3)c2=O)c1F,1,O=c1c(-c2ccccc2)cn(Cc2ccccc2)c(=O)n1CCc1ccccc1,631.5980000000003,5.535020000000003,102.56,2,5,12,4,4,0.28125,45
CHEMBL3355781,Cc1cc(O)cc(C)c1C[C@H](N)C(=O)N[C@@H]1C[C@H]2CC[C@@H](CC2)NC(=O)C[C@@H](C(N)=O)NC(=O)[C@H](Cc2ccccc2)NC(=O)[C@H](Cc2ccccc2)NC1=O,0,O=C1CCNC(=O)C(Cc2ccccc2)NC(=O)C(Cc2ccccc2)NC(=O)C(NC(=O)CCc2ccccc2)CC2CCC(CC2)N1,767.9280000000003,1.2575400000000099,234.83999999999997,8,8,9,6,3,0.42857142857142855,56
CHEMBL1189009,Cc1ccc2c(c1)C(SCCN1CCOCC1)c1ccccc1O2,0,c1ccc2c(c1)Oc1ccccc1C2SCCN1CCOCC1,341.476,4.255520000000003,21.700000000000003,0,4,4,4,2,0.4,24
CHEMBL1783312,CO[C@@H]1C=CC(=O)[C@@H](COC(=O)C(C)(C)C)O1,0,O=C1C=CCOC1,242.27099999999996,1.0722999999999998,61.83,0,5,3,1,0,0.6666666666666666,17
CHEMBL1201018,N[C@@H](C(=O)N[C@@H]1C(=O)N2C(C(=O)O)=C(Cl)CS[C@H]12)c1ccccc1,1,O=C(Cc1ccccc1)NC1C(=O)N2C=CCSC12,367.814,0.6213000000000004,112.73,3,5,4,3,1,0.26666666666666666,24
CHEMBL3475219,COCc1cccc(C(=O)N2C[C@H]3CC[C@@H]2CN(Cc2cscn2)C3)n1,0,O=C(c1ccccn1)N1CC2CCC1CN(Cc1cscn1)C2,372.4940000000001,2.421100000000001,58.56,0,6,5,5,2,0.5263157894736842,26
CHEMBL1201119,N[C@@H](Cc1cc(I)c(Oc2ccc(O)c(I)c2)c(I)c1)C(=O)O,1,c1ccc(Oc2ccccc2)cc1,650.9760000000001,3.952700000000001,92.78000000000002,3,4,5,2,2,0.13333333333333333,23
CHEMBL27088,CCC=C(c1cc(Cl)ccc1OCc1ccc(Cl)cc1)n1ccnc1,0,C=C(c1ccccc1OCc1ccccc1)n1ccnc1,373.283,6.068100000000005,27.05,0,2,6,3,3,0.15,25
CHEMBL141,Nc1ccn([C@@H]2CS[C@H](CO)O2)c(=O)n1,1,O=c1ncccn1C1CSCO1,229.261,-0.5941000000000001,90.36999999999999,2,6,2,2,1,0.5,15
CHEMBL159518,COC(=O)NC1=NC(c2ccccc2C(F)(F)F)CCN1,0,C1=NC(c2ccccc2)CCN1,301.2680000000001,2.4518000000000004,62.72,2,4,1,2,1,0.38461538461538464,21
CHEMBL207538,CC(=O)[C@H]1CC[C@H]2[C@@H]3CC[C@H]4C[C@H](O)CC[C@]4(C)[C@H]3CC[C@]12C,1,C1CCC2C(C1)CCC1C3CCCC3CCC21,318.5010000000001,4.595200000000005,37.3,1,2,1,4,0,0.9523809523809523,23
CHEMBL92791,COc1ccc(C(CCN2CCC(c3ccccc3)CC2)CN(C)S(=O)(=O)c2ccccc2)cc1,0,O=S(=O)(NCC(CCN1CCC(c2ccccc2)CC1)c1ccccc1)c1ccccc1,492.68500000000023,5.3692000000000055,49.85,0,4,10,4,3,0.3793103448275862,35
CHEMBL1383744,O=C(Nc1ccnn1C1CCN(Cc2cccc(OCCO)c2)CC1)C1CC1,0,O=C(Nc1ccnn1C1CCN(Cc2ccccc2)CC1)C1CC1,384.48000000000025,2.4398,79.62,2,5,8,4,2,0.5238095238095238,28
CHEMBL407865,CCc1cc(-c2ccc(O)cc2)ccc1C(C)=O,0,c1ccc(-c2ccccc2)cc1,240.302,3.824200000000003,37.3,1,2,3,2,2,0.1875,18
CHEMBL1200492,CCc1nn(CCCN2CCN(c3cccc(Cl)c3)CC2)c(=O)n1CCOc1ccccc1,1,O=c1n(CCOc2ccccc2)cnn1CCCN1CCN(c2ccccc2)CC1,470.01700000000034,3.5519000000000025,55.53,0,5,10,4,3,0.44,33
CHEMBL473417,CS(=O)(=O)c1ccc(C(=O)Nc2ccc(Cl)c(-c3ccccn3)c2)c(Cl)c1,1,O=C(Nc1cccc(-c2ccccn2)c1)c1ccccc1,421.30500000000006,4.7112000000000025,76.13,1,4,4,3,3,0.05263157894736842,27
CHEMBL1164266,CCC(=O)c1cc(OC)c(OC)cc1OC,0,c1ccccc1,224.25599999999997,2.3051000000000004,44.760000000000005,0,4,5,1,1,0.4166666666666667,16
CHEMBL3758261,O=C(NCCCCCCS)c1cc(-c2ccccn2)n[nH]1,0,c1ccc(-c2cc[nH]n2)nc1,304.41900000000004,2.6917,70.67,3,4,8,2,2,0.4,21
CHEMBL3642093,CCc1nn(Cc2cccc(C)n2)c2cccc(NC(=O)c3cnc4cc(OCCN5CC[N+](C)([O-])CC5)ccn34)c12,0,O=C(Nc1cccc2c1cnn2Cc1ccccn1)c1cnc2cc(OCCN3CC[NH2+]CC3)ccn12,568.6820000000004,3.8892200000000026,112.64,1,7,9,6,5,0.3548387096774194,42
CHEMBL554015,NCCNc1ccc2c3c(nn2CCO)-c2c(O)ccc(O)c2C(=O)c13,0,O=C1c2ccccc2-c2n[nH]c3cccc1c23,354.3660000000001,1.0217999999999996,133.63,5,7,5,4,3,0.2222222222222222,26
CHEMBL2028430,CC[C@@]1(OC(=O)CCC(=O)O)C(=O)OCc2c1cc1n(c2=O)Cc2cc3ccccc3nc2-1,0,O=C1Cc2cc3n(c(=O)c2CO1)Cc1cc2ccccc2nc1-3,448.4310000000002,2.4953000000000003,124.79,1,7,5,5,3,0.2916666666666667,33
CHEMBL1200328,CNCC[C@H](Oc1cccc2ccccc12)c1cccs1,1,c1csc(COc2cccc3ccccc23)c1,297.423,4.630900000000003,21.259999999999998,1,3,6,3,3,0.2222222222222222,21
CHEMBL3342706,CC(C)C(=O)NCc1ccc(Cl)c(-c2nc3cc(C4CC4)ccc3c(=O)[nH]2)c1,0,O=c1[nH]c(-c2ccccc2)nc2cc(C3CC3)ccc12,395.89000000000016,4.393100000000002,74.85,2,3,5,4,3,0.3181818181818182,28
CHEMBL99127,CN(CCCCCCN=C(N)N)C(=O)CC(=O)NCCCCNCCCN,0,,385.5570000000003,-0.49649999999999544,151.86,5,5,17,0,0,0.8333333333333334,27
CHEMBL2104910,CC(C)=CC(=O)NS(=O)(=O)c1ccc(N)cc1,1,c1ccccc1,254.311,1.0399,89.26,2,4,3,1,1,0.18181818181818182,17
CHEMBL503565,CC/C=C(\C)C1(CC)C(=O)NC(=O)NC1=O,1,O=C1CC(=O)NC(=O)N1,224.26,1.1050999999999997,75.27000000000001,2,3,3,1,0,0.5454545454545454,16
CHEMBL2064032,CNCc1cc(-c2ccccc2F)n(S(=O)(=O)c2cccnc2)c1,1,O=S(=O)(c1cccnc1)n1cccc1-c1ccccc1,345.399,2.645600000000001,63.99,1,4,5,3,3,0.11764705882352941,24
CHEMBL2095206,COc1cc(Nc2c(C#N)cnc3cc(OCCCN4CCN(C)CC4)c(OC)cc23)c(Cl)cc1Cl,1,c1ccc(Nc2ccnc3cc(OCCCN4CCNCC4)ccc23)cc1,530.4560000000004,5.190380000000005,82.88,1,8,9,4,3,0.38461538461538464,36
CHEMBL4303214,CNC(=O)c1c(C)oc2cc(Oc3ncnc4cc(OC)c(OC)cc34)ccc12,1,c1ccc2c(Oc3ccc4ccoc4c3)ncnc2c1,393.39900000000017,3.853520000000003,95.71000000000001,1,7,5,4,4,0.19047619047619047,29
CHEMBL1112,O=C1CCc2ccc(OCCCCN3CCN(c4cccc(Cl)c4Cl)CC3)cc2N1,1,O=C1CCc2ccc(OCCCCN3CCN(c4ccccc4)CC3)cc2N1,448.39400000000006,4.859300000000005,44.81,1,4,7,4,2,0.43478260869565216,30
CHEMBL52971,COc1cccc(/C(=C/C=C/C(=O)NCCCCc2cccnc2)c2cccc(F)c2)c1,0,O=C(C=CC=C(c1ccccc1)c1ccccc1)NCCCCc1cccnc1,430.523,5.356300000000005,51.22,1,3,10,3,3,0.18518518518518517,32
CHEMBL3492520,COc1ccccc1OCCC(=O)N1CCCCC1c1nccs1,0,O=C(CCOc1ccccc1)N1CCCCC1c1nccs1,346.45199999999994,3.674400000000003,51.660000000000004,0,5,6,3,2,0.4444444444444444,24
CHEMBL484125,CN1CCN(c2ccc(CN3CCN(S(=O)(=O)c4ccc(Cl)cc4)CC3)cc2)CC1,0,O=S(=O)(c1ccccc1)N1CCN(Cc2ccc(N3CCNCC3)cc2)CC1,449.0200000000002,2.598300000000001,47.1,0,5,5,4,2,0.45454545454545453,30
CHEMBL1200621,CO/N=C1\CN(c2nc3c(cc2F)c(=O)c(C(=O)O)cn3C2CC2)CC1CN,1,N=C1CCN(c2ccc3c(=O)ccn(C4CC4)c3n2)C1,389.38700000000017,0.966,123.04,2,7,5,4,2,0.4444444444444444,28
CHEMBL99173,CO[C@@H]1[C@@H](OC(=O)c2ccc(C)[nH]2)[C@@H](O)[C@H](Oc2ccc3c(OCCN4CCOCC4)c(Cl)c(=O)oc3c2C)OC1(C)C,0,O=C(OC1CCOC(Oc2ccc3c(OCCN4CCOCC4)cc(=O)oc3c2)C1)c1ccc[nH]1,621.0830000000002,3.2175400000000014,141.92,2,11,9,5,3,0.5333333333333333,43
CHEMBL1201266,N#Cc1cc(NC(=O)C(=O)O)c(Cl)c(NC(=O)C(=O)O)c1,1,c1ccccc1,311.63700000000006,0.25787999999999983,156.59,4,5,2,1,1,0.0,21
CHEMBL1200563,COCc1c(C(C)C)nc(C(C)C)c(/C=C/[C@@H](O)C[C@@H](O)CC(=O)O)c1-c1ccc(F)cc1,1,c1ccc(-c2ccncc2)cc1,459.5580000000002,4.8807000000000045,99.88000000000001,3,5,11,2,2,0.46153846153846156,33
CHEMBL1200955,COc1c(C)c2c(c(O)c1C/C=C(\C)CCC(=O)OCCN1CCOCC1)C(=O)OC2,1,O=C(CCC=CCc1ccc2c(c1)C(=O)OC2)OCCN1CCOCC1,433.5010000000003,2.52402,94.53000000000002,1,8,9,3,1,0.5652173913043478,31
CHEMBL3402762,CN1CCC(COc2cnc(-c3cccc(Cn4nc(-c5cccc(C#N)c5)ccc4=O)c3)nc2)CC1,1,O=c1ccc(-c2ccccc2)nn1Cc1cccc(-c2ncc(OCC3CCNCC3)cn2)c1,492.58300000000025,4.007880000000003,96.92999999999999,0,7,7,5,4,0.27586206896551724,37
CHEMBL1201780,NC(=O)N[C@@H](CCC(=O)O)C(=O)O,1,,190.155,-1.0273000000000003,129.72,4,3,5,0,0,0.5,13
CHEMBL1200878,CC(C)(C)CC(=O)OCC(=O)[C@@]12OC(C)(C)O[C@@H]1C[C@H]1[C@@H]3CCC4=CC(=O)C=C[C@]4(C)[C@@]3(F)[C@@H](O)C[C@@]12C,1,O=C1C=CC2C(=C1)CCC1C2CCC2C1CC1OCOC12,532.6490000000002,4.405900000000004,99.13000000000001,1,7,4,5,0,0.7666666666666667,38
CHEMBL1269025,CN1CCc2nc(C(=O)N[C@@H]3C[C@@H](C(=O)N(C)C)CC[C@@H]3NC(=O)C(=O)Nc3ccc(Cl)cn3)sc2C1,1,O=C(Nc1ccccn1)C(=O)NC1CCCCC1NC(=O)c1nc2c(s1)CNCC2,548.0690000000001,1.2896000000000014,136.63,3,8,5,4,2,0.5,37
CHEMBL522136,COc1ccc2c(c1-c1cc(NS(=O)(=O)c3ccccc3N)ccc1N)OCO2,0,O=S(=O)(Nc1cccc(-c2cccc3c2OCO3)c1)c1ccccc1,413.4550000000002,3.0561000000000007,125.9,3,7,5,4,3,0.1,29
CHEMBL2333068,CCCCC(C)CC(O)(/C=C(/CC)[C@@H](O)CC(=O)OC)CC,0,,314.46600000000007,3.604300000000003,66.76,2,4,11,0,0,0.8333333333333334,22
CHEMBL772,COC(=O)[C@H]1[C@H]2C[C@@H]3c4[nH]c5cc(OC)ccc5c4CCN3C[C@H]2C[C@@H](OC(=O)c2cc(OC)c(OC)c(OC)c2)[C@@H]1OC,1,O=C(OC1CCC2CC3c4[nH]c5ccccc5c4CCN3CC2C1)c1ccccc1,608.6880000000004,4.171100000000004,117.78000000000003,1,10,8,6,3,0.5151515151515151,44
CHEMBL4211315,COc1ccc2c(c1)nc1n2C[C@@]2(CN3CCC2CC3)O1,0,c1ccc2c(c1)nc1n2CC2(CN3CCC2CC3)O1,285.347,1.9017,39.519999999999996,0,4,1,6,2,0.5625,21
CHEMBL1200937,CCN(CC)CCS(=O)(=O)[C@@H]1CCN2C(=O)c3coc(n3)CC(=O)C[C@H](O)/C=C(C)/C=C/CNC(=O)/C=C/[C@@H](C)[C@@H](C(C)C)OC(=O)[C@@H]12,1,O=C1CCC=CC=CCNC(=O)C=CCCOC(=O)C2CCCN2C(=O)c2coc(n2)C1,690.8600000000002,2.269300000000002,176.42,2,11,7,3,1,0.6176470588235294,48
CHEMBL366721,CC(C)(C)OC(=O)NC(CCC(=O)O)C(=O)N1CCC[C@H]1C(=O)NC(Cc1ccccc1)C(=O)C(F)(F)C(=O)Nc1cccc(C(N)=O)c1,0,O=C(CC(=O)C(Cc1ccccc1)NC(=O)C1CCCN1)Nc1ccccc1,687.6970000000001,2.405000000000002,214.29999999999998,5,8,14,3,2,0.42424242424242425,49
CHEMBL783,CC(C)[C@H]1CC[C@H](C(=O)N[C@H](Cc2ccccc2)C(=O)O)CC1,1,O=C(NCCc1ccccc1)C1CCCCC1,317.42900000000014,3.2609000000000012,66.4,2,2,6,2,1,0.5789473684210527,23
CHEMBL3943094,O=C(Nc1cc(Nc2nccc(C(F)(F)F)n2)cc(-c2ccc([C@@H](O)C(F)F)cc2)c1)c1ccc(Cl)cc1,0,O=C(Nc1cc(Nc2ncccn2)cc(-c2ccccc2)c1)c1ccccc1,548.8990000000001,7.110200000000004,87.14,3,5,7,4,4,0.11538461538461539,38
CHEMBL2106119,O=C(O)[C@H](O)[C@@H](O)[C@H](O)[C@H](O)CO,1,,196.155,-3.4931000000000005,138.45000000000002,6,6,5,0,0,0.8333333333333334,13
CHEMBL1382627,Nc1ccc(S(=O)(=O)Nc2ncccn2)cc1,1,O=S(=O)(Nc1ncccn1)c1ccccc1,250.28300000000004,0.8596000000000001,97.97,2,5,3,2,2,0.0,17
CHEMBL1201353,CN(C)CC[C@@H](c1ccc(Cl)cc1)c1ccccn1,1,c1ccc(Cc2ccccn2)cc1,274.795,3.8186000000000027,16.130000000000003,0,2,5,2,2,0.3125,19
CHEMBL1760792,Cn1c(-c2ccc(-c3cnc(O)nc3)cc2)nnc1C1(c2ccc(Cl)cc2)CCC1,0,c1ccc(C2(c3nnc(-c4ccc(-c5cncnc5)cc4)[nH]3)CCC2)cc1,417.9000000000002,4.768100000000003,76.72,1,5,4,5,4,0.21739130434782608,30
CHEMBL1201167,COc1ccccc1OCCNCC(O)COc1cccc2[nH]c3ccccc3c12,1,c1ccc(OCCNCCCOc2cccc3[nH]c4ccccc4c23)cc1,406.482,3.738000000000002,75.74000000000001,3,5,10,4,4,0.25,30
CHEMBL3121872,CCN(CC)C(=O)/C=C/c1c[nH]c2ccccc12,0,c1ccc2[nH]ccc2c1,242.322,3.049500000000001,36.1,1,1,4,2,2,0.26666666666666666,18
CHEMBL2443262,COc1ccsc1CNCC[C@@]1(c2ccccn2)CCOC2(CCCC2)C1,1,c1ccc(C2(CCNCc3cccs3)CCOC3(CCCC3)C2)nc1,386.5610000000003,4.692600000000004,43.379999999999995,1,5,7,4,2,0.5909090909090909,27
CHEMBL1302111,CC(CNC(=O)CCc1nnc2ccc(N3CCC4(CC3)OCCO4)nn12)c1ccccc1,0,O=C(CCc1nnc2ccc(N3CCC4(CC3)OCCO4)nn12)NCCc1ccccc1,450.5430000000003,2.3201,93.88000000000001,1,7,7,5,3,0.5,33
CHEMBL387142,Cc1ccccc1CN1CCN(c2ccc(C(=O)NS(=O)(=O)c3ccc(N[C@H](CCN(C)C)CSc4ccccc4)c([N+](=O)[O-])c3)cc2)CC1,0,O=C(NS(=O)(=O)c1ccc(NCCSc2ccccc2)cc1)c1ccc(N2CCN(Cc3ccccc3)CC2)cc1,716.9300000000001,5.868620000000006,128.13,2,10,15,5,4,0.32432432432432434,50
CHEMBL2107067,CCCCCCCCCCC(=O)O[C@H]1CC[C@H]2[C@@H]3CCC4=CC(=O)CC[C@]4(C)[C@H]3CC[C@]12C,1,O=C1C=C2CCC3C4CCCC4CCC3C2CC1,456.7110000000004,7.960900000000009,43.370000000000005,0,3,10,4,0,0.8666666666666667,33
CHEMBL1491517,O=C(c1ccccc1)N1N=C(c2ccccc2)CC1c1ccccc1[N+](=O)[O-],0,O=C(c1ccccc1)N1N=C(c2ccccc2)CC1c1ccccc1,371.3960000000001,4.586300000000004,75.81,0,4,4,4,3,0.09090909090909091,28
CHEMBL1609663,CCc1cc(-c2nnc(S)n2-c2ccccc2C)cs1,0,c1ccc(-n2cnnc2-c2ccsc2)cc1,301.44,4.155320000000002,30.71,1,4,3,3,3,0.2,20
CHEMBL3402016,CN(C)c1ccc(/C=C2/SC(N(C)c3ccccc3)=NC2=O)cc1,0,O=C1N=C(Nc2ccccc2)SC1=Cc1ccccc1,337.44800000000004,3.859300000000003,35.91,0,4,3,3,2,0.15789473684210525,24
CHEMBL146095,O=C(OCC(O)CO)c1ccccc1Nc1ccnc2cc(Cl)ccc12,1,c1ccc(Nc2ccnc3ccccc23)cc1,372.80800000000005,3.141800000000001,91.68,3,6,6,3,3,0.15789473684210525,26
CHEMBL1096882,Nc1nc(F)nc2c1ncn2[C@@H]1O[C@H](COP(=O)(O)O)[C@@H](O)[C@@H]1O,1,c1ncc2ncn(C3CCCO3)c2n1,365.21400000000006,-1.7239000000000007,186.07,5,9,4,3,2,0.5,24
CHEMBL3039504,COC(=O)c1ccc2c(c1)NC(=O)/C2=C(\Nc1ccc(N(C)C(=O)CN2CCN(C)CC2)cc1)c1ccccc1,1,O=C(CN1CCNCC1)Nc1ccc(NC(=C2C(=O)Nc3ccccc32)c2ccccc2)cc1,539.6360000000004,3.6159000000000026,94.21999999999997,2,7,7,5,3,0.25806451612903225,40
CHEMBL204656,COc1cc2c(cc1Cc1cccc(Cl)c1F)c(=O)c(C(=O)O)cn2[C@H](CO)C(C)C,1,O=c1cc[nH]c2ccc(Cc3ccccc3)cc12,447.8900000000002,4.281000000000002,88.76,2,4,7,3,3,0.30434782608695654,31
CHEMBL3116478,CC[C@H]1CN(c2nc(N)c(-c3nnc(C)o3)nc2Cl)CCN1C1CCN(C(=O)c2ccc(Cl)nc2N)CC1,0,O=C(c1cccnc1)N1CCC(N2CCN(c3cnc(-c4nnco4)cn3)CC2)CC1,561.4780000000001,2.90662,156.42,2,11,5,5,3,0.5,38
CHEMBL309015,C(=C\c1ccccc1)/COCC1CCN(Cc2cccc3ccccc23)CC1,0,C(=Cc1ccccc1)COCC1CCN(Cc2cccc3ccccc23)CC1,371.52400000000006,5.781800000000006,12.47,0,2,7,4,3,0.3076923076923077,28
CHEMBL1200951,CCCCCCC(=O)OCCN1CCN(CCCN2c3ccccc3Sc3ccc(C(F)(F)F)cc32)CC1,1,c1ccc2c(c1)Sc1ccccc1N2CCCN1CCNCC1,549.7029999999999,6.829400000000008,36.02,0,6,12,4,2,0.5517241379310345,38
CHEMBL1449125,COc1cc(C(=S)N2CCOCC2)cc(OC)c1OS(=O)(=O)c1ccc(C)cc1,0,O=S(=O)(Oc1ccc(C(=S)N2CCOCC2)cc1)c1ccccc1,437.5390000000001,2.7876200000000013,74.30000000000001,0,7,6,3,2,0.35,29
CHEMBL2205513,CNc1nc(N)nc2nc(-c3ccccc3[N+](=O)[O-])ccc12,0,c1ccc(-c2ccc3cncnc3n2)cc1,296.2900000000001,2.2239000000000004,119.86000000000001,2,7,3,3,3,0.07142857142857142,22
CHEMBL2028090,CN(C)CCN(C(=O)c1ccc(S(=O)(=O)N2CCCCCC2)cc1)c1nc2cc3c(cc2s1)OCCO3,0,O=C(Nc1nc2cc3c(cc2s1)OCCO3)c1ccc(S(=O)(=O)N2CCCCCC2)cc1,544.6990000000003,3.840600000000003,92.28000000000002,0,8,7,5,3,0.46153846153846156,37
CHEMBL416146,Cc1ccc(-c2ncc(Cl)cc2-c2ccc(S(C)(=O)=O)cc2)cn1,1,c1ccc(-c2cccnc2-c2cccnc2)cc1,358.8500000000001,4.175920000000004,59.92,0,4,3,3,3,0.1111111111111111,24
CHEMBL509590,C=C1CC[C@H]2O[C@]2(C)[C@@H](O)C[C@@H]2[C@@H]1CC2(C)C,0,C=C1CCC2OC2CCC2CCC12,236.35499999999996,2.9072000000000013,32.76,1,2,0,3,0,0.8666666666666667,17
CHEMBL3455017,O=C(CNC(=O)c1ccoc1)NC(c1ccc(F)cc1)C(F)(F)F,0,O=C(CNC(=O)c1ccoc1)NCc1ccccc1,344.264,2.5683000000000007,71.34,2,3,5,2,2,0.2,24
CHEMBL1200807,C#C[C@]1(O)CC[C@H]2[C@@H]3CCC4=C/C(=N/O)CC[C@@H]4[C@H]3CC[C@@]21CC,1,N=C1C=C2CCC3C4CCCC4CCC3C2CC1,327.46800000000013,4.1437000000000035,52.82000000000001,2,3,1,4,0,0.7619047619047619,24
CHEMBL16,O=C1NC(=O)C(c2ccccc2)(c2ccccc2)N1,1,O=C1NC(=O)C(c2ccccc2)(c2ccccc2)N1,252.27300000000002,1.7696,58.2,2,2,2,3,2,0.06666666666666667,19
CHEMBL2355991,COc1ccc(C2CC(=O)C=C3c4ccc(OC)cc4CCC32)cc1,0,O=C1C=C2c3ccccc3CCC2C(c2ccccc2)C1,334.4150000000001,4.406200000000004,35.53,0,3,3,4,2,0.3181818181818182,25
CHEMBL271650,COc1nc(NC2CCN(C)CC2)ncc1C(=O)Nc1cc(C(=O)Nc2cccc(C(F)(F)F)c2)ccc1C,0,O=C(Nc1cccc(C(=O)Nc2ccccc2)c1)c1cnc(NC2CCNCC2)nc1,542.562,4.823120000000003,108.47999999999999,3,7,7,4,3,0.3333333333333333,39
CHEMBL1201863,Cc1c(OCC(F)(F)F)ccnc1C[S@@+]([O-])c1nc2ccccc2[nH]1,1,c1ccc(C[SH+]c2nc3ccccc3[nH]2)nc1,369.3680000000001,3.515220000000001,73.86,1,4,5,3,3,0.25,25
CHEMBL3499258,CC(C)CN1CC[C@@H]2[C@@H]1CCN2C(=O)N(C)C,0,C1CC2NCCC2N1,239.36299999999994,1.4726,26.79,0,2,2,2,0,0.9230769230769231,17
CHEMBL3833340,C[C@H]1[C@H](NC(=O)/C(=N\OC(C)(C)C(=O)O)c2csc(N)n2)C(=O)N1S(=O)(=O)O,1,N=C(C(=O)NC1CNC1=O)c1cscn1,435.44000000000017,-1.1724999999999979,201.57999999999998,4,10,7,2,1,0.46153846153846156,28
CHEMBL1201148,C[C@H]1C[C@H]2[C@@H]3CCC4=CC(=O)C=C[C@]4(C)[C@H]3C(=O)C[C@]2(C)[C@@]1(O)C(=O)CO,1,O=C1C=CC2C(=C1)CCC1C3CCCC3CC(=O)C21,372.4610000000002,2.0118000000000005,91.67,2,5,2,4,0,0.6818181818181818,27
CHEMBL3833389,C[C@@H](CC(C(=O)N1CCCC1)(c1ccccc1)c1ccccc1)N1CCOCC1,1,O=C(N1CCCC1)C(CCN1CCOCC1)(c1ccccc1)c1ccccc1,392.54300000000023,3.7059000000000024,32.78,0,3,6,4,2,0.48,29
CHEMBL1133,CCN(CC)CC#CCOC(=O)C(O)(c1ccccc1)C1CCCCC1,1,c1ccc(CC2CCCCC2)cc1,357.4940000000002,3.342900000000002,49.769999999999996,1,4,7,2,1,0.5909090909090909,26
CHEMBL1256842,CN1Cc2c(N)cccc2C(c2ccccc2)C1,1,c1ccc(C2CNCc3ccccc32)cc1,238.334,2.8461000000000016,29.259999999999998,1,2,1,3,2,0.25,18
CHEMBL1585,O=C(CCBr)N1CCN(C(=O)CCBr)CC1,1,C1CNCCN1,356.058,1.2272,40.620000000000005,0,2,4,1,0,0.8,16
CHEMBL119316,CCCCCCCCCCCC[S+]([O-])N1CC[C@H]2[C@H](C)[C@@H](O)CC[C@]2(C)C1,0,C1CCC2CNCCC2C1,399.68500000000023,5.690000000000007,46.53,1,3,12,2,0,1.0,27
CHEMBL1200666,C=C1/C(=C\C=C2/CCC[C@]3(C)[C@@H]([C@H](C)/C=C/[C@@H](O)C4CC4)CC[C@@H]23)C[C@@H](O)C[C@@H]1O,1,C=C1CCCCC1=CC=C1CCCC2C(CC=CCC3CC3)CCC12,412.6140000000003,5.090600000000006,60.69,3,3,5,4,0,0.7037037037037037,30
CHEMBL4297503,COC(=O)OCOc1c2n(ccc1=O)N([C@@H]1c3ccccc3SCc3c1ccc(F)c3F)[C@@H]1COCCN1C2=O,1,O=C1c2cc(=O)ccn2N(C2c3ccccc3CSc3ccccc32)C2COCCN12,571.5580000000001,3.391200000000002,99.53999999999999,0,9,4,6,3,0.2962962962962963,40
CHEMBL397420,CC(=O)CC(c1ccc([N+](=O)[O-])cc1)c1c(O)c2ccccc2oc1=O,1,O=c1oc2ccccc2cc1Cc1ccccc1,353.33000000000004,3.517800000000003,110.65,1,6,5,3,3,0.15789473684210525,26
CHEMBL223448,Oc1c(Br)cc(Br)c2cccnc12,1,c1ccc2ncccc2c1,302.95300000000003,3.4654000000000007,33.120000000000005,1,2,0,2,2,0.0,13
CHEMBL1777880,CS(=O)(=O)N1CCNC(=O)C1CC(=O)N[C@@H]1CCCc2cc(CN3CCCCC3)ccc21,0,O=C(CC1NCCNC1=O)NC1CCCc2cc(CN3CCCCC3)ccc21,462.6160000000005,1.316200000000001,98.82000000000001,2,5,6,4,1,0.6521739130434783,32
CHEMBL1419289,COc1ccc(-c2noc(-c3ccc(Cl)cc3[N+](=O)[O-])n2)cc1OC,0,c1ccc(-c2noc(-c3ccccc3)n2)cc1,361.7410000000001,3.982400000000003,100.52000000000001,0,7,5,3,3,0.125,25
CHEMBL3655081,CCCS(=O)(=O)N[C@H]1C[C@@H](N(C)c2ncnc3[nH]ccc23)C1,1,c1nc(NC2CCC2)c2cc[nH]c2n1,323.4220000000001,1.2544999999999995,90.97999999999999,2,5,6,3,2,0.5714285714285714,22
CHEMBL1609343,COc1ccc2nc(NC(=O)c3ccc(S(=O)(=O)N4CCCC(C)C4)cc3)sc2c1,0,O=C(Nc1nc2ccccc2s1)c1ccc(S(=O)(=O)N2CCCCC2)cc1,445.56600000000026,3.9778000000000038,88.59999999999998,1,6,5,4,3,0.3333333333333333,30
CHEMBL4216880,N#Cc1c(N)nc(SCc2ncc[nH]2)c(C#N)c1-c1ccc(OCC2CC2)cc1,0,c1cc(-c2ccc(OCC3CC3)cc2)cc(SCc2ncc[nH]2)n1,402.48300000000023,3.8783600000000025,124.39999999999999,2,7,7,4,3,0.23809523809523808,29
CHEMBL1201294,CCOC(=O)C1(c2ccccc2)CCN(CCC(C#N)(c2ccccc2)c2ccccc2)CC1,1,c1ccc(C2CCN(CCC(c3ccccc3)c3ccccc3)CC2)cc1,452.5980000000001,5.483280000000006,53.33,0,4,8,4,3,0.3333333333333333,34
CHEMBL35231,NCCCC(NC(=O)c1ccc(NCc2cnc3nc(N)nc(O)c3c2)cc1)C(=O)O,0,c1ccc(NCc2cnc3ncncc3c2)cc1,425.4490000000002,0.8465999999999991,189.36999999999995,6,9,9,3,3,0.25,31
CHEMBL1514715,O=S(=O)(O)c1cc(O)ccc1O,1,c1ccccc1,190.176,0.34449999999999986,94.83000000000001,3,4,1,1,1,0.0,12
CHEMBL94,CNC(=O)Oc1ccc2c(c1)[C@]1(C)CCN(C)[C@@H]1N2C,1,c1ccc2c(c1)NC1NCCC21,275.352,1.7739,44.81,1,4,1,3,1,0.5333333333333333,20
CHEMBL2285904,CC(C)(C)NC(=O)/C=C/c1ccc(Cl)cc1,0,c1ccccc1,237.73,3.267900000000002,29.1,1,1,2,1,1,0.3076923076923077,16
CHEMBL4280418,CC(C)C(=O)N1C[C@H](N(C)c2ncnc3[nH]ccc23)C2(CC2)C1,0,c1nc(NC2CNCC23CC3)c2cc[nH]c2n1,313.4050000000002,2.0410999999999992,65.12,1,4,3,4,2,0.5882352941176471,23
CHEMBL1201766,CC(C)c1cccc(C(C)C)c1OCOP(=O)(O)O,1,c1ccccc1,288.2799999999999,3.379000000000003,75.99000000000001,2,3,6,1,1,0.5384615384615384,19
CHEMBL1172,Clc1ccc2c(c1)CCc1cccnc1C2=C1CCNCC1,1,c1ccc2c(c1)CCc1cccnc1C2=C1CCNCC1,310.8280000000001,4.018900000000002,24.92,1,2,0,4,2,0.3157894736842105,22
CHEMBL1319504,CCc1ccccc1N=C(S)N1CCC(C(=O)c2ccc(F)cc2)CC1,0,O=C(c1ccccc1)C1CCN(C=Nc2ccccc2)CC1,370.4930000000001,4.900300000000004,32.67,1,2,4,3,2,0.3333333333333333,26
CHEMBL1619392,CN(C)CCCN(C(=O)c1ccc(S(=O)(=O)N2CCc3ccccc32)cc1)c1nc2ccc(F)cc2s1,0,O=C(Nc1nc2ccccc2s1)c1ccc(S(=O)(=O)N2CCc3ccccc32)cc1,538.6700000000003,4.785300000000005,73.82000000000001,0,6,8,5,4,0.25925925925925924,37
CHEMBL2140191,COc1cc(OC)cc(C2=Cc3ccc(OC)cc3C(CC(C)=O)N2c2ccc(-c3cccs3)cc2)c1,0,C1=C(c2ccccc2)N(c2ccc(-c3cccs3)cc2)Cc2ccccc21,511.6430000000002,7.479400000000006,48.00000000000001,0,6,8,5,4,0.1935483870967742,37
CHEMBL1201178,C[C@@H](Cc1ccccc1)NC(=O)[C@@H](N)CCCCN,1,c1ccccc1,263.38499999999993,1.1901,81.14,3,3,8,1,1,0.5333333333333333,19
CHEMBL2392404,CSc1nc2ccc3nc(NC(=O)c4ccccc4Br)sc3c2s1,0,O=C(Nc1nc2ccc3ncsc3c2s1)c1ccccc1,436.3810000000001,5.642700000000001,54.88,1,6,3,4,4,0.0625,24
CHEMBL4802135,CC(C)(C)[C@H](NC(=O)C(F)(F)F)C(=O)N1C[C@H]2[C@@H]([C@H]1C(=O)N[C@H](C#N)C[C@@H]1CCNC1=O)C2(C)C,1,O=C1NCCC1CCNC(=O)C1NCC2CC21,499.5340000000003,1.0971800000000007,131.4,3,5,6,3,0,0.782608695652174,35
CHEMBL204233,CN(c1ccc2c(c1)OCCO2)c1nnc(-c2cccnc2NCc2ccccn2)o1,0,c1ccc(CNc2ncccc2-c2nnc(Nc3ccc4c(c3)OCCO4)o2)nc1,416.4410000000001,3.6778000000000013,98.43,1,9,6,5,4,0.18181818181818182,31
CHEMBL3127221,O=[N+]([O-])c1cnc(/C=C/c2ccccc2)n1CCO,0,C(=Cc1ncc[nH]1)c1ccccc1,259.265,1.9539999999999993,81.19,1,4,5,2,2,0.15384615384615385,19
CHEMBL3707247,CC(C)Oc1ccc(-c2nc(-c3cccc4c3CC[C@@H]4NCCO)no2)cc1C#N,1,c1ccc(-c2nc(-c3cccc4c3CCC4)no2)cc1,404.4700000000001,3.631680000000002,104.19999999999999,2,7,7,4,3,0.34782608695652173,30
CHEMBL1201065,C=CCC1(C(C)CCC)C(=O)NC(=S)NC1=O,1,O=C1CC(=O)NC(=S)N1,254.355,1.5159999999999998,58.2,2,3,5,1,0,0.5833333333333334,17
CHEMBL1908315,CCCCC(C)(C)[C@H](O)/C=C/[C@H]1[C@H](O)CC(=O)[C@@H]1CCCC/C=C/C(=O)OC,1,O=C1CCCC1,394.55200000000025,3.9756000000000036,83.83,2,5,12,1,0,0.7391304347826086,28
CHEMBL3656880,N#CC1(CNc2cccc(-c3cc(N[C@H]4CC[C@H](NCCOC(F)(F)F)CC4)ncc3Cl)n2)CCOCC1,0,c1cc(NCC2CCOCC2)nc(-c2ccnc(NC3CCCCC3)c2)c1,553.0290000000001,5.378380000000004,104.12,3,8,10,4,2,0.5769230769230769,38
CHEMBL1163779,CC1(C)CC(=O)C2=C(C1)NC(c1ccccc1)=CC2c1c[nH]c2ccccc12,0,O=C1CCCC2=C1C(c1c[nH]c3ccccc13)C=C(c1ccccc1)N2,368.4800000000001,5.539000000000004,44.89,2,2,2,5,3,0.24,28
CHEMBL1201197,C[C@H](N)C(=O)N[C@@H](C)C(=O)N[C@H]1[C@@H]2CN(c3nc4c(cc3F)c(=O)c(C(=O)O)cn4-c3ccc(F)cc3F)C[C@@H]21,1,O=c1ccn(-c2ccccc2)c2nc(N3CC4CC4C3)ccc12,558.5170000000002,0.903900000000001,159.64999999999998,4,7,7,5,3,0.34615384615384615,40
CHEMBL1643895,Cn1cc(C(=O)[C@@H]2CCc3[nH]cnc3C2)c2ccccc21,1,O=C(c1c[nH]c2ccccc12)C1CCc2[nH]cnc2C1,279.343,2.8892000000000015,50.68,1,2,2,4,3,0.29411764705882354,21
CHEMBL1109,Nc1ccc(S(=O)(=O)Nc2ccnn2-c2ccccc2)cc1,1,O=S(=O)(Nc1ccnn1-c1ccccc1)c1ccccc1,314.37000000000006,2.2553,90.00999999999999,2,4,4,3,3,0.0,22
CHEMBL198637,CCc1cc(OC2CCOCC2)cc(C(Nc2ccc(C(=N)N)cc2)C(=O)O)c1,0,c1ccc(NCc2cccc(OC3CCOCC3)c2)cc1,397.4750000000001,3.3286700000000007,117.66000000000001,4,5,8,3,2,0.36363636363636365,29
CHEMBL1200400,Cn1cnc([N+](=O)[O-])c1Sc1ncnc2nc[nH]c12,1,c1nc(Sc2cnc[nH]2)c2[nH]cnc2n1,277.269,1.1457999999999997,115.41999999999999,1,7,3,3,3,0.1111111111111111,19
CHEMBL1998884,CCN(CC)Cc1ccc(C(=S)Nc2ccc(Cl)cc2)s1,0,S=C(Nc1ccccc1)c1cccs1,338.92900000000003,5.0309000000000035,15.27,1,3,6,2,2,0.3125,21
CHEMBL3402906,CCCn1c(-c2ccc(Cl)cc2Cl)nc2cc(C(=O)N/N=C/c3ccc(N(C)C)cc3)ccc21,0,O=C(NN=Cc1ccccc1)c1ccc2[nH]c(-c3ccccc3)nc2c1,494.42600000000016,6.250000000000005,62.52,1,4,7,4,4,0.19230769230769232,34
CHEMBL944,CCN(CC)CCOC(=O)c1ccc(N)cc1Cl,1,c1ccccc1,270.76,2.4208,55.56,1,4,6,1,1,0.46153846153846156,18
CHEMBL4227775,Cc1cc(OCC(F)CN2CCN(c3ccc(Cc4ccc(F)cc4)cc3)CC2)c(C)c(C)c1N,0,c1ccc(Cc2ccc(N3CCN(CCCOc4ccccc4)CC3)cc2)cc1,479.61500000000024,5.463060000000005,41.730000000000004,1,4,8,4,3,0.3793103448275862,35
CHEMBL3352894,Cn1cnnc1-c1cc(F)ccc1CNC(=O)c1nc(C2CCOC2)n(C)c(=O)c1O,0,O=C(NCc1ccccc1-c1nnc[nH]1)c1cc(=O)[nH]c(C2CCOC2)n1,428.42400000000026,0.8543999999999998,124.16000000000001,2,7,5,4,3,0.35,31
CHEMBL94454,CN(c1nccc(=O)[nH]1)C1CCN(c2nc3ccccc3n2Cc2ccc(F)cc2)CC1,1,O=c1ccnc(NC2CCN(c3nc4ccccc4n3Cc3ccccc3)CC2)[nH]1,432.5030000000002,3.412200000000002,70.05000000000001,1,5,5,5,4,0.2916666666666667,32
CHEMBL139874,Cn1nnnc1SCC1=C(C(=O)[O-])N2C(=O)[C@@H](Nc3cc[n+](C)cc3)[C@H]2SC1,0,O=C1C(Nc2cc[nH+]cc2)C2SCC(CSc3nnn[nH]3)=CN12,419.4920000000001,-1.4734999999999963,119.94999999999999,1,9,6,4,2,0.375,28
CHEMBL3698080,Cn1cnc2cc(-c3ccc(OCCN4CCCC4)c(S(C)(=O)=O)c3)nc(NC3CC3)c2c1=O,0,O=c1[nH]cnc2cc(-c3ccc(OCCN4CCCC4)cc3)nc(NC3CC3)c12,483.5940000000002,2.4479000000000006,106.42000000000002,1,8,8,5,3,0.4583333333333333,34
CHEMBL254781,CC1(C)CC(NC(=O)C(=O)Nc2ccc(Cl)cc2)CC(C)(C)N1,0,O=C(Nc1ccccc1)C(=O)NC1CCNCC1,337.8510000000001,2.7039,70.23,3,3,2,2,1,0.5294117647058824,23
CHEMBL3495682,Cc1ccc(-c2nnc(CN3CCOC(Cn4cccn4)C3)o2)cc1,0,c1ccc(-c2nnc(CN3CCOC(Cn4cccn4)C3)o2)cc1,339.39900000000006,2.14252,69.21000000000001,0,6,5,4,3,0.3888888888888889,25
CHEMBL1200467,OCCOCCN1CCN(C(c2ccccc2)c2ccc(Cl)cc2)CC1,1,c1ccc(C(c2ccccc2)N2CCNCC2)cc1,374.91200000000015,3.055900000000001,35.940000000000005,1,4,8,3,2,0.42857142857142855,26
CHEMBL321891,CCCCCC/N=C(/N)NO,0,,159.23300000000003,0.8602000000000003,70.64,3,2,5,0,0,0.8571428571428571,11
CHEMBL1200841,CCN(CC)CCOC(=O)c1ccc(N)cc1,1,c1ccccc1,236.315,1.7673999999999999,55.56,1,4,6,1,1,0.46153846153846156,17
CHEMBL573358,CC(=O)Nc1c(C)cc(C)c2c1C(=O)C(=O)c1c(-c3ccc(Cl)cc3)coc1-2,0,O=C1C(=O)c2c(-c3ccccc3)coc2-c2ccccc21,393.8260000000001,5.221240000000003,76.38,1,4,2,4,3,0.13636363636363635,28
CHEMBL538755,O=C1CC2(CCN(CCc3ccccc3)CC2)OC=C1c1ccccc1,0,O=C1CC2(CCN(CCc3ccccc3)CC2)OC=C1c1ccccc1,347.4580000000001,4.094200000000003,29.540000000000003,0,3,4,4,2,0.34782608695652173,26
CHEMBL4214543,NC(Cc1ccc(Cl)c(-c2cccc(O)c2)c1)C(=O)O,0,c1ccc(-c2ccccc2)cc1,291.73400000000004,2.6670000000000007,83.55,3,3,4,2,2,0.13333333333333333,20
CHEMBL201297,COCCOc1cc2ncnc(Nc3ncc(CC(=O)Nc4cccc(F)c4)s3)c2cc1OC,0,O=C(Cc1cnc(Nc2ncnc3ccccc23)s1)Nc1ccccc1,483.5250000000002,4.184000000000003,107.49,2,9,10,4,4,0.21739130434782608,34
CHEMBL497486,O=C1COc2ccc(NC(=O)C3CCN(c4ccccc4)CC3)cc2N1,0,O=C1COc2ccc(NC(=O)C3CCN(c4ccccc4)CC3)cc2N1,351.40600000000006,2.8726000000000003,70.67,2,4,3,4,2,0.3,26
CHEMBL3718184,CC(=O)Nc1nn2c(=O)cc(-c3ccc4c(cnn4C)c3)[nH]c2c1-c1ccccn1,0,O=c1cc(-c2ccc3[nH]ncc3c2)[nH]c2c(-c3ccccn3)cnn12,399.4140000000001,2.5967000000000002,109.97000000000001,2,5,3,5,5,0.09523809523809523,30
CHEMBL1371,O=c1[nH]c2cc(Cl)ccc2o1,1,O=c1[nH]c2ccccc2o1,169.56699999999998,1.7745,46.0,1,2,0,2,2,0.0,11
CHEMBL3701238,C=CC(=O)N1CC[C@H](n2nc(C#Cc3cc(OC)cc(OC)c3)c3c(N)ncnc32)C1,1,C(#Cc1nn(C2CCNC2)c2ncncc12)c1ccccc1,418.4570000000002,1.7849,108.39,1,7,4,4,3,0.2727272727272727,31
CHEMBL1180868,CCCCCCCCCCCCCCCCOc1ccc(OCC(=O)Nc2ccccc2C[n+]2csc(C)c2)cc1,0,O=C(COc1ccccc1)Nc1ccccc1C[n+]1ccsc1,579.8710000000001,9.26992,51.440000000000005,1,4,22,3,3,0.5428571428571428,41
CHEMBL1200750,CC(CN1c2ccccc2Sc2ccccc21)N(C)C,1,c1ccc2c(c1)Nc1ccccc1S2,284.428,4.239400000000003,6.48,0,3,3,3,2,0.29411764705882354,20
CHEMBL1767408,O=c1ccn([C@@H]2O[C@H](COP(=O)(O)OP(=O)(O)OP(=O)(O)OP(=O)(O)OC[C@H]3O[C@@H](n4ccc(=O)[nH]c4=O)[C@H](O)[C@@H]3O)[C@@H](O)[C@H]2O)c(=O)[nH]1,1,O=c1ccn(C2CCC(CO[PH](=O)O[PH](=O)O[PH](=O)O[PH](=O)OCC3CCC(n4ccc(=O)[nH]c4=O)O3)O2)c(=O)[nH]1,790.3070000000004,-4.190199999999995,404.45000000000005,10,19,14,4,2,0.5555555555555556,49
CHEMBL1438825,O=S(=O)(c1ccc(Cl)cc1)N1CCc2ccccc21,0,O=S(=O)(c1ccccc1)N1CCc2ccccc21,293.775,3.091400000000002,37.38,0,2,2,3,2,0.14285714285714285,19
CHEMBL1388,Oc1ccc(OCc2ccccc2)cc1,1,c1ccc(COc2ccccc2)cc1,200.23700000000002,2.9712000000000014,29.46,1,2,3,2,2,0.07692307692307693,15
CHEMBL1237119,CCCCC[C@H](O)CC[C@@H]1[C@H]2Cc3cccc(OCC(=O)O)c3C[C@H]2C[C@H]1O,1,c1ccc2c(c1)CC1CCCC1C2,390.5200000000002,3.583200000000003,86.99000000000001,3,4,10,3,1,0.6956521739130435,28
CHEMBL3707330,C[C@@H](OC[C@@]1(c2ccccc2)CC[C@]2(CCC(=O)N2)CN1)c1cc(C(F)(F)F)cc(C(F)(F)F)c1,1,O=C1CCC2(CCC(COCc3ccccc3)(c3ccccc3)NC2)N1,500.483,5.729500000000005,50.36,2,3,5,4,2,0.48,35
CHEMBL1431264,COc1cccc(CNc2nn[nH]n2)c1OC,0,c1ccc(CNc2nn[nH]n2)cc1,235.247,0.8289999999999997,84.95,2,6,5,2,2,0.3,17
CHEMBL1200472,Fc1ccccc1C1=NCC(=S)N(CC(F)(F)F)c2ccc(Cl)cc21,1,S=C1CN=C(c2ccccc2)c2ccccc2N1,386.8010000000001,5.026200000000003,15.6,0,2,2,3,2,0.17647058823529413,25
CHEMBL3833382,CCC[N+]12[C@H](O)[C@@H](CC)[C@@H]3C[C@H]1[C@@H]1N(C)c4ccccc4[C@]14C[C@H]2[C@@H]3[C@H]4O,1,c1ccc2c(c1)NC1C3CC4CC[NH+]3C3CC21CC43,369.52900000000005,2.4793000000000007,43.7,2,3,3,7,1,0.7391304347826086,27
CHEMBL1650443,Cn1c(=O)cc(N2CCC[C@@H](N)C2)n(Cc2cc(F)ccc2C#N)c1=O,1,O=c1cc(N2CCCCC2)n(Cc2ccccc2)c(=O)[nH]1,357.38900000000007,0.5335800000000002,97.05000000000001,1,5,3,3,2,0.3888888888888889,26
CHEMBL401264,COc1nnnc2c1sc1nc(N3CCOCC3)c3c(c12)CCCC3,0,c1nnnc2c1sc1nc(N3CCOCC3)c3c(c12)CCCC3,357.43900000000025,2.3585000000000003,73.26,0,8,2,5,3,0.5294117647058824,25
CHEMBL135,C[C@]12CC[C@@H]3c4ccc(O)cc4CC[C@H]3[C@@H]1CC[C@@H]2O,1,c1ccc2c(c1)CCC1C2CCC2CCCC21,272.3879999999999,3.6092000000000026,40.46,2,2,0,4,1,0.6666666666666666,20
CHEMBL518183,CN(C)CCNC(=O)/C=C/c1csc(/C=C2\Oc3ccccc3NC2=O)c1,0,O=C1Nc2ccccc2OC1=Cc1cccs1,383.47300000000007,2.8111000000000006,70.67000000000002,2,5,6,3,2,0.2,27
CHEMBL4166134,C=CC(=O)Nc1cccc(OC(=O)c2c(C)oc3c2C(=O)c2ncccc2C3=O)c1,0,O=C(Oc1ccccc1)c1coc2c1C(=O)c1ncccc1C2=O,402.36200000000014,3.102120000000001,115.57,1,7,4,4,3,0.045454545454545456,30
CHEMBL1883670,CC(NC(=O)c1cc(F)c(F)cc1Cl)c1ccncc1,0,O=C(NCc1ccncc1)c1ccccc1,296.704,3.5042000000000018,41.99,1,2,3,2,2,0.14285714285714285,20
CHEMBL1505580,CCc1cc2c(O)nc(Cc3ccc(Cl)cc3)nc2s1,0,c1ccc(Cc2ncc3ccsc3n2)cc1,304.802,4.203500000000003,46.010000000000005,1,4,3,3,3,0.2,20
CHEMBL108604,c1ccc(-c2cc(N(CCCN3CCCCCC3)Cc3cccc4ccccc34)on2)cc1,0,c1ccc(-c2cc(N(CCCN3CCCCCC3)Cc3cccc4ccccc34)on2)cc1,439.60300000000007,6.767500000000007,32.510000000000005,0,4,8,5,4,0.3448275862068966,33
CHEMBL1200406,CN(C)CCOC(c1ccccc1)c1ccccc1,1,c1ccc(Cc2ccccc2)cc1,255.36100000000002,3.3542000000000023,12.47,0,2,6,2,2,0.29411764705882354,19
CHEMBL276832,NNc1nncc2ccccc12,1,c1ccc2cnncc2c1,160.17999999999998,0.9153999999999998,63.83,2,4,1,2,2,0.0,12
CHEMBL3304486,CN(C)CC(C)(C)OC(=O)C(O)(c1ccccc1)c1ccccc1,1,c1ccc(Cc2ccccc2)cc1,327.42400000000004,2.8059000000000003,49.769999999999996,1,4,6,2,2,0.35,24
CHEMBL1491210,CCOC(=O)CSc1nc2cc(C)ccc2cc1C#N,0,c1ccc2ncccc2c1,286.35600000000005,3.070100000000002,62.98,0,5,4,2,2,0.26666666666666666,20
CHEMBL1305161,CC(C)CNC(=O)C(=O)NCC1OCCCN1S(=O)(=O)c1cccs1,0,O=S(=O)(c1cccs1)N1CCCOC1,389.499,0.3736000000000006,104.81,2,6,6,2,1,0.6,25
CHEMBL321847,O=C1Nc2ccc([N+](=O)[O-])cc2C(C#CC2CC2)(C(F)(F)F)O1,0,O=C1Nc2ccccc2C(C#CC2CC2)O1,326.22999999999996,3.3279000000000014,81.47,1,4,1,3,1,0.35714285714285715,23
CHEMBL1239,O=C(OCc1ccccc1)c1ccccc1,1,O=C(OCc1ccccc1)c1ccccc1,212.248,3.0436000000000014,26.3,0,2,3,2,2,0.07142857142857142,16
CHEMBL205915,CC(=O)N1Cc2cc(-c3ccccc3C#N)ccc2CCc2cc(Cl)ccc21,0,c1ccc(-c2ccc3c(c2)CNc2ccccc2CC3)cc1,386.88200000000023,5.5303800000000045,44.1,0,2,1,4,3,0.16666666666666666,28
CHEMBL2138684,CN[C@@H]1CCc2[nH]c3ccc(C(N)=O)cc3c2C1,1,c1ccc2c3c([nH]c2c1)CCCC3,243.30999999999997,1.3435,70.91,3,2,2,3,2,0.35714285714285715,18
CHEMBL1201749,CCCC(=O)O[C@]1(C(=O)COC(C)=O)CC[C@H]2[C@@H]3C[C@H](F)C4=CC(=O)C=C[C@]4(C)[C@@]3(F)[C@@H](O)C[C@@]21C,1,O=C1C=CC2C(=C1)CCC1C3CCCC3CCC21,508.5580000000002,3.5195000000000025,106.97000000000001,1,7,6,4,0,0.7037037037037037,36
CHEMBL3668937,COc1cccn2nc(CCc3nc(-c4cscc4C)cn3C)nc12,0,c1ccn2nc(CCc3nc(-c4ccsc4)c[nH]3)nc2c1,353.4510000000001,3.293520000000002,57.24,0,5,5,4,4,0.2777777777777778,25
CHEMBL3897462,CC[C@@H](C)C(=O)[C@]12C(=O)[C@]3(C)C[C@H](CC=C(C)C)[C@@]1(C)CC[C@H](C(C)(C)O)OC2=C(CC=C(C)C)C3=O,0,O=C1C=C2OCCCC3CCC1C(=O)C23,512.7310000000003,6.688900000000009,80.67000000000002,1,5,8,3,0,0.71875,37
CHEMBL3959306,NC(=O)C1(c2ccccc2CCc2nc(Nc3cn[nH]c3)ncc2Cl)CC1,0,c1ccc(C2CC2)c(CCc2ccnc(Nc3cn[nH]c3)n2)c1,382.855,2.8988000000000005,109.58,3,5,7,4,3,0.2631578947368421,27
CHEMBL179696,CCNC(=O)NC1CC(C)(C)Oc2ccc(Br)cc21,0,c1ccc2c(c1)CCCO2,327.22200000000004,3.3704000000000027,50.36,2,2,2,2,1,0.5,19
CHEMBL85,Cc1nc2n(c(=O)c1CCN1CCC(c3noc4cc(F)ccc34)CC1)CCCC2,1,O=c1c(CCN2CCC(c3noc4ccccc34)CC2)cnc2n1CCCC2,410.4930000000003,3.5904200000000026,64.16,0,5,4,5,3,0.5217391304347826,30
CHEMBL2171579,CC(C)(C)NCC(O)COc1ccc2oc(-c3ccc(O)c(O)c3)cc(=O)c2c1,0,O=c1cc(-c2ccccc2)oc2ccccc12,399.4430000000001,2.9990000000000014,112.16,4,7,6,3,3,0.3181818181818182,29
CHEMBL108545,COC(=O)c1ccccc1O,1,c1ccccc1,152.14899999999997,1.1787999999999998,46.53,1,3,1,1,1,0.125,11
CHEMBL518924,NCCCCN(Cc1nc2ccccc2[nH]1)[C@H]1CCCc2cccnc21,1,c1cnc2c(c1)CCCC2NCc1nc2ccccc2[nH]1,349.4820000000002,3.5764000000000022,70.83,2,4,7,4,3,0.42857142857142855,26
CHEMBL251151,CC(=O)O[C@H]1CC[C@@]2(C)[C@H](CC[C@@H]3[C@@H]2CC[C@]2(C)[C@@H](c4ccc(=O)oc4)[C@@H](OC(C)=O)[C@H]4O[C@]342)C1,0,O=c1ccc(C2CC3OC34C2CCC2C3CCCCC3CCC24)co1,484.5890000000003,4.370700000000004,95.34,0,7,3,6,1,0.75,35
CHEMBL1423,O=c1[nH]c2ccccc2n1C1CCN(CCCC(c2ccc(F)cc2)c2ccc(F)cc2)CC1,1,O=c1[nH]c2ccccc2n1C1CCN(CCCC(c2ccccc2)c2ccccc2)CC1,461.5560000000001,5.8570000000000055,41.03,1,2,7,5,4,0.32142857142857145,34
CHEMBL1200523,Cc1nnc(SCC2=C(C(=O)O)N3C(=O)[C@@H](NC(=O)Cn4cnnn4)[C@H]3SC2)s1,1,O=C(Cn1cnnn1)NC1C(=O)N2C=C(CSc3nncs3)CSC12,454.5190000000002,-0.6360799999999995,156.08999999999997,2,11,7,4,2,0.42857142857142855,29
CHEMBL1200976,CC(=O)[C@]1(O)Cc2c(O)c3c(c(O)c2[C@@H](O[C@H]2C[C@H](N)[C@H](O)[C@H](C)O2)C1)C(=O)c1ccccc1C3=O,1,O=C1c2ccccc2C(=O)c2cc3c(cc21)CCCC3OC1CCCCO1,497.5000000000002,1.0202999999999998,176.60999999999999,5,10,3,5,2,0.4230769230769231,36
CHEMBL4243315,CCOP(=O)(CCCNC(=S)SC[C@H](NC(C)=O)C(=O)O)c1ccccc1,0,c1ccccc1,432.50400000000013,2.2135999999999996,104.73,3,6,11,1,1,0.47058823529411764,27
CHEMBL1200694,FCOC(C(F)(F)F)C(F)(F)F,1,,200.05299999999997,2.4232000000000005,9.23,0,1,2,0,0,1.0,12
CHEMBL1200616,NS(=O)(=O)c1cc2c(cc1Cl)N=CNS2(=O)=O,1,O=S1(=O)NC=Nc2ccccc21,295.72900000000004,-0.0608999999999999,118.69,2,5,1,2,1,0.0,17
CHEMBL2386132,O=C(Nc1cc(Cl)nc(Cl)c1)OCCN1CCOCC1,0,O=C(Nc1ccncc1)OCCN1CCOCC1,320.17600000000016,2.2691,63.69,1,5,4,2,1,0.5,20
CHEMBL2376102,O=C(CN1C(=O)C2(OCCO2)c2cc(Br)ccc21)NC(C(=O)NO)c1ccccc1,0,O=C(CN1C(=O)C2(OCCO2)c2ccccc21)NCc1ccccc1,476.2830000000001,1.3581999999999994,117.2,3,6,5,4,2,0.25,30
CHEMBL118,Cc1ccc(-c2cc(C(F)(F)F)nn2-c2ccc(S(N)(=O)=O)cc2)cc1,1,c1ccc(-c2ccnn2-c2ccccc2)cc1,381.3790000000001,3.5139200000000006,77.98,1,3,3,3,3,0.11764705882352941,26
CHEMBL231454,Cc1cccc(NC(=O)Nc2cccc(-c3csc4ccnc(N)c34)c2)c1,0,O=C(Nc1ccccc1)Nc1cccc(-c2csc3ccncc23)c1,374.4690000000001,5.497920000000003,80.04,3,4,3,4,4,0.047619047619047616,27
CHEMBL3989829,CCN[C@@H]1C[C@H](N)[C@@H](O[C@H]2OC(CN)=CC[C@H]2N)[C@H](O)[C@H]1O[C@H]1OC[C@](C)(O)[C@H](NC)[C@H]1O,1,C1=COC(OC2CCCC(OC3CCCCO3)C2)CC1,475.58700000000016,-3.200699999999992,199.72999999999996,8,12,8,3,0,0.9047619047619048,33
CHEMBL1814503,COc1cc(NS(=O)(=O)c2ccccc2)ccc1C,0,O=S(=O)(Nc1ccccc1)c1ccccc1,277.3450000000001,2.8044200000000012,55.4,1,3,4,2,2,0.14285714285714285,19
CHEMBL2179812,C=CC(=O)N1CCC[C@@H](n2nc(-c3cccc(C(=O)NCCc4ccc(F)cc4)c3)c3c(N)ncnc32)C1,0,O=C(NCCc1ccccc1)c1cccc(-c2nn(C3CCCNC3)c3ncncc23)c1,513.5770000000002,3.5366000000000017,119.03,2,6,7,5,4,0.25,38
CHEMBL744,Nc1nc2ccc(OC(F)(F)F)cc2s1,1,c1ccc2scnc2c1,234.20199999999994,2.7771,48.14,1,4,1,2,2,0.125,15
CHEMBL1201891,CC(=O)OCC(=O)[C@@]12N=C(C)O[C@@H]1C[C@H]1[C@@H]3CCC4=CC(=O)C=C[C@]4(C)[C@H]3[C@@H](O)C[C@@]12C,1,O=C1C=CC2C(=C1)CCC1C2CCC2C1CC1OC=NC12,441.5240000000002,2.5632,102.26,1,7,3,5,0,0.68,32
CHEMBL4204794,Cn1cc(-c2cc3c(N4CCN(c5ncc([C@@](C)(N)c6ccc(F)cc6)cn5)CC4)ncnn3c2)cn1,1,c1ccc(Cc2cnc(N3CCN(c4ncnn5cc(-c6cn[nH]c6)cc45)CC3)nc2)cc1,498.57000000000016,2.6077000000000004,106.28999999999999,1,8,5,6,5,0.2692307692307692,37
CHEMBL3342522,Cc1cccc(-c2cnc(C(=O)N(C)c3cccc(C)c3)s2)c1,0,O=C(Nc1ccccc1)c1ncc(-c2ccccc2)s1,322.43300000000005,4.703540000000004,33.2,0,3,3,3,3,0.15789473684210525,23
CHEMBL4115941,COc1cc(C(=O)C[n+]2ccc3c(c2)[nH]c2ccccc23)cc(OC)c1OC,0,O=C(C[n+]1ccc2c(c1)[nH]c1ccccc12)c1ccccc1,377.4200000000002,3.5173000000000023,64.43,1,4,6,4,4,0.18181818181818182,28
CHEMBL799,O=C1CCc2cc(OCCCCc3nnnn3C3CCCCC3)ccc2N1,1,O=C1CCc2cc(OCCCCc3nnnn3C3CCCCC3)ccc2N1,369.4690000000002,3.4647000000000014,81.93,1,5,7,4,2,0.6,27
CHEMBL1742466,CC1(C)OC[C@@H](COC(=O)CCc2ccc(OC[C@@H](O)CNCCNC(=O)N3CCOCC3)cc2)O1,1,O=C(CCc1ccc(OCCCNCCNC(=O)N2CCOCC2)cc1)OCC1COCO1,509.60000000000036,0.6850000000000034,127.82000000000001,3,9,13,3,1,0.68,36
CHEMBL3818011,Cc1ccccc1CSc1nc2c(=O)[nH]c(N)nc2[nH]1,0,O=c1[nH]cnc2[nH]c(SCc3ccccc3)nc12,287.348,1.8291199999999999,100.44999999999999,3,5,3,3,3,0.15384615384615385,20
CHEMBL1200598,CC/C(=C(/CC)c1ccc(OP(=O)(O)O)cc1)c1ccc(OP(=O)(O)O)cc1,1,C(=Cc1ccccc1)c1ccccc1,428.3140000000001,4.3604000000000065,133.52,4,4,8,2,2,0.2222222222222222,28
CHEMBL1303,CCCN(CCc1cccs1)[C@H]1CCc2c(O)cccc2C1,1,c1csc(CCNC2CCc3ccccc3C2)c1,315.482,4.265700000000003,23.47,1,3,6,3,2,0.47368421052631576,22
CHEMBL1631696,Cn1c([N+](=O)[O-])cnc1COc1ccc(S(C)(=O)=O)cc1,0,c1ccc(OCc2ncc[nH]2)cc1,311.319,1.3108,104.32999999999998,0,6,5,2,2,0.25,21
CHEMBL3745835,Cn1c(=O)oc2cc(S(=O)(=O)Nc3cccc4cccnc34)ccc21,0,O=c1[nH]c2ccc(S(=O)(=O)Nc3cccc4cccnc34)cc2o1,355.37500000000006,2.4805,94.2,1,5,3,4,4,0.058823529411764705,25
CHEMBL1325529,O=C(CCNS(=O)(=O)c1cccs1)NC1CCN(Cc2ccccc2)CC1,0,O=C(CCNS(=O)(=O)c1cccs1)NC1CCN(Cc2ccccc2)CC1,407.56100000000026,2.1972999999999994,78.50999999999999,2,5,8,3,2,0.42105263157894735,27
CHEMBL3980004,COC(=O)O[C@H]1CC[C@]2(C)[C@H]3C[C@@H](O)[C@@H]4[C@@H]([C@@](C)(CCCC(C)(C)O)OC)CC[C@@]4(C)[C@]3(C)CC[C@H]2C1(C)C,0,C1CCC2C(C1)CCC1C3CCCC3CCC21,550.8210000000005,7.14020000000001,85.22000000000001,2,6,7,4,0,0.9696969696969697,39
CHEMBL597080,CCc1nccnc1C(=O)CCN(CCO)CCO,0,c1cnccn1,267.3289999999999,-0.10160000000000002,86.55000000000001,2,6,9,1,1,0.6153846153846154,19
CHEMBL1201328,CCC(=O)c1ccc2c(c1)N(CCCN1CCN(CCO)CC1)c1ccccc1S2,1,c1ccc2c(c1)Sc1ccccc1N2CCCN1CCNCC1,425.5980000000002,3.8820000000000032,47.02000000000001,1,6,8,4,2,0.4583333333333333,30
CHEMBL1898201,CCOC(=O)C1CCCCN1Cc1c[nH]nc1-c1ccc(F)cc1F,0,c1ccc(-c2n[nH]cc2CN2CCCCC2)cc1,349.38100000000003,3.2725000000000017,58.22,1,4,5,3,2,0.4444444444444444,25
CHEMBL1509,C[C@]12CCC(=O)C=C1[C@@H]1C[C@@H]1[C@H]1[C@@H]3[C@@H]4C[C@@H]4[C@@]4(CCC(=O)O4)[C@@]3(C)CC[C@@H]12,1,O=C1C=C2C(CC1)C1CCC3C(C4CC4C34CCC(=O)O4)C1C1CC21,366.50100000000015,4.305900000000004,43.370000000000005,0,3,0,7,0,0.8333333333333334,27
CHEMBL1272,CCOc1cc(CC(=O)N[C@@H](CC(C)C)c2ccccc2N2CCCCC2)ccc1C(=O)O,1,O=C(Cc1ccccc1)NCc1ccccc1N1CCCCC1,452.5950000000003,5.219900000000005,78.87,2,4,10,3,2,0.48148148148148145,33
CHEMBL3989724,CCN(CC)CCN1C(=O)CN=C(c2ccccc2F)c2cc(Cl)ccc21,1,O=C1CN=C(c2ccccc2)c2ccccc2N1,387.88600000000014,4.004900000000003,35.91,0,3,6,3,2,0.3333333333333333,27
CHEMBL1689772,CN(C)c1cc(CNCC(C)(C)C)c(O)c2c1C[C@H]1C[C@H]3[C@H](N(C)C)C(O)=C(C(N)=O)C(=O)[C@@]3(O)C(O)=C1C2=O,1,O=C1C2=CC3C(=O)C=CCC3CC2Cc2ccccc21,556.6600000000003,1.3223000000000011,176.65999999999997,6,10,6,4,1,0.5517241379310345,40
CHEMBL1619840,CCN(CC)CC#CCC(O)(c1ccccc1)C1CCCC1,0,c1ccc(CC2CCCC2)cc1,299.45800000000014,3.799700000000003,23.47,1,2,6,2,1,0.6,22
CHEMBL600,CC(=O)N[C@@H](CS)C(=O)O,1,,163.198,-0.4945,66.4,3,3,3,0,0,0.6,10
CHEMBL1200751,S=c1[nH]cnc2nc[nH]c12,1,S=c1[nH]cnc2nc[nH]c12,152.182,1.0154899999999998,57.36,2,3,0,2,2,0.0,10
CHEMBL672,CC(C)OC(=O)C(C)(C)Oc1ccc(C(=O)c2ccc(Cl)cc2)cc1,1,O=C(c1ccccc1)c1ccccc1,360.837,4.680000000000004,52.6,0,4,6,2,2,0.3,25
CHEMBL3695290,CCN(C)c1cccc(N2CC[C@@H](Oc3ccc([C@H](C)NC(C)=O)cc3)C2)n1,0,c1ccc(OC2CCN(c3ccccn3)C2)cc1,382.5080000000001,3.392500000000002,57.7,1,5,7,3,2,0.45454545454545453,28
CHEMBL2105233,C=CCC1(CC(C)O)C(=O)NC(=O)NC1=O,1,O=C1CC(=O)NC(=O)N1,226.23199999999997,-0.3142,95.5,3,4,4,1,0,0.5,16
CHEMBL524170,CC[C@@]1(O)C(=O)OCc2c1cc1n(c2=O)Cc2c-1nc1cccc3c1c2N(CCC(C)C)C=N3,0,O=C1Cc2cc3n(c(=O)c2CO1)Cc1c-3nc2cccc3c2c1NC=N3,458.5180000000002,3.605500000000003,97.02,1,7,4,6,3,0.38461538461538464,34
CHEMBL138355,CC(=O)NCC1COc2ccccc2O1,0,c1ccc2c(c1)OCCO2,207.229,0.9624999999999995,47.56,1,3,2,2,1,0.36363636363636365,15
CHEMBL1361262,CCOC(=O)N1CCN(c2ccc(C(=O)c3ccccc3)cc2F)CC1,0,O=C(c1ccccc1)c1ccc(N2CCNCC2)cc1,356.3970000000001,3.335200000000002,49.85,0,4,4,3,2,0.3,26
CHEMBL494881,CS(=O)(=O)Nc1ccc(OC[C@H](O)CN(CCc2ccc(Cl)c(Cl)c2)Cc2cccc(O)c2)cc1,0,c1ccc(CCN(CCCOc2ccccc2)Cc2ccccc2)cc1,539.4810000000003,4.555100000000005,99.10000000000001,3,6,12,3,3,0.28,35
CHEMBL4093032,COc1ccc2c(c1)/C(=C1/Nc3ccccc3/C1=N\OCCN1CCN(C)CC1)C(=O)N2,0,O=C1Nc2ccccc2C1=C1Nc2ccccc2C1=NOCCN1CCNCC1,433.51200000000034,2.4521999999999995,78.43,2,7,5,5,2,0.3333333333333333,32
CHEMBL295698,CC(=O)N1CCN(c2ccc(OC[C@@H]3CO[C@@](Cn4ccnc4)(c4ccc(Cl)cc4Cl)O3)cc2)CC1,1,c1ccc(C2(Cn3ccnc3)OCC(COc3ccc(N4CCNCC4)cc3)O2)cc1,531.4399999999999,4.205800000000003,69.06,0,6,7,5,3,0.38461538461538464,36
CHEMBL4288045,COCCc1cc2cc(C(=O)Nc3cc(C(=O)N[C@H](CCN)c4ccccc4)ccc3Cl)c(=O)[nH]c2cc1OC,0,O=C(NCc1ccccc1)c1cccc(NC(=O)c2cc3ccccc3[nH]c2=O)c1,563.0540000000002,4.451200000000003,135.53999999999996,4,6,11,4,4,0.23333333333333334,40
CHEMBL227026,COC(=O)c1ccc(Cn2ccc(=O)c(Cc3c(Cl)cccc3Cl)c2C)cc1,0,O=c1ccn(Cc2ccccc2)cc1Cc1ccccc1,416.3040000000001,4.889220000000004,48.3,0,3,5,3,3,0.18181818181818182,28
CHEMBL1512,CC1(C)O[C@@H]2C[C@H]3[C@@H]4C[C@H](F)C5=CC(=O)C=C[C@]5(C)[C@H]4[C@@H](O)C[C@]3(C)[C@]2(C(=O)CO)O1,1,O=C1C=CC2C(=C1)CCC1C2CCC2C1CC1OCOC12,434.50400000000025,2.2747000000000006,93.06,2,6,2,5,0,0.75,31
CHEMBL3187985,CN1CCc2cccc3c2[C@H]1Cc1ccc(O)c(O)c1-3,1,c1ccc2c(c1)CC1NCCc3cccc-2c31,267.328,2.8499000000000025,43.7,2,3,0,4,2,0.29411764705882354,20
CHEMBL1201291,CNC(=O)c1c(I)c(C(=O)NCC(=O)Nc2c(I)c(C(=O)O)c(I)c(C(=O)NCCO)c2I)c(I)c(N(C)C(C)=O)c1I,1,O=C(CNC(=O)c1ccccc1)Nc1ccccc1,1268.8829999999996,3.4453000000000014,194.24,6,7,10,2,2,0.25,43
CHEMBL3989949,NC(=O)O[C@@H](Cn1ncnn1)c1ccccc1Cl,1,c1ccc(CCn2ncnn2)cc1,267.67600000000004,1.1630999999999994,95.92000000000002,1,5,4,2,2,0.2,18
CHEMBL281777,CCCCCCCCCCCCC(C)(C)C(=O)Nc1c(C)cc(C)c2c1OC(C)(C)C2,0,c1ccc2c(c1)CCO2,429.68900000000025,8.292640000000006,38.33,1,2,13,2,1,0.75,31
CHEMBL1201063,CCCNCC(O)COc1ccccc1C(=O)CCc1ccccc1,1,O=C(CCc1ccccc1)c1ccccc1,341.4510000000001,3.2414000000000023,58.559999999999995,2,4,11,2,2,0.38095238095238093,25
CHEMBL3397516,C[S@](=N)(=O)CC[C@H](N)C(=O)O,0,,180.22899999999998,-0.5350299999999992,104.24,3,4,4,0,0,0.8,11
CHEMBL1497463,Cc1ccc(NC(=O)c2ccc(Nc3c([N+](=O)[O-])cc([N+](=O)[O-])cc3[N+](=O)[O-])cc2)cc1,0,O=C(Nc1ccccc1)c1ccc(Nc2ccccc2)cc1,437.36800000000017,4.715520000000003,170.54999999999998,2,8,7,3,3,0.05,32
CHEMBL3670522,Cc1cncc(N2C[C@@H]3CCN(C(=O)c4ccccc4-n4nccn4)C[C@@H]32)n1,0,O=C(c1ccccc1-n1nccn1)N1CCC2CN(c3cnccn3)C2C1,375.4360000000001,1.7166199999999996,80.04,0,6,3,5,3,0.35,28
CHEMBL967,CN1C(=O)C(O)N=C(c2ccccc2)c2cc(Cl)ccc21,1,O=C1CN=C(c2ccccc2)c2ccccc2N1,300.74500000000006,2.4722,52.900000000000006,1,3,1,3,2,0.125,21
CHEMBL2107124,CN(C)CCCN1c2ccccc2Sc2cccnc21,1,c1ccc2c(c1)Nc1ncccc1S2,285.41600000000005,3.636000000000003,19.37,0,4,4,3,2,0.3125,20
CHEMBL2095208,CC(C)c1nc(CN(C)C(=O)N[C@@H](CCN2CCOCC2)C(=O)N[C@H](CC[C@H](Cc2ccccc2)NC(=O)OCc2cncs2)Cc2ccccc2)cs1,1,O=C(NCc1cscn1)NC(CCN1CCOCC1)C(=O)NC(CCC(Cc1ccccc1)NC(=O)OCc1cncs1)Cc1ccccc1,776.0420000000001,6.000700000000006,138.02,3,10,19,5,4,0.475,54
CHEMBL1200597,CCCN(CC)C(CC)C(=O)Nc1c(C)cccc1C,1,c1ccccc1,276.42400000000004,3.7524400000000018,32.34,1,2,7,1,1,0.5882352941176471,20
CHEMBL3786343,C=CC(=O)Nc1cccc(Oc2nc(Nc3ccc(N4CCN(C)CC4)cc3)nc3ccsc23)c1,1,c1ccc(Oc2nc(Nc3ccc(N4CCNCC4)cc3)nc3ccsc23)cc1,486.6010000000003,5.103500000000004,82.61999999999999,2,8,7,5,4,0.19230769230769232,35
CHEMBL299618,O=C1NCC[C@@H]2CNC(=O)[C@H]12,0,O=C1NCCC2CNC(=O)C12,154.169,-1.1315000000000004,58.2,2,2,0,2,0,0.7142857142857143,11
CHEMBL1200660,O[C@@H]1CO[C@H]2[C@@H]1OC[C@@H]2O,1,C1CC2OCCC2O1,146.142,-1.4942000000000004,58.92,2,4,0,2,0,1.0,10
CHEMBL2105941,CCC1(CCC(C)C)C(=O)N=C(O)NC1=O,1,O=C1CC(=O)NC=N1,226.27599999999998,1.3894,78.75999999999999,2,2,4,1,0,0.7272727272727273,16
CHEMBL2059234,Cc1ccc(NC(=O)N2CCN(CC(O)COc3ccccc3C(=O)c3ccccc3)CC2)cc1,0,O=C(c1ccccc1)c1ccccc1OCCCN1CCN(C(=O)Nc2ccccc2)CC1,473.5730000000002,3.815420000000003,82.11000000000001,2,5,8,4,3,0.2857142857142857,35
CHEMBL3474399,CCC1CN(Cc2nnc(C3CC3)o2)CCC(=O)N1Cc1ccccc1,0,O=C1CCN(Cc2nnc(C3CC3)o2)CCN1Cc1ccccc1,354.454,2.9601000000000015,62.470000000000006,0,5,6,4,2,0.55,26
CHEMBL1014,CCOc1nc2cccc(C(=O)OC(C)OC(=O)OC3CCCCC3)c2n1Cc1ccc(-c2ccccc2-c2nn[nH]n2)cc1,1,O=C(OCOC(=O)c1cccc2ncn(Cc3ccc(-c4ccccc4-c4nn[nH]n4)cc3)c12)OC1CCCCC1,610.6710000000002,6.319100000000007,143.33999999999997,1,10,10,6,5,0.3333333333333333,45
CHEMBL2096642,Nc1cc(-c2ccncc2)c[nH]c1=O,1,O=c1ccc(-c2ccncc2)c[nH]1,187.202,1.0191,71.77,2,3,1,2,2,0.0,14
CHEMBL3960148,COc1cccc2c(C(=O)NCc3cccc(C4CCC4)n3)nc(N)nc12,0,O=C(NCc1cccc(C2CCC2)n1)c1ncnc2ccccc12,363.42100000000016,2.8131000000000004,103.02,2,6,5,4,3,0.3,27
CHEMBL1200560,N=C(N)N/N=C/c1c(Cl)cccc1Cl,1,c1ccccc1,231.086,1.8103700000000003,74.26,3,2,2,1,1,0.0,14
CHEMBL3665011,O=C(CC1CCNCC1)Nc1nnc(CCCCc2nnc(NC(=O)CC3CCNCC3)s2)s1,0,O=C(CC1CCNCC1)Nc1nnc(CCCCc2nnc(NC(=O)CC3CCNCC3)s2)s1,506.7020000000003,2.611399999999999,133.82,4,10,11,4,2,0.7272727272727273,34
CHEMBL70972,CC1=C(C)C(=O)C(C(CCCCCC(=O)O)c2ccccc2)=C(C)C1=O,1,O=C1C=CC(=O)C(Cc2ccccc2)=C1,354.446,4.610000000000003,71.44,1,3,8,2,1,0.4090909090909091,26
CHEMBL3808970,COC(=O)COc1cc(CNc2nc3c(N)ncnc3n2[C@@H]2O[C@H](CO)[C@@H](O)[C@H]2O)ccc1-c1ccccc1,0,c1ccc(-c2ccc(CNc3nc4cncnc4n3C3CCCO3)cc2)cc1,536.5450000000002,0.8509000000000007,187.1,5,12,9,5,4,0.3076923076923077,39
CHEMBL125,CCCCCCCCCCCCCCCCOP(=O)([O-])OCC[N+](C)(C)C,1,,407.57600000000014,5.675500000000006,58.59,0,4,20,0,0,1.0,27
CHEMBL28333,CN1CCN=C(c2ccccc2)c2cc(Cl)ccc21,1,c1ccc(C2=NCCNc3ccccc32)cc1,270.76300000000003,3.627200000000003,15.6,0,2,1,3,2,0.1875,19
CHEMBL303234,COc1ccccc1N1CCN(CCNC(=O)C23CC4CC(CC(C4)C2)C3)CC1,0,O=C(NCCN1CCN(c2ccccc2)CC1)C12CC3CC(CC(C3)C1)C2,397.5630000000003,3.1498000000000017,44.81,1,4,6,6,1,0.7083333333333334,29
CHEMBL22097,CN1C(=O)C(O)N=C(c2ccccc2Cl)c2cc(Cl)ccc21,1,O=C1CN=C(c2ccccc2)c2ccccc2N1,335.1900000000001,3.1256000000000013,52.900000000000006,1,3,1,3,2,0.125,22
CHEMBL2151902,COc1nc(N)nc2c1ncn2[C@@H]1O[C@H](COP(=O)(N[C@@H](CCSC)C(=O)OCC(C)(C)C)N[C@@H](CCSC)C(=O)OCC(C)(C)C)[C@@H](O)[C@@]1(C)O,0,c1ncc2ncn(C3CCCO3)c2n1,793.9470000000001,3.1523000000000025,231.49999999999994,5,16,19,3,2,0.78125,52
CHEMBL709,COc1cc2nc(N(C)CCCNC(=O)C3CCCO3)nc(N)c2cc1OC,1,O=C(NCCCNc1ncc2ccccc2n1)C1CCCO1,389.4560000000002,1.3507000000000002,111.83,2,8,8,3,2,0.5263157894736842,28
CHEMBL406393,C[C@H](CCC(=O)O)[C@H]1CC[C@H]2[C@@H]3CC[C@@H]4C[C@H](O)CC[C@]4(C)[C@H]3C[C@H](O)[C@]12C,1,C1CCC2C(C1)CCC1C3CCCC3CCC21,392.58000000000015,4.477900000000005,77.76,3,3,4,4,0,0.9583333333333334,28
CHEMBL711,O=C1c2ccccc2C(=O)C1c1ccccc1,1,O=C1c2ccccc2C(=O)C1c1ccccc1,222.243,2.849400000000001,34.14,0,2,1,3,2,0.06666666666666667,17
CHEMBL370561,COc1cc2cc[n+](C)c3c2c(c1OC)C(Br)OC3=O,0,O=C1OCc2cccc3cc[nH+]c1c23,339.165,2.2454,48.64,0,4,2,3,2,0.2857142857142857,20
CHEMBL423465,CO/N=C(\c1ccc(C(=O)O)cc1)c1cc2c(cc1C)C(C)(C)CCC2(C)C,0,N=C(c1ccccc1)c1ccc2c(c1)CCCC2,379.5000000000002,5.441020000000005,58.89,1,3,4,3,2,0.4166666666666667,28
CHEMBL153110,c1ccc(-n2cnc3cccnc32)cc1,0,c1ccc(-n2cnc3cccnc32)cc1,195.22500000000002,2.4205000000000005,30.71,0,2,1,3,3,0.0,15
CHEMBL1201746,C#CCC(Cc1cnc2nc(N)nc(N)c2n1)c1ccc(C(=O)N[C@@H](CCC(=O)O)C(=O)O)cc1,1,c1ccc(CCc2cnc3ncncc3n2)cc1,477.4810000000002,0.9816000000000005,207.29999999999995,5,9,10,3,3,0.2608695652173913,35
CHEMBL2106829,Cc1ccccc1-n1c(C)nc2ccccc2c1=O,1,O=c1c2ccccc2ncn1-c1ccccc1,250.30100000000002,3.0025400000000015,34.89,0,2,1,3,3,0.125,19
CHEMBL4594301,COC(=O)CC[C@@H]1N=C(c2ccccn2)c2cc(Br)ccc2-n2c(C)cnc21,1,c1ccc(C2=NCc3nccn3-c3ccccc32)nc1,439.31300000000016,4.183520000000003,69.37,0,5,4,4,3,0.23809523809523808,28
CHEMBL1372,N[C@@H](CCC(=O)N[C@@H](CSSC[C@H](NC(=O)CC[C@H](N)C(=O)O)C(=O)NCC(=O)O)C(=O)NCC(=O)O)C(=O)O,1,,612.6400000000004,-3.8767999999999985,317.64,10,12,21,0,0,0.6,40
CHEMBL1543723,COc1cccc(C(=O)SC2=NCCS2)c1,0,O=C(SC1=NCCS1)c1ccccc1,253.34799999999996,2.671400000000001,38.66,0,5,2,2,1,0.2727272727272727,16
CHEMBL486733,COc1ccc(OC)c2c1C(=O)C=C(C(CC=C(C)C)SC(C)=O)C2=O,0,O=C1C=CC(=O)c2ccccc21,374.4580000000001,4.013800000000003,69.67,0,6,6,2,1,0.35,26
CHEMBL339256,CCCCc1nn(-c2cc(NC(=O)CC)ccc2C(F)(F)F)c(=O)n1Cc1ccc(-c2ccccc2S(=O)(=O)NC(=O)c2ccccc2Cl)cc1F,0,O=C(NS(=O)(=O)c1ccccc1-c1ccc(Cn2cnn(-c3ccccc3)c2=O)cc1)c1ccccc1,758.1940000000002,7.370400000000006,132.16,2,6,12,5,5,0.2222222222222222,52
CHEMBL1836381,CNCCN1C(C)=Nc2ccc(Cl)cc2C1c1ccccc1,0,C1=Nc2ccccc2C(c2ccccc2)N1,313.832,4.014300000000003,27.63,1,3,4,3,2,0.2777777777777778,22
CHEMBL1201134,CCCCC(F)(F)[C@@]1(O)CC[C@H]2[C@@H](CC(=O)[C@@H]2CCCCCCC(=O)O)O1,1,O=C1CC2CCCOC2C1,390.4670000000003,4.309900000000003,83.83,2,4,11,2,0,0.9,27
CHEMBL2106825,CC(=O)[C@@]1(C)CC[C@H]2[C@@H]3C=C(C)C4=CC(=O)CC[C@]4(C)[C@H]3CC[C@@]21C,1,O=C1C=C2C=CC3C4CCCC4CCC3C2CC1,340.5070000000001,5.279700000000005,34.14,0,2,1,4,0,0.7391304347826086,25
CHEMBL2104356,CC1=CC(=O)N2CC(=O)N(C)c3ccc(Cl)cc3C2(c2ccccc2)O1,1,O=C1CN2C(=O)C=COC2(c2ccccc2)c2ccccc2N1,368.8200000000001,3.280100000000002,49.85000000000001,0,3,1,4,2,0.2,26
CHEMBL2105458,CN1CCC(N(Cc2cccs2)c2ccccc2)CC1,1,c1ccc(N(Cc2cccs2)C2CCNCC2)cc1,286.44400000000013,3.848900000000003,6.48,0,3,4,3,2,0.4117647058823529,20
CHEMBL6068329,Nc1nc2[nH]cc(CCc3ccc(C(=O)N[C@@H](CCC(=O)O)C(=O)O)cc3)c2c(=O)[nH]1,1,O=c1[nH]cnc2[nH]cc(CCc3ccccc3)c12,427.41700000000014,0.6664000000000003,191.26,6,6,9,3,3,0.25,31
CHEMBL531,CCCN1C[C@H](CSC)C[C@@H]2c3cccc4[nH]cc(c34)C[C@H]21,1,c1cc2c3c(c[nH]c3c1)CC1NCCCC21,314.4980000000001,4.271100000000003,19.03,1,2,4,4,2,0.5789473684210527,22
CHEMBL917,O=c1[nH]c(=O)n([C@H]2C[C@H](O)[C@@H](CO)O2)cc1F,1,O=c1ccn(C2CCCO2)c(=O)[nH]1,246.194,-1.6836,104.55000000000001,3,5,2,2,1,0.5555555555555556,17
CHEMBL1200989,CCC(=O)OCC(=O)[C@@]1(OC(=O)CC)[C@H](C)C[C@H]2[C@H]3[C@H]([C@@H](O)C[C@@]21C)[C@@]1(C)C=CC(=O)C=C1C[C@H]3Cl,1,O=C1C=CC2C(=C1)CCC1C3CCCC3CCC21,521.0500000000003,3.942700000000003,106.97000000000003,1,7,6,4,0,0.7142857142857143,36
CHEMBL2163380,O=C1c2ccc([N+](=O)[O-])cc2C(=O)N1CNc1ccc([N+](=O)[O-])cc1,0,O=C1c2ccccc2C(=O)N1CNc1ccccc1,342.26700000000005,2.1685999999999996,135.69,1,7,5,3,2,0.06666666666666667,25
CHEMBL3337954,CC(C)(C)c1cc(C(=O)Nc2ncc(CN)s2)n(Cc2ccccc2)n1,0,O=C(Nc1nccs1)c1ccnn1Cc1ccccc1,369.4940000000001,3.3964000000000016,85.83,2,5,5,3,3,0.3157894736842105,26
CHEMBL1441,CCc1cc(C(N)=S)ccn1,1,c1ccncc1,166.24900000000002,1.2782,38.91,1,2,2,1,1,0.25,11
CHEMBL1701056,COc1cc(OC)cc(OCC(O)Cn2ccnc2)c1,0,c1ccc(OCCCn2ccnc2)cc1,278.308,1.3401999999999998,65.74000000000001,1,5,7,2,2,0.35714285714285715,20
CHEMBL340139,CC(C)c1nn(-c2cccc3ccccc23)c(-c2ccc(F)cc2)c1CC[C@H]1C[C@H](O)CC(=O)O1,0,O=C1CCCC(CCc2cnn(-c3cccc4ccccc34)c2-c2ccccc2)O1,472.5600000000003,5.954100000000007,64.35,1,4,6,5,4,0.3103448275862069,35
CHEMBL254219,C[C@H]1O[C@@H](O[C@H]2[C@@H](O)C[C@H](O[C@H]3[C@@H](O)C[C@H](O[C@H]4CC[C@@]5(C)[C@H](CC[C@@H]6[C@@H]5CC[C@]5(C)[C@@H](C7=CC(=O)OC7)CC[C@]65O)C4)O[C@@H]3C)O[C@@H]2C)C[C@H](O)[C@@H]1O,1,O=C1C=C(C2CCC3C2CCC2C4CCC(OC5CCC(OC6CCC(OC7CCCCO7)CO6)CO5)CC4CCC23)CO1,764.9500000000003,3.2473000000000014,182.82999999999998,5,13,7,8,0,0.926829268292683,54
CHEMBL936,OC(CCCN1CCCCC1)(c1ccccc1)c1ccccc1,1,c1ccc(C(CCCN2CCCCC2)c2ccccc2)cc1,309.45300000000003,4.188600000000004,23.47,1,2,6,3,2,0.42857142857142855,23
CHEMBL4535757,C=CC(=O)N1CCN(c2nc(=O)n(-c3c(C)ccnc3C(C)C)c3nc(-c4c(O)cccc4F)c(F)cc23)[C@@H](C)C1,1,O=c1nc(N2CCNCC2)c2ccc(-c3ccccc3)nc2n1-c1cccnc1,560.6050000000001,4.4814200000000035,104.45000000000002,1,7,5,5,4,0.3,41
CHEMBL6068478,C=CC(=O)Nc1cc(Nc2nccc(-n3cc(CN(C)C)c(-c4ccccc4)n3)n2)c(OC)cc1N1CCOCC1,1,c1ccc(-c2ccn(-c3ccnc(Nc4ccc(N5CCOCC5)cc4)n3)n2)cc1,554.6550000000002,4.104200000000003,109.67000000000002,2,9,10,5,4,0.26666666666666666,41
CHEMBL590153,Cc1nc(-c2c(F)cccc2-c2cnc([C@@H](C)NC(=O)N(C)O)c(F)c2)no1,0,c1cncc(-c2ccccc2-c2ncon2)c1,389.3620000000001,3.476820000000001,104.38000000000001,2,6,4,3,3,0.2222222222222222,28
CHEMBL3646688,O=C(Nc1cccc2c1C[C@@H](O)CC2)N[C@H]1CC[C@H](c2ccccc2)C1,0,O=C(Nc1cccc2c1CCCC2)NC1CCC(c2ccccc2)C1,350.46200000000005,3.9940000000000024,61.36,3,2,3,4,2,0.4090909090909091,26
CHEMBL1672,COCC1=C(C(=O)O)N2C(=O)[C@@H](NC(=O)/C(=N\OC)c3csc(N)n3)[C@H]2SC1,1,N=C(C(=O)NC1C(=O)N2C=CCSC12)c1cscn1,427.4640000000001,-0.539199999999999,156.44,3,10,7,3,1,0.4,28
CHEMBL1988710,COC(=O)C(C(=O)C(=O)Nc1ccc([N+](=O)[O-])cc1[N+](=O)[O-])c1nc2ccc(Cl)cc2nc1O,0,O=C(Cc1cnc2ccccc2n1)C(=O)Nc1ccccc1,489.7840000000002,2.2696,204.76000000000002,2,11,7,3,3,0.10526315789473684,34
CHEMBL1915471,COc1cccc(-c2nc3sccn3c2-c2ccnc(NCCNC(=O)c3cc(C(F)(F)F)cc(C(F)(F)F)c3)n2)c1,0,O=C(NCCNc1nccc(-c2c(-c3ccccc3)nc3sccn23)n1)c1ccccc1,606.5520000000004,6.407900000000003,93.44000000000001,2,7,8,5,5,0.18518518518518517,42
CHEMBL2431291,COc1cccc2c1CCN1C(=O)/C(=C/C(=O)c3ccccc3F)NCC21,0,O=C(C=C1NCC2c3ccccc3CCN2C1=O)c1ccccc1,366.392,2.6301000000000005,58.64,1,4,3,4,2,0.23809523809523808,27
CHEMBL3989516,COc1cc(Nc2ncc(F)c(Nc3ccc4c(n3)N(COP(=O)(O)O)C(=O)C(C)(C)O4)n2)cc(OC)c1OC,1,O=C1COc2ccc(Nc3ccnc(Nc4ccccc4)n3)nc2N1,580.4660000000002,3.094500000000001,186.71999999999997,4,12,10,4,3,0.30434782608695654,40
CHEMBL1201210,CCC(=O)c1ccc2c(c1)N(CC(C)N(C)C)c1ccccc1S2,1,c1ccc2c(c1)Nc1ccccc1S2,340.492,4.832100000000005,23.550000000000004,0,4,5,3,2,0.35,24
CHEMBL442912,CCOC(=O)NN1CCN(CCCOc2cc3ncc(C#N)c(Nc4ccc(Sc5nc(C)c(C)n5CC)c(Cl)c4)c3cc2OC)CC1,0,c1c[nH]c(Sc2ccc(Nc3ccnc4cc(OCCCN5CCNCC5)ccc34)cc2)n1,693.2739999999999,6.544120000000007,129.79999999999998,2,11,13,5,4,0.4117647058823529,48
CHEMBL1201288,O=C1CN(/N=C/c2ccc(-c3ccc([N+](=O)[O-])cc3)o2)C(=O)N1,1,O=C1CN(N=Cc2ccc(-c3ccccc3)o2)C(=O)N1,314.257,1.7404999999999997,118.05000000000001,1,6,4,3,2,0.07142857142857142,23
CHEMBL1324287,CC1(C)Cc2c(c(N3CCOCC3)nc3snc(Br)c23)CO1,0,c1nsc2nc(N3CCOCC3)c3c(c12)CCOC3,384.2990000000001,3.141700000000002,47.480000000000004,0,6,1,4,2,0.6,22
CHEMBL3707393,N#Cc1ccc([C@H]2CCc3cncn32)c(F)c1,1,c1ccc(C2CCc3cncn32)cc1,227.242,2.42948,41.61,0,2,1,3,2,0.23076923076923078,17
CHEMBL1789842,CCc1cc2c(cc1CC)CC(NC[C@H](O)c1ccc(O)c3[nH]c(=O)ccc13)C2,1,O=c1ccc2c(CCNC3Cc4ccccc4C3)cccc2[nH]1,392.49900000000014,3.148900000000001,85.35,4,4,6,4,3,0.375,29
CHEMBL3774837,Cc1ccc(CN2C(=O)C[C@@H](c3ccccc3Cl)[C@H]([N+](=O)[O-])[C@H]2c2ccc(O)cc2)cc1,0,O=C1CC(c2ccccc2)CC(c2ccccc2)N1Cc1ccccc1,450.92200000000014,5.256720000000006,83.68,1,4,5,4,3,0.24,32
CHEMBL53292,Cc1cc(NC(=O)C2=C(O)c3ccccc3S(=O)(=O)N2C)no1,1,O=C(Nc1ccon1)C1=Cc2ccccc2S(=O)(=O)N1,335.3410000000001,1.48242,112.74,2,6,2,3,2,0.14285714285714285,23
CHEMBL346684,CC(C)SC[C@H](O)[C@@H](NC(=O)[C@H](C)NC(=O)[C@H](Cc1ccccc1)NC(=O)OC(C)(C)C)C(c1ccccc1)c1ccccc1,0,O=C(CCc1ccccc1)NCC(=O)NCC(c1ccccc1)c1ccccc1,633.8550000000004,5.446500000000006,116.76,4,6,14,3,3,0.4166666666666667,45
CHEMBL1608538,Cc1ccc(C(=O)NCCCN2CCOCC2)c(C)c1,0,O=C(NCCCN1CCOCC1)c1ccccc1,276.37999999999994,1.7555399999999999,41.57000000000001,1,3,5,2,1,0.5625,20
CHEMBL3213353,CC1C(=O)NN=C1C(=O)N/N=C\c1ccc(O)cc1O,0,O=C1CC(C(=O)NN=Cc2ccccc2)=NN1,276.252,-0.33019999999999966,123.38000000000001,4,6,3,2,1,0.16666666666666666,20
CHEMBL353250,CC[C@@H](O)[C@@](C)(O)C1OC(=O)[C@@H](C)[C@H](OC2C[C@@](C)(OC)C[C@H](C)O2)[C@H](C)[C@@H](O[C@@H]2O[C@H](C)C[C@H](N(C)C)[C@H]2O)[C@@H](C)[C@H]2O[C@H]([C@@H]2C)[C@@H]1C,0,O=C1CC(OC2CCCCO2)CC(OC2CCCCO2)CC2CC(CCO1)O2,701.9390000000003,3.508100000000005,145.60999999999999,3,12,9,5,0,0.972972972972973,49
CHEMBL1314,CC(S)C(=O)NCC(=O)O,1,,163.198,-0.49450000000000044,66.4,3,3,3,0,0,0.6,10
CHEMBL2181927,CCOc1ncc(C)c2c1[C@H](c1ccc(C#N)cc1OC)C(C(N)=O)=C(C)N2,1,C1=CC(c2ccccc2)c2cnccc2N1,378.4320000000002,2.9856999999999996,110.25999999999999,2,6,5,3,2,0.2857142857142857,28
CHEMBL328560,NS(=O)(=O)c1ccc(N2CCCCS2(=O)=O)cc1,1,O=S1(=O)CCCCN1c1ccccc1,290.36599999999993,0.2639999999999998,97.53999999999999,1,4,2,2,1,0.4,18
CHEMBL1568057,CC(C)NCC(O)c1cc(O)cc(O)c1,1,c1ccccc1,211.261,1.1291999999999998,72.72,4,4,4,1,1,0.45454545454545453,15
CHEMBL1201005,O=C(O)C1=C(CSc2nnnn2CS(=O)(=O)O)CS[C@@H]2[C@H](NC(=O)[C@H](O)c3ccccc3)C(=O)N12,1,O=C(Cc1ccccc1)NC1C(=O)N2C=C(CSc3nnn[nH]3)CSC12,542.5770000000001,-0.9172999999999991,204.90999999999997,4,11,9,4,2,0.3333333333333333,35
CHEMBL1658,C=C[C@]1(C)C[C@@H](OC(=O)CS[C@@H]2C[C@H]3CC[C@@H](C2)N3C)[C@]2(C)[C@H](C)CC[C@]3(CCC(=O)[C@H]32)[C@@H](C)[C@@H]1O,1,O=C(CSC1CC2CCC(C1)N2)OC1CCCCC23CCCC1C2C(=O)CC3,517.7760000000004,5.251300000000007,66.84,1,6,5,5,0,0.8666666666666667,36
CHEMBL1200981,COc1cccc2c1C(=O)c1c(O)c3c(c(O)c1C2=O)C[C@@](O)(C(=O)CO)C[C@@H]3O[C@H]1C[C@H](N)[C@@H](O)[C@H](C)O1,1,O=C1c2ccccc2C(=O)c2cc3c(cc21)CCCC3OC1CCCCO1,543.5250000000003,0.0012999999999993017,206.07,6,12,5,5,2,0.4444444444444444,39
CHEMBL1299284,Cc1nc2ncnn2c(C)c1Cc1ccc(Cl)cc1F,0,c1ccc(Cc2cnc3ncnn3c2)cc1,290.729,3.1244400000000017,43.08,0,3,2,3,3,0.21428571428571427,20
CHEMBL1337,O=C1CCCC(=O)C1C(=O)c1ccc(C(F)(F)F)cc1[N+](=O)[O-],1,O=C1CCCC(=O)C1C(=O)c1ccccc1,329.2300000000001,2.7346000000000013,94.35,0,5,3,2,1,0.35714285714285715,23
CHEMBL940,NCC1(CC(=O)O)CCCCC1,1,C1CCCCC1,171.23999999999992,1.3702999999999994,63.32000000000001,2,2,3,1,0,0.8888888888888888,12
CHEMBL453,Cc1noc(NS(=O)(=O)c2ccc(N)cc2)c1C,1,O=S(=O)(Nc1ccno1)c1ccccc1,267.31,1.67444,98.22,2,5,3,2,2,0.18181818181818182,18
CHEMBL2113497,Nc1nc(C#CC2(O)CCCCC2)nc2c1ncn2[C@@H]1O[C@H](CO)[C@@H](O)[C@H]1O,0,C(#CC1CCCCC1)c1ncc2ncn(C3CCCO3)c2n1,389.41200000000003,-0.9333000000000005,159.76999999999998,5,9,2,4,2,0.6111111111111112,28
CHEMBL3337896,COc1cccc(CNC(=O)c2nc3scc(CC(=O)Nc4ccccc4)c3c(=O)[nH]2)c1,0,O=C(Cc1csc2nc(C(=O)NCc3ccccc3)[nH]c(=O)c12)Nc1ccccc1,448.5040000000002,3.104400000000001,113.17999999999998,3,6,7,4,4,0.13043478260869565,32
CHEMBL3394866,COC(=O)N[C@H](C(=O)N1CC(C)(C)C[C@H]1c1nc2cc(-c3ccc(-c4ccc5[nH]c([C@@H]6CC(C)(C)CN6C(=O)[C@@H](NC(=O)OC)C(C)C)nc5c4)cc3)ccc2[nH]1)C(C)C,0,c1cc(-c2ccc3[nH]c(C4CCCN4)nc3c2)ccc1-c1ccc2[nH]c(C3CCCN3)nc2c1,819.02,8.133600000000008,174.63999999999996,4,8,10,7,5,0.4782608695652174,60
CHEMBL3918607,COc1ccc(-c2cccc(C#N)c2)cc1-n1c(=O)ccc2cc(S(=O)(=O)Nc3ccon3)ccc21,0,O=c1ccc2cc(S(=O)(=O)Nc3ccon3)ccc2n1-c1cccc(-c2ccccc2)c1,498.52000000000015,4.326780000000002,127.22,1,7,6,5,5,0.038461538461538464,36
CHEMBL131,C[C@]12C=CC(=O)C=C1CC[C@@H]1[C@@H]2[C@@H](O)C[C@@]2(C)[C@H]1CC[C@]2(O)C(=O)CO,1,O=C1C=CC2C(=C1)CCC1C3CCCC3CCC21,360.4500000000002,1.5575999999999999,94.83,3,5,2,4,0,0.7142857142857143,26
CHEMBL44657,COc1cc([C@@H]2c3cc4c(cc3[C@@H](O[C@@H]3O[C@@H]5CO[C@@H](C)O[C@H]5[C@H](O)[C@H]3O)[C@H]3COC(=O)[C@H]23)OCO4)cc(OC)c1O,1,O=C1OCC2C(OC3CCC4OCOCC4O3)c3cc4c(cc3C(c3ccccc3)C12)OCO4,588.5620000000004,1.3385999999999993,160.83,3,13,5,7,2,0.5517241379310345,42
CHEMBL1546692,COc1ccc(Cl)cc1NC(=O)NC(C)C(C)(C)C,0,c1ccccc1,284.78700000000003,3.9047000000000027,50.36,2,2,3,1,1,0.5,19
CHEMBL106014,COc1cc2ncc(NC3CCCC(N)C3)nc2cc1OC,0,c1ccc2nc(NC3CCCCC3)cnc2c1,302.37800000000004,2.3288,82.29,2,6,4,3,2,0.5,22
CHEMBL1865459,O=C(NCc1ccc(C(F)(F)F)cc1)c1cccc2c(-c3ccc(F)c(F)c3)coc12,0,O=C(NCc1ccccc1)c1cccc2c(-c3ccccc3)coc12,431.3600000000001,6.326800000000002,42.24,1,2,4,4,4,0.08695652173913043,31
CHEMBL63857,O=C1OC(c2ccc(O)cc2)(c2ccc(O)cc2)c2ccccc21,1,O=C1OC(c2ccccc2)(c2ccccc2)c2ccccc21,318.32800000000003,3.560100000000002,66.76,2,4,2,4,3,0.05,24
CHEMBL3139642,CC(C)NCCCOc1cc2ccc(=O)oc2cc1O,0,O=c1ccc2ccccc2o1,277.32,2.2655000000000007,71.7,2,5,6,2,2,0.4,20
CHEMBL4064595,CCOC(=O)c1[nH]c(C=NO)c(-c2ccc(OC)c(OC)c2OC)c1Br,0,c1ccc(-c2cc[nH]c2)cc1,427.25100000000015,3.4548000000000023,102.37000000000002,2,7,7,2,2,0.29411764705882354,26
CHEMBL1661,OC[C@@H](O)[C@@H](O[C@@H]1O[C@H](CO)[C@H](O)[C@H](O)[C@H]1O)[C@H](O)[C@@H](O)CO,1,C1CCOCC1,344.3130000000001,-5.761199999999992,200.52999999999997,9,11,8,1,0,1.0,23
CHEMBL290916,CC1=NN(c2ccccc2)C(=O)C1,1,O=C1CC=NN1c1ccccc1,174.20299999999995,1.7992,32.67,0,2,1,2,1,0.2,13
CHEMBL647,Nc1cc(Cl)c(N=C2NCCN2)c(Cl)c1,1,c1ccc(N=C2NCCN2)cc1,245.113,1.7558999999999998,62.44,3,2,1,2,1,0.2222222222222222,15
CHEMBL543106,CCC(=O)C(N)Cc1c[nH]cn1,0,c1c[nH]cn1,167.21200000000002,0.2585999999999996,71.77000000000001,2,3,4,1,1,0.5,12
CHEMBL144755,CC(C(=O)N(C)C1CCCCC1)C1(O)CCN(C)CC1,0,O=C(CC1CCNCC1)NC1CCCCC1,282.428,1.8702999999999996,43.78000000000001,1,3,3,2,0,0.9375,20
CHEMBL2105613,CCCC(CCC)C(=O)O,1,,144.214,2.2874,37.3,1,1,5,0,0,0.875,10
CHEMBL1089096,Cc1ccc2cc(CC3CCN(C(=O)c4cccc5nc(-c6ccccc6)ccc45)CC3)ccc2n1,0,O=C(c1cccc2nc(-c3ccccc3)ccc12)N1CCC(Cc2ccc3ncccc3c2)CC1,471.6040000000002,6.853320000000007,46.09,0,3,4,6,5,0.21875,36
CHEMBL3237450,O[C@H]1CC[C@H](n2c3cnccc3c3cnc(Nc4ccc(N5CCNCC5)cn4)nc32)CC1,0,c1cc2c3cnc(Nc4ccc(N5CCNCC5)cn4)nc3n(C3CCCCC3)c2cn1,444.54300000000035,3.003700000000001,104.02,3,8,4,6,4,0.4166666666666667,33
CHEMBL434716,CCCCCCCCCN1C(=O)C(CCOc2ccccc2CC(=O)O)Oc2ccccc21,0,O=C1Nc2ccccc2OC1CCOc1ccccc1,453.5790000000002,5.627400000000006,76.07000000000001,1,4,14,3,2,0.48148148148148145,33
CHEMBL3286830,C[C@H]1Oc2cc(cnc2N)-c2c(nn(C)c2C#N)CN(C)C(=O)c2ccc(F)cc21,1,O=C1NCc2n[nH]cc2-c2cncc(c2)OCc2ccccc21,406.4210000000001,2.8006800000000016,110.06,1,6,0,4,3,0.23809523809523808,30
CHEMBL1725870,Cc1nnc(NC(=O)C2CCN(S(=O)(=O)c3ccc(F)c(F)c3)CC2)o1,0,O=C(Nc1nnco1)C1CCN(S(=O)(=O)c2ccccc2)CC1,386.3800000000001,1.6956200000000001,105.39999999999999,1,6,4,3,2,0.4,26
CHEMBL1744447,CC(C)c1nc(N(C)S(C)(=O)=O)nc(-c2ccc(F)cc2)c1/C=C/[C@@H](O)C[C@@H](O)CC(=O)O,1,c1ccc(-c2ccncn2)cc1,481.5460000000002,2.4017,140.92,3,7,10,2,2,0.4090909090909091,33
CHEMBL3544974,CN1CC2c3ccccc3Oc3ccc(Cl)cc3C2C1,1,c1ccc2c(c1)Oc1ccccc1C1CNCC21,285.77400000000006,4.258500000000003,12.47,0,2,0,4,2,0.29411764705882354,20
CHEMBL425308,CC(O)CC[C@@H]1CC[C@@H]2[C@@H](O)[C@H](O)[C@@H](CO)N12,0,C1CC2CCCN2C1,245.31900000000002,-0.9232999999999998,84.16,4,5,4,2,0,1.0,17
CHEMBL3497959,COc1ccccc1C(=O)N1CCCC1c1ncc2c(n1)CCNC2,0,O=C(c1ccccc1)N1CCCC1c1ncc2c(n1)CCNC2,338.41100000000006,2.1082,67.35,1,5,3,4,2,0.42105263157894735,25
CHEMBL2205807,Cc1ccc(-c2ccc(C)cn2)nc1,1,c1ccc(-c2ccccn2)nc1,184.242,2.760440000000001,25.78,0,2,1,2,2,0.16666666666666666,14
CHEMBL29093,O=C(O)c1ccc(NCCCc2ccccc2F)cc1,0,c1ccc(CCCNc2ccccc2)cc1,273.30699999999996,3.5686000000000027,49.33,2,2,6,2,2,0.1875,20
CHEMBL79218,NC(=O)c1cccc2[nH]c(-c3ccc(CN(CCO)CCO)cc3)nc12,0,c1ccc(-c2nc3ccccc3[nH]2)cc1,354.4100000000001,1.1153999999999995,115.47000000000001,4,5,8,3,3,0.2631578947368421,26
CHEMBL581590,C=CC(=O)Nc1ccc(Cl)cc1C(O)c1ccccc1,0,c1ccc(Cc2ccccc2)cc1,287.746,3.5462000000000016,49.33,2,2,4,2,2,0.0625,20
CHEMBL902,NC(N)=Nc1nc(CSCC/C(N)=N/S(N)(=O)=O)cs1,1,c1cscn1,337.456,-0.7679999999999998,175.82999999999998,4,6,7,1,1,0.375,20
CHEMBL2396661,Cc1nc(NC(=O)N2CCC[C@H]2C(N)=O)sc1-c1ccnc(C(C)(C)C(F)(F)F)c1,1,O=C(Nc1ncc(-c2ccncc2)s1)N1CCCC1,441.4790000000001,3.835020000000002,101.21,2,5,4,3,2,0.47368421052631576,30
CHEMBL215457,CCc1nc2ccc(CN3CCC(NC(=O)c4cc(=O)c5ccc(F)cc5o4)CC3)cc2o1,0,O=C(NC1CCN(Cc2ccc3ncoc3c2)CC1)c1cc(=O)c2ccccc2o1,449.4820000000002,4.030100000000003,88.58,1,6,5,5,4,0.32,33
CHEMBL2368861,CO[C@@]12CC[C@@]3(C[C@@H]1[C@](C)(O)C(C)(C)C)[C@H]1Cc4ccc(O)c5c4[C@@]3(CCN1CC1CC1)[C@H]2O5,1,c1cc2c3c(c1)OC1C4CCC5(CC4)C(C2)N(CC2CC2)CCC315,467.6500000000003,4.413800000000004,62.16,2,5,4,8,1,0.7931034482758621,34
CHEMBL311895,CCOC(=O)c1[nH]c2ccccc2c1S(=O)(=O)c1cc(Cl)ccc1N,0,O=S(=O)(c1ccccc1)c1c[nH]c2ccccc12,378.83700000000005,3.413000000000001,102.25,2,5,4,3,3,0.11764705882352941,25
CHEMBL2110816,CC(CC1c2ccccc2CCc2ccccc21)CN(C)C,1,c1ccc2c(c1)CCc1ccccc1C2,293.454,4.504900000000004,3.24,0,1,4,3,2,0.42857142857142855,22
CHEMBL3093402,NS(=O)(=O)c1cc(C(F)(F)F)ccc1N1CC[C@H](Oc2ccc(F)cc2)C1,0,c1ccc(OC2CCN(c3ccccc3)C2)cc1,404.3850000000001,3.149600000000002,72.63000000000001,1,4,4,3,2,0.29411764705882354,27
CHEMBL404,C[C@]1(Cn2ccnn2)[C@H](C(=O)O)N2C(=O)C[C@H]2S1(=O)=O,1,O=C1CC2N1CC(Cn1ccnn1)S2(=O)=O,300.296,-1.523199999999998,122.45999999999998,1,6,3,3,1,0.6,20
CHEMBL601234,O=c1c2cc3ccccc3cc2oc2cc(OCC3CO3)cc(OCC3CO3)c12,0,O=c1c2cc3ccccc3cc2oc2cc(OCC3CO3)cc(OCC3CO3)c12,390.3910000000002,3.654600000000002,73.73,0,6,6,6,4,0.2608695652173913,29
CHEMBL2001319,COc1ccc(OC)c(C(=O)c2cccc(C(=O)c3cc(OC)ccc3OC)n2)c1,0,O=C(c1ccccc1)c1cccc(C(=O)c2ccccc2)n1,407.42200000000014,3.578000000000002,83.95,0,7,8,3,3,0.17391304347826086,30
CHEMBL2418201,CN(Cc1ccccc1)c1ccc2nc(-c3ccccc3)oc2n1,0,c1ccc(CNc2ccc3nc(-c4ccccc4)oc3n2)cc1,315.37600000000003,4.526200000000003,42.160000000000004,0,4,4,4,4,0.1,24
CHEMBL3220984,Clc1ccc(Nc2ncccc2-c2nnc(Nc3ccccc3)o2)cc1,0,c1ccc(Nc2nnc(-c3cccnc3Nc3ccccc3)o2)cc1,363.8080000000001,5.272200000000002,75.87,2,6,5,4,4,0.0,26
CHEMBL3358377,COc1ccccc1NC(=O)c1cccc(-c2ccc3ccccc3c2)c1,0,O=C(Nc1ccccc1)c1cccc(-c2ccc3ccccc3c2)c1,353.42100000000005,5.767700000000004,38.33,1,2,4,4,4,0.041666666666666664,27
CHEMBL2070620,O=C1C=CC[C@@H](c2cccs2)O1,0,O=C1C=CCC(c2cccs2)O1,180.228,2.2923,26.3,0,3,1,2,1,0.2222222222222222,12
CHEMBL4301162,COC(=O)[C@H](c1ccccc1)[C@H]1CCCCN1C(=O)OC[n+]1cccc(C(=O)N[C@@H](CO)C(=O)O)c1,1,O=C(OC[n+]1ccccc1)N1CCCCC1Cc1ccccc1,500.5280000000002,1.0548,146.35,3,7,9,3,2,0.4,36
CHEMBL1201233,CCOC(=O)[C@@](C)(N)Cc1ccc(O)c(O)c1,1,c1ccccc1,239.27100000000002,0.9207999999999996,92.78,3,5,4,1,1,0.4166666666666667,17
CHEMBL1550331,O=C1CCCc2c1nc(-c1ccccc1)n2O,0,O=C1CCCc2[nH]c(-c3ccccc3)nc21,228.25100000000003,2.3063999999999996,55.120000000000005,1,3,1,3,2,0.23076923076923078,17
CHEMBL4164059,Clc1ccc(CCCOCCCN2CCCCC2)cc1,1,c1ccc(CCCOCCCN2CCCCC2)cc1,295.8539999999999,4.165200000000003,12.47,0,2,8,2,1,0.6470588235294118,20
CHEMBL4088099,CC(C)=CCc1c(O)cc2occ(-c3cc(O)c4c(c3)C=CC(C)(C)O4)c(=O)c2c1O,0,O=c1c(-c2ccc3c(c2)C=CCO3)coc2ccccc12,420.4610000000002,5.269700000000006,100.13000000000001,3,6,3,4,3,0.24,31
CHEMBL3306803,CN1CCN2c3c(cccc31)[C@@H]1CN(CCCC(=O)c3ccc(F)cc3)CC[C@@H]12,1,O=C(CCCN1CCC2C(C1)c1cccc3c1N2CCN3)c1ccccc1,393.5060000000001,3.9165000000000036,26.79,0,4,5,5,2,0.4583333333333333,29
CHEMBL49871,C/C(=C\C(=O)N(C(C)C)C(C)C)c1ccc(OC(C)c2ccccc2)cc1,0,c1ccc(COc2ccccc2)cc1,365.51700000000005,5.875300000000006,29.540000000000003,0,2,7,2,2,0.375,27
CHEMBL3248725,COC(=O)c1cc(=O)c2cccc(C(=O)c3ccccc3)c2[nH]1,0,O=C(c1ccccc1)c1cccc2c(=O)cc[nH]c12,307.305,2.5457,76.23,1,4,3,3,3,0.05555555555555555,23
CHEMBL1500276,CCN(CC)CCOCCOC(=O)C(CC)(CC)c1ccccc1,1,c1ccccc1,335.48799999999994,3.6460000000000026,38.77,0,4,12,1,1,0.65,24
CHEMBL1201735,CC(NC(C)(C)C)C(=O)c1cccc(Cl)c1,1,c1ccccc1,239.746,3.2993000000000023,29.1,1,2,3,1,1,0.46153846153846156,16
CHEMBL3676147,COc1ccc(F)cc1-c1ccc(C[C@H](CC(=O)O)NC(=O)c2cc(O)no2)cc1,0,O=C(NCCc1ccc(-c2ccccc2)cc1)c1ccno1,414.38900000000007,3.010700000000001,121.89,3,6,8,3,3,0.19047619047619047,30
CHEMBL1200763,O=C(O)CNC(=O)c1ccccc1[131I],1,c1ccccc1,309.0731246,1.1055999999999995,66.4,2,2,3,1,1,0.1111111111111111,14
CHEMBL1505631,O=C1Nc2ccccc2C1c1ncc(C(F)(F)F)cc1Cl,0,O=C1Nc2ccccc2C1c1ccccn1,312.678,3.8378000000000014,41.99,1,2,1,3,2,0.14285714285714285,21
CHEMBL2323008,CCCCN1C(=O)c2ccccc2NC1c1ccc(C)s1,0,O=C1NC(c2cccs2)Nc2ccccc21,300.427,4.4231200000000035,32.34,1,3,4,3,2,0.35294117647058826,21
CHEMBL1353313,COC(=O)c1[nH]c2c(c1C(=O)OC)CCc1ccccc1-2,0,c1ccc2c(c1)CCc1cc[nH]c1-2,285.299,2.3535000000000004,68.39,1,4,2,3,2,0.25,21
CHEMBL1164716,O=C(O)C1CN(CCC=C(c2ccccc2)c2ccccc2)C1,0,C(CCN1CCC1)=C(c1ccccc1)c1ccccc1,307.3930000000001,3.5248000000000026,40.54,1,2,6,3,2,0.25,23
CHEMBL1200745,C=CCOc1ccccc1OCC(O)CNC(C)C,1,c1ccccc1,265.35299999999995,1.9890999999999999,50.72,2,4,9,1,1,0.4666666666666667,19
CHEMBL959,CC(N)C12CC3CC(CC(C3)C1)C2,1,C1C2CC3CC1CC(C2)C3,179.30699999999996,2.5500000000000007,26.02,1,1,1,4,0,1.0,13
CHEMBL433383,COc1ccc(C(Nc2nc(O)c3ncn(C4OC(COC(=O)[C@@H]5OC(C)(C)N(C(=O)c6ccccc6)[C@H]5c5ccccc5)C5OC(C)(C)OC54)c3n2)(c2ccccc2)c2ccccc2)cc1,0,O=C(OCC1OC(n2cnc3cnc(NC(c4ccccc4)(c4ccccc4)c4ccccc4)nc32)C2OCOC12)C1OCN(C(=O)c2ccccc2)C1c1ccccc1,903.0050000000002,7.923800000000009,168.61999999999995,2,13,12,10,7,0.28846153846153844,67
CHEMBL139877,NC(=O)NS(=O)(=O)c1ccc(N)cc1,1,c1ccccc1,215.234,-0.3742000000000003,115.27999999999999,3,4,2,1,1,0.0,14
CHEMBL1200795,CN1CCC[C@@H]1CCO[C@](C)(c1ccccc1)c1ccc(Cl)cc1,1,c1ccc(C(OCCC2CCCN2)c2ccccc2)cc1,343.898,5.104400000000005,12.47,0,2,6,3,2,0.42857142857142855,24
CHEMBL3786621,Cc1ccc(S(=O)(=O)/N=C(/CCNC2=CC(=O)c3ccccc3C2=O)Nc2ccc(Cl)cc2Cl)cc1,0,O=C1C=C(NCCC(=NS(=O)(=O)c2ccccc2)Nc2ccccc2)C(=O)c2ccccc21,542.4440000000002,5.443920000000004,104.69999999999999,2,5,7,4,3,0.11538461538461539,36
CHEMBL1064,CCC(C)(C)C(=O)O[C@H]1C[C@@H](C)C=C2C=C[C@H](C)[C@H](CC[C@@H]3C[C@@H](O)CC(=O)O3)[C@H]21,1,O=C1CCCC(CCC2CC=CC3=CCCCC32)O1,418.57400000000024,4.585600000000005,72.83,1,5,6,3,0,0.76,30
CHEMBL1292,CC(C)/N=c1\cc2n(-c3ccc(Cl)cc3)c3ccccc3nc-2cc1Nc1ccc(Cl)cc1,1,N=c1cc2n(-c3ccccc3)c3ccccc3nc-2cc1Nc1ccccc1,473.40700000000015,7.489800000000005,42.21,1,3,4,5,3,0.1111111111111111,33
CHEMBL3989958,N#Cc1ccnc(N2C(=O)CC[C@H]2C(=O)N(c2cncc(F)c2)[C@H](C(=O)NC2CC(F)(F)C2)c2ccccc2Cl)c1,1,O=C(NC1CCC1)C(c1ccccc1)N(C(=O)C1CCC(=O)N1c1ccccn1)c1cccnc1,582.9700000000001,4.324580000000004,119.28999999999999,1,6,7,5,3,0.2857142857142857,41
CHEMBL3481112,OC1(CN2CCCCC2)CCN(c2ccc(C(F)(F)F)cn2)C1,0,c1ccc(N2CCC(CN3CCCCC3)C2)nc1,329.36600000000004,2.5275000000000007,39.6,1,4,3,3,1,0.6875,23
CHEMBL2419149,N#Cc1sc(=S)n(-c2ccccc2)c1/N=C/c1ccc(Br)cc1,0,S=c1scc(N=Cc2ccccc2)n1-c1ccccc1,400.3260000000001,5.653070000000002,41.08,0,4,3,3,3,0.0,23
CHEMBL3806132,O=C(N[C@H]1C(O)O[C@H](CNS(=O)(=O)c2cccc(Cl)c2Cl)[C@@H](O)[C@@H]1O)c1ccc(Cl)s1,0,O=C(NC1CCC(CNS(=O)(=O)c2ccccc2)OC1)c1cccs1,531.8230000000001,1.2242000000000002,145.19,5,8,6,3,2,0.35294117647058826,31
CHEMBL617,CC(=O)OCC1=C(C(=O)O)N2C(=O)[C@@H](NC(=O)Cc3cccs3)[C@H]2SC1,1,O=C(Cc1cccs1)NC1C(=O)N2C=CCSC12,396.4460000000001,0.5923000000000007,113.00999999999999,2,7,6,3,1,0.375,26
CHEMBL1201287,CN(C)CC[C@@H](c1ccc(Br)cc1)c1ccccn1,1,c1ccc(Cc2ccccn2)cc1,319.246,3.9277000000000024,16.130000000000003,0,2,5,2,2,0.3125,19
CHEMBL3086308,CNc1nc2c(s1)C[C@H]1[C@H]3Cc4ccc(O)cc4[C@@]1(CCN3CC1CC1)C2,0,c1ccc2c(c1)CC1C3Cc4scnc4CC23CCN1CC1CC1,381.5450000000003,3.5836000000000032,48.39000000000001,2,5,3,6,2,0.5909090909090909,27
CHEMBL1710025,Fc1cccc(CN2CCN(c3ccc(Cl)cc3)CC2)c1,0,c1ccc(CN2CCN(c3ccccc3)CC2)cc1,304.7960000000001,3.801300000000003,6.48,0,2,3,3,2,0.29411764705882354,21
CHEMBL198291,COc1ccc2cc(C(c3ccc(F)cc3)n3cncn3)oc2c1,0,c1ccc(C(c2cc3ccccc3o2)n2cncn2)cc1,323.32700000000006,3.809700000000002,53.08,0,4,4,4,4,0.1111111111111111,24
CHEMBL290308,COc1ccc(C)c(Nc2c(C#N)cnc3cc(OCC4CCN(C)CC4)c(OC)cc23)c1,0,c1ccc(Nc2ccnc3cc(OCC4CCNCC4)ccc23)cc1,446.55100000000033,4.8963000000000045,79.64,1,7,7,4,3,0.38461538461538464,33
CHEMBL3680742,CN1CCc2nc(NC(=O)c3cccc(CNC(=O)c4cn5cc(C#N)ccc5n4)c3)sc2C1,0,O=C(Nc1nc2c(s1)CNCC2)c1cccc(CNC(=O)c2cn3ccccc3n2)c1,471.5460000000002,2.8326800000000016,115.42,2,7,5,5,4,0.20833333333333334,34
CHEMBL2105669,Cn1nnc(-c2ccc(-c3ccc(N4C[C@H](COP(=O)(O)O)OC4=O)cc3F)cn2)n1,1,O=C1OCCN1c1ccc(-c2ccc(-c3nn[nH]n3)nc2)cc1,450.3230000000001,1.5126999999999997,152.79000000000002,2,8,6,4,3,0.23529411764705882,31
CHEMBL134,Clc1cccc(Cl)c1NC1=NCCN1,1,c1ccc(NC2=NCCN2)cc1,230.09799999999998,2.3644999999999996,36.42,2,3,1,2,1,0.2222222222222222,14
CHEMBL2107797,C#CC1(O)CC[C@H]2[C@@H]3CCC4=CC(=O)CC[C@@H]4[C@H]3CC[C@@]21CC,1,O=C1C=C2CCC3C4CCCC4CCC3C2CC1,312.4530000000001,3.8826000000000036,37.3,1,2,1,4,0,0.7619047619047619,23
CHEMBL4067647,CC(C)(C)c1ccc(/C=N/n2c(S)nnc2-c2cccnc2)cc1,0,C(=Nn1cnnc1-c1cccnc1)c1ccccc1,337.452,3.808500000000002,55.96,1,5,3,3,3,0.2222222222222222,24
CHEMBL3121799,Cc1cc2c(cc1F)c(C#N)c(-c1ccc(S(=O)(=O)N[C@@H](C)C(F)(F)F)cn1)n2-c1ncccc1C,0,c1ccc(-c2cc3ccccc3n2-c2ccccn2)nc1,517.5080000000002,4.944220000000004,100.67,1,5,5,4,4,0.20833333333333334,36
CHEMBL527895,Cc1cc(CN2CC[C@H](NC(=O)c3ccc(Cl)c(Cl)c3)C2)ccc1OCCN1CCNCC1,0,O=C(NC1CCN(Cc2ccc(OCCN3CCNCC3)cc2)C1)c1ccccc1,491.4630000000004,3.5901200000000024,56.84000000000001,2,5,8,4,2,0.48,33
CHEMBL1171514,Cc1nc(Nc2ccc(OC(F)(F)F)cc2)cc(Nc2nccn2-c2cccc(C(=O)NCCCN3CCOCC3)c2)n1,0,O=C(NCCCN1CCOCC1)c1cccc(-n2ccnc2Nc2cc(Nc3ccccc3)ncn2)c1,596.614,4.808620000000004,118.46,3,9,11,5,4,0.3103448275862069,43
CHEMBL106258,NC1=NCC(c2ccccc2)O1,1,C1=NCC(c2ccccc2)O1,162.19199999999998,1.0726,47.61,1,3,1,2,1,0.2222222222222222,12
CHEMBL3989410,COc1ccc2c(c1)c(CC(=O)O)c(C)n2C(=O)c1ccc(Cl)cc1,1,O=C(c1ccccc1)n1ccc2ccccc21,357.793,3.9273200000000026,68.53,1,3,4,3,3,0.15789473684210525,25
CHEMBL254914,CC(C)(C)OC(=O)N[C@H](Cc1cccc(F)c1)C(=O)N[C@@H]1CN(CC2CC2)c2ccccc2N(CC(F)(F)F)C1=O,0,O=C(CCc1ccccc1)NC1CN(CC2CC2)c2ccccc2NC1=O,578.6070000000004,4.571800000000004,90.97999999999999,2,5,8,4,2,0.4827586206896552,41
CHEMBL211797,Cc1nnc(N/N=C/c2ccc(OCC(=O)O)cc2)nc1O,0,C(=NNc1nccnn1)c1ccccc1,303.278,0.7950199999999998,129.82,3,8,6,2,2,0.15384615384615385,22
CHEMBL3544908,CN1CCC(=C2c3ccccc3CCc3cccnc32)CC1,1,c1ccc2c(c1)CCc1cccnc1C2=C1CCNCC1,290.4100000000001,3.7077000000000027,16.130000000000003,0,2,0,4,2,0.35,22
CHEMBL1200711,CC/C=C\C/C=C\C/C=C\C/C=C\C/C=C\C/C=C\CCC(=O)OCC,1,,356.5500000000002,7.027400000000007,26.3,0,2,15,0,0,0.4583333333333333,26
CHEMBL510545,O=C1NCCc2[nH]c(-c3ccnc(/C=C/c4ccccc4)c3)cc21,0,O=C1NCCc2[nH]c(-c3ccnc(C=Cc4ccccc4)c3)cc21,315.3760000000001,3.533000000000002,57.78,2,2,3,4,3,0.1,24
CHEMBL450,CCC1(CC)C(=O)NC(=O)N(C)C1=O,1,O=C1CC(=O)NC(=O)N1,198.22199999999998,0.5009999999999999,66.48,1,3,2,1,0,0.6666666666666666,14
CHEMBL1614,C[C@H]1O[C@@H](O[C@H]2CC[C@@]3(C)[C@H](CC[C@@H]4[C@@H]3C[C@@H](O)[C@]3(C)[C@@H](C5=CC(=O)OC5)CC[C@]43O)C2)C[C@H](O)[C@@H]1O[C@H]1C[C@H](O)[C@H](O[C@H]2C[C@H](O)[C@H](O[C@@H]3O[C@H](CO)[C@@H](O)[C@H](O)[C@H]3O)[C@@H](C)O2)[C@@H](C)O1,1,O=C1C=C(C2CCC3C2CCC2C4CCC(OC5CCC(OC6CCC(OC7CCC(OC8CCCCO8)CO7)CO6)CO5)CC4CCC23)CO1,943.0900000000007,0.04230000000000822,282.21,9,19,10,9,0,0.9361702127659575,66
CHEMBL6068336,N#CCNC(=O)c1ccc(-c2ccnc(Nc3ccc(N4CCOCC4)cc3)n2)cc1,1,c1ccc(-c2ccnc(Nc3ccc(N4CCOCC4)cc3)n2)cc1,414.4690000000002,2.9771800000000015,103.17,2,7,6,4,3,0.21739130434782608,31
CHEMBL4278625,COC(=O)c1ccnc(-n2nccc2OCc2ccc(F)c(F)c2)c1,0,c1ccc(COc2ccnn2-c2ccccn2)cc1,345.305,2.911100000000001,66.24,0,5,5,3,3,0.11764705882352941,25
CHEMBL1200912,CC(C)(N)Cc1ccccc1,1,c1ccccc1,149.237,1.9664,26.02,1,1,2,1,1,0.4,11
CHEMBL1201146,C#C[C@]1(OC(C)=O)CC[C@H]2[C@@H]3CCC4=CC(=O)CC[C@@H]4[C@H]3CC[C@@]21C,1,O=C1C=C2CCC3C4CCCC4CCC3C2CC1,340.46300000000014,4.0633000000000035,43.370000000000005,0,3,1,4,0,0.7272727272727273,25
CHEMBL1200732,CC(=O)OCC(=O)[C@@]12OC3(CCCC3)O[C@@H]1C[C@H]1[C@@H]3CCC4=CC(=O)C=C[C@]4(C)[C@@]3(F)[C@@H](O)C[C@@]12C,1,O=C1C=CC2C(=C1)CCC1C2CCC2C1CC1OC3(CCCC3)OC12,502.5790000000003,3.5238000000000023,99.13000000000001,1,7,3,6,0,0.75,36
CHEMBL1456185,C=CCNc1nc(N2CCCC2)nc2ccccc12,0,c1ccc2nc(N3CCCC3)ncc2c1,254.337,2.8279000000000014,41.050000000000004,1,4,4,3,2,0.3333333333333333,19
CHEMBL584,Cc1c(O)cccc1C(=O)N[C@@H](CSc1ccccc1)[C@H](O)CN1C[C@H]2CCCC[C@H]2C[C@H]1C(=O)NC(C)(C)C,1,O=C(NC(CCN1CCC2CCCCC2C1)CSc1ccccc1)c1ccccc1,567.7960000000003,4.747620000000004,101.9,4,6,9,4,2,0.5625,40
CHEMBL53505,CC(C)COC(=O)CCCc1cc(CN2CCCC2)c(O)c(CN2CCCC2)c1,0,c1cc(CN2CCCC2)cc(CN2CCCC2)c1,402.57900000000024,4.105700000000003,53.01,1,5,10,3,1,0.7083333333333334,29
CHEMBL1317613,COc1ccc(-n2cc(C(=O)OCc3ccc(F)c(F)c3)c3ccccc3c2=O)cc1,0,O=C(OCc1ccccc1)c1cn(-c2ccccc2)c(=O)c2ccccc12,421.3990000000001,4.634500000000004,57.53,0,4,5,4,4,0.08333333333333333,31
CHEMBL3338513,O=C1c2ccccc2C(=O)c2cc3oc(SCc4ccc(F)cc4)nc3cc21,0,O=C1c2ccccc2C(=O)c2cc3oc(SCc4ccccc4)nc3cc21,389.40700000000004,5.034600000000003,60.17,0,5,3,5,4,0.045454545454545456,28
CHEMBL1201263,CCN(CC)CC(=O)OCC(=O)[C@@]1(O)CC[C@H]2[C@@H]3CCC4=CC(=O)CC[C@]4(C)[C@H]3[C@@H](O)C[C@@]21C,1,O=C1C=C2CCC3C4CCCC4CCC3C2CC1,475.6260000000004,2.6742999999999997,104.14,2,7,7,4,0,0.8148148148148148,34
CHEMBL1511287,CCCCn1c(CCC(=O)O)nc2cc(S(=O)(=O)N(CC)CC)ccc21,0,c1ccc2[nH]cnc2c1,381.49800000000016,2.884100000000001,92.49999999999999,1,4,10,2,2,0.5555555555555556,26
CHEMBL141022,CC(O)(C(=O)Nc1ccc(S(=O)(=O)c2ccccc2F)cc1)C(F)(F)F,0,O=S(=O)(c1ccccc1)c1ccccc1,391.342,2.910300000000001,83.47,2,4,4,2,2,0.1875,26
CHEMBL149683,CC(=O)O[C@H]1CC[C@]2(C)C3CC[C@]4(C)[C@@H](c5ccc(=O)oc5)[C@@H](OC(C)=O)C[C@@]4(O)C3CC[C@@H]2C1,0,O=c1ccc(C2CCC3C2CCC2C4CCCCC4CCC23)co1,486.60500000000036,4.354300000000004,103.04,1,7,3,5,1,0.75,35
CHEMBL3301605,O=C(NC1CCNCC1)[C@@H]1CC[C@@H]2CN1C(=O)N2OS(=O)(=O)O,1,O=C(NC1CCNCC1)C1CCC2CN1C(=O)N2,348.3810000000001,-1.142399999999997,128.28,3,6,4,3,0,0.8333333333333334,23
CHEMBL1700822,COc1ccc(S(=O)(=O)N(CC(=O)Nc2ccc(C)cc2)c2ccc(C)cc2)cc1OC,0,O=C(CN(c1ccccc1)S(=O)(=O)c1ccccc1)Nc1ccccc1,454.54800000000023,4.154640000000003,84.94000000000001,1,5,8,3,3,0.20833333333333334,32
CHEMBL58044,CCOCCC(C(=O)Oc1c(OC)cccc1OC)N1CCCOCC1,0,O=C(CN1CCCOCC1)Oc1ccccc1,367.44200000000023,2.1267000000000005,66.46000000000001,0,7,9,2,1,0.631578947368421,26
CHEMBL116,CC(C)CN(C[C@@H](O)[C@H](Cc1ccccc1)NC(=O)O[C@H]1CCOC1)S(=O)(=O)c1ccc(N)cc1,1,O=C(NC(CCNS(=O)(=O)c1ccccc1)Cc1ccccc1)OC1CCOC1,505.63700000000034,2.4028,131.19,3,7,11,3,2,0.48,35
CHEMBL1201335,C[N+]1(C)CCC(OC(=O)C(O)(c2ccccc2)C2CCCC2)C1,1,O=C(OC1CC[NH2+]C1)C(c1ccccc1)C1CCCC1,318.43700000000024,2.4562999999999997,46.53,1,3,4,3,1,0.631578947368421,23
CHEMBL39676,N=C(N)c1cccc(/C=C(\C(=O)Nc2ccc(-c3ccccc3S(N)(=O)=O)cc2)c2ccccn2)c1,0,O=C(Nc1ccc(-c2ccccc2)cc1)C(=Cc1ccccc1)c1ccccn1,497.58000000000015,3.859370000000003,152.01999999999998,4,5,7,4,4,0.0,36
CHEMBL1257040,CN1CCN(CCCN2c3ccccc3Sc3ccc(C(F)(F)F)cc32)CC1,1,c1ccc2c(c1)Sc1ccccc1N2CCCN1CCNCC1,407.50500000000017,4.945600000000005,9.72,0,4,4,4,2,0.42857142857142855,28
CHEMBL2403108,Cc1cc(Nc2ncc(Cl)c(Nc3ccccc3S(=O)(=O)C(C)C)n2)c(OC(C)C)cc1C1CCNCC1,1,c1ccc(Nc2ccnc(Nc3ccc(C4CCNCC4)cc3)n2)cc1,558.1480000000001,6.361920000000006,105.24000000000001,3,8,9,4,3,0.42857142857142855,38
CHEMBL820,CS(=O)(=O)OCCCCOS(C)(=O)=O,1,,246.30599999999998,-0.2809999999999997,86.74000000000001,0,6,7,0,0,1.0,14
CHEMBL57,Cc1ccnc2c1NC(=O)c1cccnc1N2C1CC1,1,O=C1Nc2cccnc2N(C2CC2)c2ncccc21,266.30400000000003,2.6512200000000004,58.120000000000005,1,4,1,4,2,0.26666666666666666,20
CHEMBL1641647,CC(=O)OC[C@H]1O[C@@H](O[C@H]2C=C[C@@H](OCCCCCOc3cc(O)c4c(=O)c(-c5ccc(O)cc5)coc4c3)O[C@@H]2COC(C)=O)[C@H](OC(C)=O)[C@@H](OC(C)=O)[C@H]1OC(C)=O,0,O=c1c(-c2ccccc2)coc2cc(OCCCCCOC3C=CC(OC4CCCCO4)CO3)ccc12,856.8270000000001,3.7494000000000023,248.31999999999994,2,19,18,5,3,0.47619047619047616,61
CHEMBL239052,Cc1ccc([N+](=O)[O-])cc1S(=O)(=O)N(C)/N=C/c1ncn2ccccc12,0,O=S(=O)(NN=Cc1ncn2ccccc12)c1ccccc1,373.39400000000006,2.20552,110.17999999999999,0,6,5,3,3,0.125,26
CHEMBL1277648,CC(C)Cc1ccc(-c2cc(Cl)c(O)c(C(=O)O)c2)cc1,0,c1ccc(-c2ccccc2)cc1,304.77299999999997,4.609300000000003,57.53,2,2,4,2,2,0.23529411764705882,21
CHEMBL3680817,CCOc1ccc(C(=O)NC(C)(C)C(=O)Nc2nc(-c3ccccc3)c(Cc3ccccc3)s2)cc1OCC,0,O=C(CNC(=O)c1ccccc1)Nc1nc(-c2ccccc2)c(Cc2ccccc2)s1,543.6890000000001,6.345400000000006,89.55,2,6,11,4,4,0.25806451612903225,39
CHEMBL701,NCC(CC(=O)O)c1ccc(Cl)cc1,1,c1ccccc1,213.664,1.857,63.32000000000001,2,2,4,1,1,0.3,14
CHEMBL1270801,CO[C@H](C[C@H](CCN1CCN(c2ccccc2)CC1)C(=O)NO)c1ccc(F)cc1,0,c1ccc(CCCCCN2CCN(c3ccccc3)CC2)cc1,415.5090000000001,3.2372000000000014,65.04,2,5,9,3,2,0.43478260869565216,30
CHEMBL470998,C[C@@]12CC[C@@H]3[C@@](CC[C@H]4[C@@]3(C)CCC[C@@]4(C)C(=O)O)(CC(=O)O1)C2,0,O=C1CC23CCC4CCCCC4C2CCC(C3)O1,334.4560000000001,4.1696000000000035,63.599999999999994,1,3,1,4,0,0.9,24
CHEMBL1623112,CCOC(=O)c1c(C)n(C)c2ccc(OCC(O)CN3CCN(C)CC3)cc12,0,c1cc2cc(OCCCN3CCNCC3)ccc2[nH]1,389.49600000000027,1.6505200000000002,67.17,1,6,7,3,2,0.5714285714285714,28
CHEMBL1668,COC(=O)[C@H]1[C@H]2C[C@@H]3c4[nH]c5cc(OC)ccc5c4CCN3C[C@H]2C[C@@H](OC(=O)/C=C/c2cc(OC)c(OC)c(OC)c2)[C@@H]1OC,1,O=C(C=Cc1ccccc1)OC1CCC2CC3c4[nH]c5ccccc5c4CCN3CC2C1,634.7260000000003,4.570700000000004,117.78000000000003,1,10,9,6,3,0.4857142857142857,46
CHEMBL4173394,CCOc1ccc(Nc2ccc(/C(=C3C=C/C(=[N+](/CC)Cc4cccc(S(=O)(=O)[O-])c4)C=C/3C)c3ccc(N(CC)Cc4cccc(S(=O)(=O)O)c4)cc3C)cc2)cc1,1,C1=CC(=C(c2ccc(NCc3ccccc3)cc2)c2ccc(Nc3ccccc3)cc2)C=CC1=[NH+]Cc1ccccc1,832.0570000000001,9.306220000000003,139.07999999999998,2,8,15,6,5,0.2127659574468085,59
CHEMBL602135,COc1ccc(OC)c(Nc2nc(NCCO)c3ccccc3n2)c1,0,c1ccc(Nc2ncc3ccccc3n2)cc1,340.38300000000004,2.7948000000000004,88.53,3,7,7,3,3,0.2222222222222222,25
CHEMBL4559134,COc1ccc(CN2C3CC2CN(c2ccc(-c4cc(OCC(C)(C)O)cn5ncc(C#N)c45)cn2)C3)cn1,1,c1cncc(CN2C3CC2CN(c2ccc(-c4cccn5nccc45)cn2)C3)c1,525.6130000000003,3.2843800000000023,112.03999999999999,1,9,8,7,4,0.3793103448275862,39
CHEMBL1200782,C[C@H](N)Cc1ccccc1,1,c1ccccc1,135.20999999999998,1.5763,26.02,1,1,2,1,1,0.3333333333333333,10
CHEMBL2315539,Cc1cccc(C#Cc2ccc([C@H]3C[C@@H]3C(=O)O)cc2)c1,0,C(#Cc1ccc(C2CC2)cc1)c1ccccc1,276.335,3.5829200000000014,37.3,1,1,2,3,2,0.21052631578947367,21
CHEMBL1078261,CCCOC(C(=O)OC1CCN(C)CC1)(c1ccccc1)c1ccccc1,1,O=C(OC1CCNCC1)C(c1ccccc1)c1ccccc1,367.489,3.994200000000003,38.77,0,4,7,3,2,0.43478260869565216,27
CHEMBL1329455,CCOC(=O)[N-]c1c[n+](N2CCOCC2)no1,1,c1c[n+](N2CCOCC2)no1,242.23499999999993,0.09200000000000008,82.78000000000002,0,6,3,2,1,0.6666666666666666,17
CHEMBL474807,CN1CCN(c2cccc3[nH]c(-c4n[nH]c5cc(-c6ccc(CO)cc6)ccc45)nc23)CC1,0,c1ccc(-c2ccc3c(-c4nc5c(N6CCNCC6)cccc5[nH]4)n[nH]c3c2)cc1,438.5350000000002,4.017300000000002,84.07,3,5,4,6,5,0.23076923076923078,33
CHEMBL1605219,Cc1cc(O)nc(SCC(=O)N(CCC#N)c2ccccc2)c1C#N,0,O=C(CSc1ccccn1)Nc1ccccc1,352.41900000000004,3.006280000000001,101.00999999999999,1,6,6,2,2,0.2222222222222222,25
CHEMBL1201013,O=C(O)c1cc(/N=N/c2ccc(O)c(C(=O)O)c2)ccc1O,1,c1ccc(N=Nc2ccccc2)cc1,302.242,2.9096000000000006,139.78,4,6,4,2,2,0.0,22
CHEMBL90593,C[C@]12CC[C@H](O)CC1=CC[C@@H]1[C@@H]2CC[C@]2(C)C(=O)CC[C@@H]12,1,O=C1CCC2C1CCC1C3CCCCC3=CCC21,288.43100000000004,3.8792000000000035,37.3,1,2,0,4,0,0.8421052631578947,21
CHEMBL1888176,O=C(O[C@H]1C[C@H]2CC[C@@H](C1)[N+]21CCCC1)C(O)(c1ccccc1)c1ccccc1,1,O=C(OC1CC2CCC(C1)[N+]21CCCC1)C(c1ccccc1)c1ccccc1,392.519,3.769700000000003,46.53,1,3,4,5,2,0.48,29
CHEMBL4129403,O=C(O)c1ccc(CSc2ccccc2)o1,0,c1ccc(SCc2ccco2)cc1,234.276,3.270100000000001,50.44,1,3,4,2,2,0.08333333333333333,16
CHEMBL3502307,O=C(c1cc[nH]n1)N1CCC2(CC1)CC(Oc1cccnc1)CO2,0,O=C(c1cc[nH]n1)N1CCC2(CC1)CC(Oc1cccnc1)CO2,328.372,1.6474000000000002,80.34,1,5,3,4,2,0.47058823529411764,24
CHEMBL4089872,Oc1c(C(Nc2ccccn2)c2ccc(F)cc2F)cc(Cl)c2cccnc12,0,c1ccc(C(Nc2ccccn2)c2ccc3cccnc3c2)cc1,397.81200000000007,5.4685000000000015,58.04,2,4,4,4,4,0.047619047619047616,28
CHEMBL4103990,CCCCCCC#Cc1ccc(S(=O)(=O)Nc2cccc(-c3csc(NC(C)=O)n3)c2)cc1,0,O=S(=O)(Nc1cccc(-c2cscn2)c1)c1ccccc1,481.6430000000002,5.891200000000005,88.16000000000001,2,5,9,3,3,0.28,33
CHEMBL3973893,CN(c1ccc(-c2cccs2)cn1)[C@@H]1CCN(c2ncnc3[nH]ccc23)C1,0,c1csc(-c2ccc(NC3CCN(c4ncnc5[nH]ccc45)C3)nc2)c1,376.4890000000001,3.7965000000000018,60.940000000000005,1,6,4,5,4,0.25,27
CHEMBL2094613,CC(C)NCC(O)COc1cc2ccsc2c2ccccc12,0,c1ccc2c(c1)ccc1ccsc12,315.43800000000005,3.792200000000002,41.489999999999995,2,4,6,3,3,0.3333333333333333,22
CHEMBL2288268,Cc1cc(C)nc(-n2nc(C(F)(F)F)cc2C(F)(F)F)n1,0,c1cnc(-n2cccn2)nc1,310.20099999999996,3.316740000000001,43.6,0,3,1,2,2,0.36363636363636365,21
CHEMBL3443704,CCc1c(C)n(CC(C)=O)c2nc3ccccc3n2c1=O,0,O=c1cc[nH]c2nc3ccccc3n12,283.331,2.10902,56.37,0,3,3,3,3,0.3125,21
CHEMBL1089221,O=C(O)COc1nn(Cc2ccccc2)c2ccccc12,1,c1ccc(Cn2ncc3ccccc32)cc1,282.29900000000004,2.548,64.35,1,3,5,3,3,0.125,21
CHEMBL4284662,COc1ccc(-c2csc(N/N=C3\C[C@H]4CC[C@]3(C)C4(C)C)n2)cc1,0,c1ccc(-c2csc(NN=C3CC4CCC3C4)n2)cc1,355.50700000000006,5.432800000000005,46.51,1,5,4,4,2,0.5,25
CHEMBL564085,CO[C@H]1C[C@H](O[C@H]2[C@H](C)[C@@H](O[C@@H]3O[C@H](C)C[C@H](N(C)C)[C@H]3OC(C)=O)[C@@H](C)C[C@@]3(CO3)C(=O)[C@H](C)[C@@H](OC(C)=O)[C@@H](C)[C@@H](C)OC(=O)[C@@H]2C)O[C@@H](C)[C@@H]1OC(C)=O,1,O=C1CC(OC2CCCCO2)CC(OC2CCCCO2)CCC2(CO2)C(=O)CCCCO1,813.9790000000003,3.6209000000000087,184.18999999999997,0,16,9,4,0,0.8780487804878049,57
CHEMBL4246904,O=C(N[C@@H](c1ccc(C(F)(F)F)c(F)c1)c1ncccc1C(F)(F)F)c1ccc2cccnc2c1,0,O=C(NC(c1ccccc1)c1ccccn1)c1ccc2cccnc2c1,493.38200000000006,6.3259000000000025,54.88,1,3,4,4,4,0.125,35
CHEMBL1200659,CCOC(=O)[C@H](CCc1ccccc1)N[C@@H](C)C(=O)N1CCC[C@H]1C(=O)O,1,O=C(CNCCCc1ccccc1)N1CCCC1,376.45300000000026,1.6046,95.94000000000001,2,5,9,2,1,0.55,27
CHEMBL1596664,CC(=O)NCCNc1nc2c(-c3cccc(C(F)(F)F)c3)nnn2c2ccccc12,0,c1ccc(-c2nnn3c2ncc2ccccc23)cc1,414.3910000000001,3.511300000000002,84.21,2,5,5,4,4,0.2,30
CHEMBL1968497,CC(C)(C)C1(O)Cc2ccccc2C(=O)O1,0,O=C1OCCc2ccccc21,220.26799999999997,2.1342,46.53,1,3,0,2,1,0.46153846153846156,16
CHEMBL1021,NC(=O)Cc1cccc(C(=O)c2ccccc2)c1N,1,O=C(c1ccccc1)c1ccccc1,254.289,1.5276,86.18,2,3,4,2,2,0.06666666666666667,19
CHEMBL17157,CC(C)(C)c1ccc(C(O)CCCN2CCC(C(O)(c3ccccc3)c3ccccc3)CC2)cc1,1,c1ccc(CCCCN2CCC(C(c3ccccc3)c3ccccc3)CC2)cc1,471.6850000000001,6.445800000000008,43.7,2,3,8,4,3,0.4375,35
CHEMBL1201092,CCN(C)C(=O)Oc1cccc([C@H](C)N(C)C)c1,1,c1ccccc1,250.34199999999998,2.7597000000000014,32.78,0,3,4,1,1,0.5,18
CHEMBL4213524,Cc1ccc2c(c1)CCN2C(=O)c1ccc2c(n1)N(C1CC1)C(C)C(=O)N2C,0,O=C1CN(C2CC2)c2nc(C(=O)N3CCc4ccccc43)ccc2N1,376.4600000000002,2.9266200000000007,56.75000000000001,0,4,2,5,2,0.4090909090909091,28
CHEMBL3745999,COc1cnc(-n2cncn2)c2[nH]cc(C(=O)C(=O)N3CCc4c(cccc4-c4ccccn4)C3)c12,0,O=C(C(=O)N1CCc2c(cccc2-c2ccccn2)C1)c1c[nH]c2c(-n3cncn3)nccc12,479.50000000000034,2.9818000000000007,118.88999999999999,1,7,5,6,5,0.15384615384615385,36
CHEMBL100954,Cc1ccc(CCOC(c2ccccc2)(c2ccccc2)C(Oc2nc(C)cc(C)n2)C(=O)O)cc1,0,c1ccc(CCOC(COc2ncccn2)(c2ccccc2)c2ccccc2)cc1,482.58000000000027,5.4369600000000045,81.54,1,5,10,4,4,0.23333333333333334,36
CHEMBL1095086,COc1cc2oc3c(S(=O)(=O)NCc4ccc5ccccc5c4)c(OC)cc(OC)c3c(=O)c2cc1OC,0,O=c1c2ccccc2oc2c(S(=O)(=O)NCc3ccc4ccccc4c3)cccc12,535.5740000000003,4.612300000000004,113.3,1,8,8,5,5,0.17857142857142858,38
CHEMBL3682149,O=C(c1nc2ccccc2[nH]1)N1CCC(c2ncccc2N2CCc3ccccc32)CC1,0,O=C(c1nc2ccccc2[nH]1)N1CCC(c2ncccc2N2CCc3ccccc32)CC1,423.52000000000027,4.671900000000004,65.12,1,4,3,6,4,0.2692307692307692,32
CHEMBL880,CC(=O)OCC(CCn1cnc2cnc(N)nc21)COC(C)=O,1,c1ncc2nc[nH]c2n1,321.33700000000016,0.5409999999999998,122.22,1,8,7,2,2,0.5,23
CHEMBL41483,CNc1cc(NC(=O)OC)ccc1Nc1c2ccccc2nc2cc(C)ccc12,0,c1ccc(Nc2c3ccccc3nc3ccccc23)cc1,386.45500000000015,5.660020000000004,75.28,3,5,4,4,4,0.13043478260869565,29
CHEMBL1532376,COc1ccc(NC(=O)C2CCCN(c3ncnc4onc(-c5ccc(F)cc5)c34)C2)cc1,0,O=C(Nc1ccccc1)C1CCCN(c2ncnc3onc(-c4ccccc4)c23)C1,447.4700000000002,4.287600000000003,93.38,1,7,5,5,4,0.25,33
CHEMBL2105745,O=C(CCCc1ccccc1)OCC(COC(=O)CCCc1ccccc1)OC(=O)CCCc1ccccc1,1,O=C(CCCc1ccccc1)OCC(COC(=O)CCCc1ccccc1)OC(=O)CCCc1ccccc1,530.6610000000004,6.053300000000006,78.9,0,6,17,3,3,0.36363636363636365,39
CHEMBL1200326,COC(=O)C1=C(C)NC(C)=C(C(=O)OCCN(C)Cc2ccccc2)C1c1cccc([N+](=O)[O-])c1,1,O=C(OCCNCc1ccccc1)C1=CNC=CC1c1ccccc1,479.5330000000002,3.677800000000002,111.00999999999999,1,8,9,3,2,0.3076923076923077,35
CHEMBL4228129,COc1ccc2nccc(CC[C@H]3CC[C@H](NCc4ccc5c(n4)NC(=O)CO5)CC3)c2c1,0,O=C1COc2ccc(CNC3CCC(CCc4ccnc5ccccc45)CC3)nc2N1,446.5510000000002,4.250500000000002,85.37,2,6,7,5,3,0.4230769230769231,33
CHEMBL1801800,O=C(Nc1ccccc1)c1cc(Br)cc(Br)c1O,1,O=C(Nc1ccccc1)c1ccccc1,371.028,4.169500000000002,49.33,2,2,2,2,2,0.0,18
CHEMBL186102,CC(C)(COC(=O)c1ccc2ccccc2c1O)CC1=CC(=O)c2ccccc2C1=O,0,O=C(OCCCC1=CC(=O)c2ccccc2C1=O)c1ccc2ccccc2c1,414.4570000000002,5.124100000000006,80.67,1,5,5,4,3,0.19230769230769232,31
CHEMBL3137329,NC(=O)c1cnc2[nH]ccc2c1N[C@@H]1[C@@H]2CC3C[C@H]1C[C@@](O)(C3)C2,1,c1cc(NC2C3CC4CC(C3)CC2C4)c2cc[nH]c2n1,326.40000000000015,2.0133,104.03000000000002,4,4,3,6,2,0.5555555555555556,24
CHEMBL1422771,COc1ccc(S(=O)(=O)NCC2CCCN(C(=O)CN3CCCCC3)C2)cc1,0,O=C(CN1CCCCC1)N1CCCC(CNS(=O)(=O)c2ccccc2)C1,409.5520000000003,1.6980000000000002,78.95,1,5,7,3,1,0.65,28
CHEMBL162789,NC(Cc1c[nH]c2ccc(O)cc12)C(=O)O,0,c1ccc2[nH]ccc2c1,220.22799999999998,0.8279000000000003,99.34000000000002,4,3,3,2,2,0.18181818181818182,16
CHEMBL1455050,CCCN1CCC(NC(=O)CC2C(=O)NCCN2Cc2cccc(OC)c2)CC1,0,O=C(CC1C(=O)NCCN1Cc1ccccc1)NC1CCNCC1,402.5390000000002,1.3763000000000014,73.91000000000001,2,5,8,3,1,0.6363636363636364,29
CHEMBL1600808,COc1ccccc1C(=O)C1CCCN(C(=O)c2cccnc2SC)C1,0,O=C(c1ccccc1)C1CCCN(C(=O)c2cccnc2)C1,370.47400000000005,3.547200000000003,59.5,0,5,5,3,2,0.35,26
CHEMBL1909286,CC(COc1ccccc1)NN,1,c1ccccc1,166.224,0.9172000000000002,47.28,2,3,4,1,1,0.3333333333333333,12
CHEMBL1657,CCOC(=O)c1ccc(C#Cc2ccc3c(c2)C(C)(C)CCS3)nc1,1,C(#Cc1ccccn1)c1ccc2c(c1)CCCS2,351.47100000000006,4.431500000000004,39.19,0,4,2,3,2,0.3333333333333333,25
CHEMBL1201251,Oc1ccc(CCCCNC[C@H](O)c2ccc(O)c(O)c2)cc1,1,c1ccc(CCCCNCCc2ccccc2)cc1,317.38500000000005,2.449300000000001,92.95,5,5,8,2,2,0.3333333333333333,23
CHEMBL1595665,CCN=C(S)NNC(=O)c1cc(C)nc2ccccc12,0,c1ccc2ncccc2c1,288.37600000000003,2.0833199999999996,66.38,3,3,2,2,2,0.21428571428571427,20
CHEMBL3919130,Clc1ccc2c(NC3=NC[C@]4(CN5CCC4CC5)O3)ncnn12,0,c1cc2c(NC3=NCC4(CN5CCC4CC5)O3)ncnn2c1,332.795,1.6451999999999993,67.05,1,6,1,6,2,0.5333333333333333,23
CHEMBL3234876,Cc1cccc(Nc2sc(-c3cccc(C(F)(F)F)c3)cc2C(N)=O)n1,0,c1ccc(-c2ccc(Nc3ccccn3)s2)cc1,377.3910000000001,4.979820000000003,68.00999999999999,2,4,4,3,3,0.1111111111111111,26
CHEMBL4130078,C[C@@H]1CC[C@@H]2[C@@H](C1)OC(C)(C)C[C@@]2(C)O,0,C1CCC2OCCCC2C1,212.33299999999997,2.7411000000000016,29.46,1,2,0,2,0,1.0,15
CHEMBL1200848,CCCCCC(=O)O[C@]1(C(C)=O)CC[C@H]2[C@@H]3CCC4=CC(=O)CC[C@]4(C)[C@H]3CC[C@@]21C,1,O=C1C=C2CCC3C4CCCC4CCC3C2CC1,428.6130000000003,5.969600000000007,60.440000000000005,0,4,6,4,0,0.8148148148148148,31
CHEMBL267345,C[C@@H]1[C@H](O)[C@@H](C)/C=C/C=C/C=C/C=C/C=C/C=C/C=C/[C@H](O[C@@H]2O[C@H](C)[C@@H](O)[C@H](N)[C@@H]2O)C[C@@H]2O[C@](O)(C[C@@H](O)C[C@@H](O)[C@H](O)CC[C@@H](O)C[C@@H](O)CC(=O)O[C@H]1C)C[C@H](O)[C@H]2C(=O)O,1,O=C1CCCCCCCCCCCC2CCCC(CC(OC3CCCCO3)C=CC=CC=CC=CC=CC=CC=CCCCCO1)O2,924.0910000000002,0.7117000000000053,319.60999999999996,12,17,3,3,0,0.6595744680851063,65
CHEMBL3989676,CCCCC1C(=O)N(c2ccccc2)N(c2ccc(O)cc2)C1=O,1,O=C1CC(=O)N(c2ccccc2)N1c1ccccc1,324.38000000000005,3.493400000000002,60.85,1,3,5,3,2,0.2631578947368421,24
CHEMBL915,CCCc1c2oc(C(=O)O)cc(=O)c2cc2c(=O)cc(C(=O)O)n(CC)c12,1,O=c1cc[nH]c2cc3occc(=O)c3cc12,371.34500000000014,2.476700000000001,126.80999999999997,2,5,5,3,3,0.2631578947368421,27
CHEMBL3590152,CN(C)CCn1c2ccccc2c(=O)c2cc3ncn(-c4ccccc4)c3nc21,0,O=c1c2ccccc2[nH]c2nc3c(cc12)ncn3-c1ccccc1,383.4550000000001,3.4502000000000024,55.95,0,4,4,5,5,0.17391304347826086,29
CHEMBL4298150,CCc1cc(/C(C)=N/OCc2ccc(C3CCCCC3)c(C(F)(F)F)c2)ccc1CN1CC(C(=O)O)C1,1,C(=NOCc1ccc(C2CCCCC2)cc1)c1ccc(CN2CCC2)cc1,516.6040000000002,6.7727000000000075,62.129999999999995,1,4,9,4,2,0.5172413793103449,37
CHEMBL1475847,CN(C1CCCCC1)S(=O)(=O)c1cn(C)c(=O)n(C)c1=O,0,O=c1[nH]cc(S(=O)(=O)NC2CCCCC2)c(=O)[nH]1,315.3950000000001,0.03720000000000101,81.38,0,4,3,2,1,0.6923076923076923,21
CHEMBL1200517,CN1C[C@H](C(=O)N[C@]2(C)O[C@@]3(O)[C@@H]4CCCN4C(=O)[C@H](Cc4ccccc4)N3C2=O)C[C@@H]2c3cccc4[nH]cc(c34)C[C@H]21,1,O=C(NC1OC2C3CCCN3C(=O)C(Cc3ccccc3)N2C1=O)C1CNC2Cc3c[nH]c4cccc(c34)C2C1,583.6890000000001,2.0811000000000024,118.21000000000001,3,6,4,8,3,0.48484848484848486,43
CHEMBL1201032,CN(C)CCc1c[nH]c2ccc(Cn3cncn3)cc12,1,c1ncn(Cc2ccc3[nH]ccc3c2)n1,269.35200000000003,1.9118000000000002,49.74,1,3,5,3,3,0.3333333333333333,20
CHEMBL2106915,COc1cc2c(cc1OC)C(CCc1ccc(Cl)cc1)N(C)CC2,1,c1ccc(CCC2NCCc3ccccc32)cc1,345.8700000000001,4.519000000000005,21.700000000000003,0,3,5,3,2,0.4,24
CHEMBL2107495,CC1CN(c2cc3c(cc2F)c(=O)c(C(=O)O)cn3-c2ccc(F)cc2F)CCN1,1,O=c1ccn(-c2ccccc2)c2cc(N3CCNCC3)ccc12,417.38700000000006,2.904300000000001,74.57,2,4,3,4,3,0.23809523809523808,30
CHEMBL379191,Nc1nc(N)c(-c2ccc(NC(=O)C3CCCC3)cc2)c(COCc2ccccc2)n1,0,O=C(Nc1ccc(-c2cncnc2COCc2ccccc2)cc1)C1CCCC1,417.51300000000015,4.153500000000004,116.15,3,6,7,4,3,0.2916666666666667,31
CHEMBL1201010,CC(=O)OCC(=O)[C@@]1(O)CC[C@H]2[C@@H]3CCC4=CC(=O)CC[C@]4(C)[C@@]3(F)[C@@H](O)C[C@@]21C,1,O=C1C=C2CCC3C4CCCC4CCC3C2CC1,422.4930000000002,2.4445000000000006,100.90000000000002,2,6,3,4,0,0.782608695652174,30
CHEMBL1200870,CC(C)(C)NC[C@H](O)COc1nsnc1N1CCOCC1,1,c1nsnc1N1CCOCC1,316.4270000000002,0.5024999999999997,79.74,2,8,6,2,1,0.8461538461538461,21
CHEMBL429964,CCOC(=O)CC(c1nc(-c2ccc(OC)cc2)c(-c2ccc(OC)cc2)s1)N1CCN(C)CC1,0,c1ccc(-c2nc(CN3CCNCC3)sc2-c2ccccc2)cc1,495.6450000000003,4.736000000000004,64.13000000000001,0,8,9,4,3,0.4074074074074074,35
CHEMBL1676,C[C@@H]1C[C@H]2[C@@H]3C[C@H](F)C4=CC(=O)C=C[C@]4(C)[C@@]3(F)[C@@H](O)C[C@]2(C)[C@@]1(OC(=O)c1ccco1)C(=O)SCF,1,O=C1C=CC2C(=C1)CCC1C2CCC2C(OC(=O)c3ccco3)CCC21,538.5840000000003,4.9268000000000045,93.81,1,7,4,5,1,0.5925925925925926,37
CHEMBL1865134,CC(C)(C)c1ccc2c(S(=O)(=O)O)c(C(C)(C)C)ccc2c1,1,c1ccc2ccccc2c1,320.454,4.681500000000004,54.370000000000005,1,2,1,2,2,0.4444444444444444,22
CHEMBL1450,O=C1C(O)=C([C@H]2CC[C@H](c3ccc(Cl)cc3)CC2)C(=O)c2ccccc21,1,O=C1C=C(C2CCC(c3ccccc3)CC2)C(=O)c2ccccc21,366.84400000000016,5.505100000000004,54.37,1,3,2,4,2,0.2727272727272727,26
CHEMBL2216870,CC[C@H](Nc1ncnc2[nH]cnc12)c1nc2cccc(F)c2c(=O)n1-c1ccccc1,1,O=c1c2ccccc2nc(CNc2ncnc3[nH]cnc23)n1-c1ccccc1,415.43200000000013,3.7543000000000015,101.38000000000002,2,6,5,5,5,0.13636363636363635,31
CHEMBL1502520,CCN(CC)C(=O)CSc1nnc(COc2ccc(OC)cc2)n1N,0,c1ccc(OCc2nnc[nH]2)cc1,365.45900000000006,1.5399999999999998,95.50000000000001,1,7,9,2,2,0.4375,25
CHEMBL3446569,O=C(c1cc2cccc(F)c2[nH]1)N1C[C@@H](O)[C@H](N2CCCC2)C1,0,O=C(c1cc2ccccc2[nH]1)N1CCC(N2CCCC2)C1,317.3640000000002,1.5881,59.57,2,3,2,4,2,0.47058823529411764,23
CHEMBL1201120,CCC(=O)N(c1ccccc1)C1(C(=O)OC)CCN(CCC(=O)OC)CC1,1,c1ccc(NC2CCNCC2)cc1,376.4530000000002,2.0002999999999997,76.15,0,6,7,2,1,0.55,27
CHEMBL3188034,Cc1ccc(/C(=C\CN2CCCC2)c2ccccn2)cc1,1,C(CN1CCCC1)=C(c1ccccc1)c1ccccn1,278.399,3.917520000000003,16.130000000000003,0,2,4,3,2,0.3157894736842105,21
CHEMBL603555,O=c1[nH]c(=O)n(C2O[C@H](COP(=O)(O)O)[C@@H](O)[C@@H]2O)cc1F,0,O=c1ccn(C2CCCO2)c(=O)[nH]1,342.17199999999997,-2.5957999999999988,171.31,5,7,4,2,1,0.5555555555555556,22
CHEMBL427216,Cc1ccc(S(=O)(=O)NC(=O)NN2CC3CCCC3C2)cc1,1,O=C(NN1CC2CCCC2C1)NS(=O)(=O)c1ccccc1,323.4180000000001,1.6298199999999994,78.50999999999999,2,4,3,3,1,0.5333333333333333,22
CHEMBL2448613,CC(C)COc1ccc(CNC(=O)N(Cc2ccc(F)cc2)C2CCN(C)CC2)cc1,1,O=C(NCc1ccccc1)N(Cc1ccccc1)C1CCNCC1,427.5640000000002,4.6665000000000045,44.81,1,3,8,3,2,0.48,31
CHEMBL1746,O=C(O)CCCc1ccccc1,1,c1ccccc1,164.204,2.0939,37.3,1,1,4,1,1,0.3,12
CHEMBL6067998,Oc1ccc2c(c1)CC[C@H](c1ccccc1)[C@@H]2c1ccc(OCCN2CCCC2)cc1,1,c1ccc(C2CCc3ccccc3C2c2ccc(OCCN3CCCC3)cc2)cc1,413.5610000000004,5.728700000000006,32.7,1,3,6,5,3,0.35714285714285715,31
CHEMBL1201110,CC(C)[C@H](N)C(=O)OCCOCn1cnc2c(=O)nc(N)[nH]c21,1,O=c1nc[nH]c2[nH]cnc12,324.341,-0.7975999999999985,151.14000000000001,3,8,7,2,2,0.5384615384615384,23
CHEMBL3989529,CCCCCCCC/C=C\CCCCCCCC(=O)O,1,,282.4679999999999,6.1085000000000065,37.3,1,1,15,0,0,0.8333333333333334,20
CHEMBL1599371,O=C(NN1C(=O)c2ccccc2NC1c1ccoc1)c1ccccc1,0,O=C(NN1C(=O)c2ccccc2NC1c1ccoc1)c1ccccc1,333.34700000000004,3.1911000000000014,74.58000000000001,2,4,3,4,3,0.05263157894736842,25
CHEMBL3924128,CN[C@@H](C)C(=O)N[C@H]1COc2ccccc2N(Cc2ccccc2OC)C1=O,0,O=C1CCOc2ccccc2N1Cc1ccccc1,383.44800000000015,1.713499999999999,79.9,2,5,6,3,2,0.3333333333333333,28
CHEMBL93942,CC(C)S(=O)(=O)n1c(CCc2ccccn2)nc2ccccc21,0,c1ccc(CCc2nc3ccccc3[nH]2)nc1,329.42500000000007,2.8028000000000013,64.85,0,4,5,3,3,0.29411764705882354,23
CHEMBL1200874,CCCCNC(=O)NS(=O)(=O)c1ccc(C)cc1,1,c1ccccc1,270.354,1.78302,75.27000000000001,2,3,5,1,1,0.4166666666666667,18
CHEMBL1200588,CCC[C@@H]1C[C@@H](C(=O)N[C@@H]([C@H]2O[C@H](SC)[C@H](O)[C@@H](O)[C@H]2O)[C@H](C)Cl)N(C)C1,1,O=C(NCC1CCCCO1)C1CCCN1,424.9910000000001,0.3895000000000004,102.26,4,7,7,2,0,0.9444444444444444,27
CHEMBL1237122,CCCCC[C@](C)(O)/C=C/[C@@H]1[C@@H](C/C=C\CCCC(=O)O)[C@@H](O)C[C@H]1O,1,C1CCCC1,368.51400000000007,3.433000000000002,97.99000000000001,4,4,12,1,0,0.7619047619047619,26
CHEMBL1501833,O=[N+]([O-])c1ncn(CCn2cnc([N+](=O)[O-])n2)n1,0,c1ncn(CCn2cncn2)n1,254.16600000000003,-0.6138000000000001,147.7,0,8,5,2,2,0.3333333333333333,18
CHEMBL396909,COC(=O)[C@@H](NC(=O)/C=C/C(C)(C)C/C=C(\C)CC/C=C(\C)Br)[C@@H](C)O,0,,430.3830000000001,4.022700000000004,75.63,2,4,10,0,0,0.6,26
CHEMBL1381943,CC1CCCCN1Cc1ccc(-c2nnn(CC(=O)NC3CCCCC3)n2)cc1,0,O=C(Cn1nnc(-c2ccc(CN3CCCCC3)cc2)n1)NC1CCCCC1,396.53900000000027,3.163400000000001,75.94,1,5,6,4,2,0.6363636363636364,29
CHEMBL3103639,CN1Cc2cc(-c3ccc(/C=C4/NC(=S)NC4=O)s3)ccc2C1=O,0,O=C1NC(=S)NC1=Cc1ccc(-c2ccc3c(c2)CNC3=O)s1,355.4440000000001,2.3459000000000003,61.44,2,4,2,4,2,0.11764705882352941,24
CHEMBL1201303,Cc1cc(/C=C/c2ccc3cc(N(C)C)ccc3[n+]2C)c(C)n1-c1ccccc1,1,C(=Cc1ccc2ccccc2[nH+]1)c1ccn(-c2ccccc2)c1,382.5310000000001,5.308240000000004,12.05,0,1,4,4,4,0.19230769230769232,29
CHEMBL219076,CC(=O)NCC=C(c1ccccc1)c1ccccc1,0,C=C(c1ccccc1)c1ccccc1,251.32900000000004,3.254400000000002,29.1,1,1,4,2,2,0.11764705882352941,19
CHEMBL3930088,CCc1c(-c2cnc3ccc(N(CCNCC(F)(F)F)c4cc(OC)cc(OC)c4)cc3n2)cnn1C,0,c1ccc(Nc2ccc3ncc(-c4cn[nH]c4)nc3c2)cc1,514.5520000000001,4.899900000000003,77.33000000000001,1,7,10,4,4,0.34615384615384615,37
CHEMBL1908906,CNc1ccc(/C=C/c2ccc(OCCOCCOCCF)cc2)cc1,1,C(=Cc1ccccc1)c1ccccc1,359.44100000000003,4.280200000000003,39.72,1,4,12,2,2,0.3333333333333333,26
CHEMBL3990047,CNc1ncc(-c2ccc3c(=O)c(C(=O)O)cn(C4CC4)c3c2C)cc1C,1,O=c1ccn(C2CC2)c2cc(-c3cccnc3)ccc12,363.41700000000014,3.7551400000000026,84.22,2,4,4,4,3,0.2857142857142857,27
CHEMBL3643413,CCC(=O)N1CC[C@H](Nc2ncnc3c2CN(c2cnc(OC)c(C(F)(F)F)c2)CC3)C1,1,c1cncc(N2CCc3ncnc(NC4CCNC4)c3C2)c1,450.4650000000002,2.884500000000002,83.48,1,7,5,4,2,0.5238095238095238,32
CHEMBL46286,COC(=O)C[C@](O)(CCCC(C)(C)O)C(=O)O[C@@H]1C(OC)=C[C@]23CCCN2CCc2cc4c(cc2[C@H]13)OCO4,1,C1=CC23CCCN2CCc2cc4c(cc2C3C1)OCO4,545.6290000000004,2.5807,123.99000000000002,2,10,9,5,1,0.6551724137931034,39
CHEMBL2107830,OC[C@H]1O[C@@H](c2ccc(Cl)c(Cc3ccc(O[C@H]4CCOC4)cc3)c2)[C@H](O)[C@@H](O)[C@@H]1O,1,c1cc(Cc2ccc(OC3CCOC3)cc2)cc(C2CCCCO2)c1,450.91500000000013,1.6133999999999993,108.61000000000001,4,7,6,4,2,0.4782608695652174,31
CHEMBL1201320,COc1ccc2[nH]c([S@@+]([O-])Cc3ncc(C)c(OC)c3C)nc2c1,1,c1ccc(C[SH+]c2nc3ccccc3[nH]2)nc1,345.4240000000001,2.8997400000000013,83.09,1,5,5,3,3,0.29411764705882354,24
CHEMBL3260977,CC(NCCCN(C)C)[C@H]1[C@@H](O)C[C@H]2[C@@H]3CC[C@H]4C[C@@H](O)CC[C@]4(C)[C@H]3CC[C@@]21C,0,C1CCC2C(C1)CCC1C3CCCC3CCC21,420.6820000000003,3.9068000000000014,55.730000000000004,3,4,6,4,0,1.0,30
CHEMBL110,O=C(Cn1ccnc1[N+](=O)[O-])NCc1ccccc1,1,O=C(Cn1ccnc1)NCc1ccccc1,260.253,1.1077,90.06,1,4,5,2,2,0.16666666666666666,19
CHEMBL3553926,COCC1CN(Cc2ccc(C)o2)Cc2cn(C)nc21,0,c1coc(CN2CCc3n[nH]cc3C2)c1,275.35200000000003,2.06732,43.43,0,4,4,3,2,0.5333333333333333,20
CHEMBL1684272,O=C(Nc1cccc2[nH]ncc12)N[C@H]1CCOc2cc(C(F)(F)F)ccc21,0,O=C(Nc1cccc2[nH]ncc12)NC1CCOc2ccccc21,376.338,4.227000000000002,79.04,3,3,2,4,3,0.2222222222222222,27
CHEMBL2042689,O=C(O)c1cc(CN2CCN(c3ccccc3)C(=O)C2)c2ccccn2c1=O,0,O=C1CN(Cc2ccc(=O)n3ccccc23)CCN1c1ccccc1,377.40000000000015,1.8464999999999998,82.33000000000001,1,4,4,4,3,0.19047619047619047,28
CHEMBL216820,CN1CCN(CCCN(C(=O)Nc2ccc(F)c(Cl)c2)[C@@H]2CC[C@]3(c4cccc(C#N)c4)C[C@@H]3C2)CC1,0,O=C(Nc1ccccc1)N(CCCN1CCNCC1)C1CCC2(c3ccccc3)CC2C1,524.0840000000003,5.332580000000005,62.61,1,4,7,5,2,0.5172413793103449,37
CHEMBL3499838,CN(C)C(=O)N[C@H]1CN(Cc2ccc3c(c2)OCO3)[C@@H]2CCCO[C@H]12,0,c1cc2c(cc1CN1CCC3OCCCC31)OCO2,347.41500000000013,1.4182999999999997,63.27000000000001,1,5,3,4,1,0.6111111111111112,25
CHEMBL3485862,CN1CC2(CCN(CCCOCc3ccccc3)CC2)OC1=O,0,O=C1NCC2(CCN(CCCOCc3ccccc3)CC2)O1,318.41700000000014,2.509900000000001,42.010000000000005,0,4,6,3,1,0.6111111111111112,23
CHEMBL2356023,CC(C)[C@@H](C)/C=C/[C@@H](C)[C@H]1CC[C@H]2/C(=C/C=C3\C[C@@H](O)CC[C@@H]3C)CCC[C@]12C,1,C(C=C1CCCC2CCCC12)=C1CCCCC1,398.67500000000024,7.720900000000009,20.23,1,1,5,3,0,0.7857142857142857,29
CHEMBL5315117,CC(=O)N[C@H]1[C@H]([C@H](O)[C@H](O)CO)OC(C(=O)O)=C[C@@H]1NC(=N)N,1,C1=COCCC1,332.313,-3.5758299999999963,198.22,8,7,6,1,0,0.5833333333333334,23
CHEMBL3989402,CCC(CC)[C@H](NC(C)=O)[C@@H]1[C@H](O)[C@@H](C(=O)O)C[C@H]1NC(=N)N,1,C1CCCC1,328.413,-0.1394299999999976,148.53000000000003,6,4,7,1,0,0.8,23
CHEMBL1536,C=C1CC[C@H](O)C/C1=C/C=C1\CCC[C@]2(C)[C@@H]([C@H](C)/C=C/[C@H](C)C(C)C)CC[C@@H]12,1,C=C1CCCCC1=CC=C1CCCC2CCCC12,396.6590000000001,7.641000000000008,20.23,1,1,5,3,0,0.7142857142857143,29
CHEMBL1199917,Fc1ccc(C(OCCN2CC3CC(C2)N3C/C=C/c2cccs2)c2ccc(F)cc2)cc1,0,C(=Cc1cccs1)CN1C2CC1CN(CCOC(c1ccccc1)c1ccccc1)C2,466.5970000000001,5.604200000000006,15.71,0,4,9,6,3,0.3333333333333333,33
CHEMBL3247699,CCOC(=O)c1nc2sc(C(C)=O)c(C)c2c(=O)[nH]1,0,O=c1[nH]cnc2sccc12,280.30499999999995,1.67232,89.12,1,6,3,2,2,0.3333333333333333,19
CHEMBL3719073,N#Cc1ccc(NC(=O)c2c(Cl)cccc2Cl)cc1,0,O=C(Nc1ccccc1)c1ccccc1,291.137,4.117380000000002,52.89,1,2,2,2,2,0.0,19
CHEMBL169694,Nc1ccc(NC(=O)Nc2ccncc2)cc1,0,O=C(Nc1ccccc1)Nc1ccncc1,228.25500000000005,2.3078000000000003,80.03999999999999,3,3,2,2,2,0.0,17
CHEMBL1505264,CCN(CC)CCN(Cc1cc2cc3c(cc2nc1O)OCO3)C(S)=NCC1CCCO1,0,C(=NCC1CCCO1)NCc1cnc2cc3c(cc2c1)OCO3,460.6000000000003,3.277700000000001,79.65,2,7,9,4,2,0.5652173913043478,32
CHEMBL2107831,CCCCCCO[C@@H](C)c1cccc(-c2csc(NC(=O)c3cc(Cl)c(/C=C(\C)C(=O)O)c(Cl)c3)n2)c1OC,1,O=C(Nc1nc(-c2ccccc2)cs1)c1ccccc1,591.5570000000001,8.523600000000004,97.75,2,6,13,3,3,0.3448275862068966,39
CHEMBL3329547,CC(=O)Nn1c(S)nnc1-c1ccncc1,0,c1cc(-c2nnc[nH]2)ccn1,235.27200000000002,0.7187999999999997,72.7,2,5,2,2,2,0.1111111111111111,16
CHEMBL1200831,CCOC(=O)[C@H](CCc1ccccc1)N[C@@H](C)C(=O)N1CC2(C[C@H]1C(=O)O)SCCS2,1,O=C(CNCCCc1ccccc1)N1CCC2(C1)SCCS2,466.62500000000034,2.3908000000000005,95.94000000000001,2,7,9,3,1,0.5909090909090909,31
CHEMBL1201786,CCCCCCCCCCCC(=O)OCCNC(=O)C[n+]1ccccc1,1,c1cc[nH+]cc1,363.52200000000005,3.554400000000001,59.28,1,3,15,1,1,0.6666666666666666,26
CHEMBL4208229,O=C(Nc1ccc(OC(F)(F)Cl)cc1)c1cnc(N2CC[C@@H](O)C2)c(-c2cc[nH]n2)c1,1,O=C(Nc1ccccc1)c1cnc(N2CCCC2)c(-c2cc[nH]n2)c1,449.8450000000002,3.462900000000001,103.36999999999999,3,6,6,4,3,0.25,31
CHEMBL1397,CC[C@@H]([C@H](C)O)n1ncn(-c2ccc(N3CCN(c4ccc(OC[C@@H]5CO[C@@](Cn6cncn6)(c6ccc(F)cc6F)C5)cc4)CC3)cc2)c1=O,1,O=c1[nH]ncn1-c1ccc(N2CCN(c3ccc(OCC4COC(Cn5cncn5)(c5ccccc5)C4)cc3)CC2)cc1,700.7910000000002,4.573200000000004,115.69999999999999,1,9,12,7,5,0.40540540540540543,51
CHEMBL3716943,Cn1cc(C(=O)c2cc(Cl)ccc2NS(=O)(=O)c2ccc(C(C)(C)C)cc2)nn1,0,O=C(c1c[nH]nn1)c1ccccc1NS(=O)(=O)c1ccccc1,432.93300000000016,3.7978000000000023,93.95,1,5,5,3,3,0.25,29
CHEMBL345714,Cc1cnc(C(=O)O)c[n+]1[O-],1,c1c[nH+]ccn1,154.12499999999997,-0.2783799999999999,77.13,1,3,1,1,1,0.16666666666666666,11
CHEMBL5314600,CC#CC(=O)N1CC[C@@H](n2c(=O)n(-c3ccc(Oc4ccccc4)cc3)c3c(N)ncnc32)C1,1,O=c1n(-c2ccc(Oc3ccccc3)cc2)c2cncnc2n1C1CCNC1,454.4900000000002,2.7534,108.27,1,6,4,5,4,0.2,34
CHEMBL1624355,CCCC(=O)N(CCN1CCOCC1)c1nc2cc(C)c(C)cc2s1,0,c1ccc2sc(NCCN3CCOCC3)nc2c1,361.5110000000001,3.378440000000002,45.67,0,5,6,3,2,0.5789473684210527,25
CHEMBL2107383,COc1ccc(CCO[C@@H]2CCCC[C@H]2N2CC[C@@H](O)C2)cc1OC,1,c1ccc(CCOC2CCCCC2N2CCCC2)cc1,349.47100000000006,2.6407000000000007,51.16000000000001,1,5,7,3,1,0.7,25
CHEMBL2110636,CCCC(=O)Nc1c(I)cc(I)c(/C=C(\CC)C(=O)O)c1I,1,c1ccccc1,639.0090000000001,5.117000000000003,66.4,2,2,6,1,1,0.3333333333333333,22
CHEMBL236959,OC(CN(Cc1cccc2c1OC(F)(F)C(F)(F)O2)c1cccc(Oc2ccccc2)c1)C(F)(F)F,0,c1ccc(Oc2cccc(NCc3cccc4c3OCCO4)c2)cc1,517.3970000000002,6.365500000000005,51.16000000000001,1,5,7,4,3,0.25,36
CHEMBL338802,N=C(N)NS(=O)(=O)c1ccc(N)cc1,1,c1ccccc1,214.25,-0.5594299999999999,122.05999999999999,4,4,2,1,1,0.0,14
CHEMBL2105729,CC(C)(C)c1nc(-c2cccc(NS(=O)(=O)c3c(F)cccc3F)c2F)c(-c2ccnc(N)n2)s1,1,O=S(=O)(Nc1cccc(-c2ncsc2-c2ccncn2)c1)c1ccccc1,519.5740000000002,5.364900000000003,110.86,2,7,5,4,4,0.17391304347826086,35
CHEMBL3355358,COC(=O)[C@]1(C)CCC[C@]2(C)c3ccc(O)cc3CC[C@@H]12,0,c1ccc2c(c1)CCC1CCCCC21,288.38700000000006,3.5755000000000026,46.53,1,3,1,3,1,0.6111111111111112,21
CHEMBL1200769,CN(C)CCN(Cc1ccccc1)c1ccccn1,1,c1ccc(CNc2ccccn2)cc1,255.36500000000004,2.649800000000001,19.37,0,3,6,2,2,0.3125,19
CHEMBL312043,O=S1(=O)c2cccc3cccc(c23)N1CCCN1CCN(c2ncccn2)CC1,0,O=S1(=O)c2cccc3cccc(c23)N1CCCN1CCN(c2ncccn2)CC1,409.51500000000016,2.3508000000000004,69.64000000000001,0,6,5,5,3,0.3333333333333333,29
CHEMBL2220993,NCCCC[C@H](NC(=O)[C@@H](N)CCCCN)C(=O)Nc1ccc(C#Cc2c(F)c(F)nc(F)c2F)cc1,0,C(#Cc1ccncc1)c1ccccc1,522.5470000000001,2.0464,149.14999999999998,5,6,12,2,2,0.4,37
CHEMBL1201347,CCOC(=O)C1(c2ccccc2)CCN(CCc2ccc(N)cc2)CC1,1,c1ccc(CCN2CCC(c3ccccc3)CC2)cc1,352.47800000000007,3.4082000000000017,55.56,1,4,6,3,2,0.4090909090909091,26
CHEMBL3989567,Cc1onc(-c2ccccc2)c1C(=O)N[C@@H]1C(=O)N2[C@@H]1SC(C)(C)[C@@H]2C(=O)O,1,O=C(NC1C(=O)N2CCSC12)c1conc1-c1ccccc1,401.44400000000013,1.89532,112.74,2,6,4,4,2,0.3684210526315789,28
CHEMBL1201284,C[C@@H](NCCCc1cccc(C(F)(F)F)c1)c1cccc2ccccc12,1,c1ccc(CCCNCc2cccc3ccccc23)cc1,357.41900000000004,6.142000000000005,12.03,1,1,6,3,3,0.2727272727272727,26
CHEMBL49082,CCON(C(=O)C1=CCC[C@H]1C(=O)NCc1ccc(C(=N)N)cc1)C1CCCCC1,0,O=C(NC1CCCCC1)C1=CCCC1C(=O)NCc1ccccc1,412.5340000000003,3.0360700000000005,108.51,3,4,8,3,1,0.5217391304347826,30
CHEMBL75975,CCCCCCCCCCCCCCCCC(C)S(=O)(=O)NC(=O)Nc1c(C(C)C)cccc1C(C)C,0,c1ccccc1,536.8670000000001,9.644599999999999,75.27,2,3,20,1,1,0.7741935483870968,37
CHEMBL1884337,Cc1ccc(S(=O)(=O)N(C)CC(=O)Nc2ccccc2)cc1,0,O=C(CNS(=O)(=O)c1ccccc1)Nc1ccccc1,318.398,2.25422,66.48,1,3,5,2,2,0.1875,22
CHEMBL1200953,CCCC(=O)O[C@]1(C(=O)COC(=O)CC)CC[C@H]2[C@@H]3CCC4=CC(=O)CC[C@]4(C)[C@H]3[C@@H](O)C[C@@]21C,1,O=C1C=C2CCC3C4CCCC4CCC3C2CC1,488.6210000000003,4.093500000000003,106.97000000000001,1,7,7,4,0,0.7857142857142857,35
CHEMBL115917,C[C@H]1C2Cc3ccc(O)cc3[C@@]1(C)CCN2C,0,c1ccc2c(c1)CC1CC2CCN1,231.33899999999994,2.5462000000000007,23.47,1,2,0,3,1,0.6,17
CHEMBL2104993,Cc1ccc(Sc2ccccc2N2CCNCC2)c(C)c1,1,c1ccc(Sc2ccccc2N2CCNCC2)cc1,298.4550000000001,3.8642400000000023,15.27,1,3,3,3,2,0.3333333333333333,21
CHEMBL1282,CC(C)Cn1cnc2c(N)nc3ccccc3c21,1,c1ccc2c(c1)ncc1nc[nH]c12,240.30999999999997,2.8227,56.730000000000004,1,3,2,3,3,0.2857142857142857,18
CHEMBL1138,O=C1[C@H](CC[C@H](O)c2ccc(F)cc2)[C@@H](c2ccc(O)cc2)N1c1ccc(F)cc1,1,O=C1C(CCCc2ccccc2)C(c2ccccc2)N1c1ccccc1,409.4320000000001,4.888300000000004,60.77,2,3,6,4,3,0.20833333333333334,30
CHEMBL1201071,CN(C)[C@@H]1C(O)=C(C(N)=O)C(=O)[C@@]2(O)C(O)=C3C(=O)c4c(O)cccc4[C@@](C)(O)[C@H]3C[C@@H]12,1,O=C1C2=CC3C(=O)C=CCC3CC2Cc2ccccc21,444.44000000000017,-0.21439999999999837,181.61999999999998,6,9,2,4,1,0.4090909090909091,32
CHEMBL382133,CC(C)(O)c1ccn2ccnc2c1F,0,c1ccn2ccnc2c1,194.20899999999997,1.7007999999999999,37.53,1,2,1,2,2,0.3,14
CHEMBL404108,Cc1ccc(Nc2c(F)cccc2Cl)c(CC(=O)O)c1,1,c1ccc(Nc2ccccc2)cc1,293.725,4.158220000000002,49.33,2,2,4,2,2,0.13333333333333333,20
CHEMBL525866,CN1CCN(CC(=O)Nc2cccc(-c3ccc(-c4nc5cc(C(F)(F)F)ccc5[nH]4)cc3)c2)CC1,0,O=C(CN1CCNCC1)Nc1cccc(-c2ccc(-c3nc4ccccc4[nH]3)cc2)c1,493.5330000000002,5.101600000000004,64.25999999999999,2,4,5,5,4,0.25925925925925924,36
CHEMBL476725,CCOc1cccc(-n2cc(C(=O)N3CCN(c4ccc5ccccc5c4)CC3)nc2-c2ccc(CC)cc2)c1,0,O=C(c1cn(-c2ccccc2)c(-c2ccccc2)n1)N1CCN(c2ccc3ccccc3c2)CC1,530.6720000000004,6.616000000000007,50.6,0,4,7,6,5,0.23529411764705882,40
CHEMBL505821,CC(=O)c1c(C)cc2cc3c(c(O)c2c1O)C(=O)C(C)=C(O)C3(C)C,0,O=C1C=CCc2cc3ccccc3cc21,340.37500000000006,4.0679200000000035,94.83,3,5,1,3,2,0.3,25
CHEMBL1628504,Cc1cc(/C=C/C#N)cc(C)c1Nc1ccnc(Nc2ccc(C#N)cc2)n1,1,c1ccc(Nc2ccnc(Nc3ccccc3)n2)cc1,366.4280000000001,4.989100000000003,97.42,2,6,5,3,3,0.09090909090909091,28
CHEMBL1765724,C/C=C/[C@H]1C/C=C\C[C@@H](Cl)[C@@H](C[C@@H](C=C=CBr)OC(C)=O)O1,0,C1=CCCOCCC1,389.7170000000001,4.659200000000005,35.53,0,3,5,1,0,0.5294117647058824,22
CHEMBL2221305,Cc1ccc(S(=O)(=O)OCCOCCOCCF)cc1,0,c1ccccc1,306.35499999999996,1.7030200000000002,61.83000000000001,0,5,10,1,1,0.5384615384615384,20
CHEMBL3545367,Cc1ncc(OC[C@@]2(c3cccc(F)c3)C[C@H]2C(=O)Nc2ccc(F)cn2)c(C)n1,1,O=C(Nc1ccccn1)C1CC1(COc1cncnc1)c1ccccc1,410.4240000000001,3.742040000000002,77.0,1,5,6,4,3,0.2727272727272727,30
CHEMBL64391,CCC(C)n1ncn(-c2ccc(N3CCN(c4ccc(OCC5COC(Cn6cncn6)(c6ccc(Cl)cc6Cl)O5)cc4)CC3)cc2)c1=O,1,O=c1[nH]ncn1-c1ccc(N2CCN(c3ccc(OCC4COC(Cn5cncn5)(c5ccccc5)O4)cc3)CC2)cc1,705.6470000000002,5.5773000000000055,104.70000000000002,0,9,11,7,5,0.37142857142857144,49
CHEMBL578363,Oc1ccc(-c2nn3c(NC4CCCC4)nccc3c2-c2ccnc(NC3CCCC3)n2)cc1,0,c1ccc(-c2nn3c(NC4CCCC4)nccc3c2-c2ccnc(NC3CCCC3)n2)cc1,455.56600000000026,5.267900000000004,100.26,3,7,6,6,4,0.38461538461538464,34
CHEMBL1201256,COc1cc(C(=O)NCc2ccc(OCCN(C)C)cc2)cc(OC)c1OC,1,O=C(NCc1ccccc1)c1ccccc1,388.46400000000017,2.5828000000000007,69.26,1,6,10,2,2,0.38095238095238093,28
CHEMBL401128,O=C(Nc1cccc2[nH]ncc12)NC1CCc2cc(N3CCCCC3)ccc21,0,O=C(Nc1cccc2[nH]ncc12)NC1CCc2cc(N3CCCCC3)ccc21,375.4760000000002,4.362200000000003,73.05,3,3,3,5,3,0.36363636363636365,28
CHEMBL489411,CCC(C)(C)c1ccc(CC(C)CN2C[C@@H](C)O[C@@H](C)C2)cc1,1,c1ccc(CCCN2CCOCC2)cc1,317.517,4.662000000000004,12.47,0,2,6,2,1,0.7142857142857143,23
CHEMBL2059833,COc1cc(C2SCC(=O)N2NC(=O)c2cc(-c3ccc(Cl)cc3)n[nH]2)ccc1O,0,O=C(NN1C(=O)CSC1c1ccccc1)c1cc(-c2ccccc2)n[nH]1,444.90000000000015,3.363300000000001,107.55,3,6,5,4,3,0.15,30
CHEMBL140606,Cc1cccc(C[C@H](NC(=O)c2ccc(F)cc2F)C(=O)N[C@H](C#N)COCc2ccccc2)c1,0,O=C(NC(Cc1ccccc1)C(=O)NCCOCc1ccccc1)c1ccccc1,477.51100000000025,3.839500000000003,91.22000000000001,2,4,10,3,3,0.2222222222222222,35
CHEMBL1200938,CC[C@@H](CO)NC(=O)[C@@H]1C=C2c3cccc4c3c(cn4C)C[C@H]2N(C)C1,1,C1=C2c3cccc4[nH]cc(c34)CC2NCC1,353.4660000000001,1.9351,57.5,2,3,4,4,2,0.47619047619047616,26
CHEMBL4115500,Cc1ccc(NC(=O)c2cccc(C(F)(F)F)c2)cc1-c1cc2[nH]cnc2c(N2CCOC[C@H]2C)n1,0,O=C(Nc1cccc(-c2cc3[nH]cnc3c(N3CCOCC3)n2)c1)c1ccccc1,495.5050000000003,5.429520000000005,83.14,2,5,4,5,4,0.2692307692307692,36
CHEMBL1577308,COCCNc1nc(-c2ccccc2)nc2c1oc1ccccc12,0,c1ccc(-c2ncc3oc4ccccc4c3n2)cc1,319.36400000000003,4.101300000000003,60.18,1,5,5,4,4,0.15789473684210525,24
CHEMBL1096,CC(C)c1ccc2oc3nc(N)c(C(=O)O)cc3c(=O)c2c1,1,O=c1c2ccccc2oc2ncccc12,298.298,2.745,106.42000000000002,2,5,2,3,3,0.1875,22
CHEMBL1200946,CCCCCCCCCC(=O)O[C@H]1CC[C@H]2[C@@H]3CCC4=CC(=O)CC[C@@H]4[C@H]3CC[C@]12C,1,O=C1C=C2CCC3C4CCCC4CCC3C2CC1,428.6570000000003,7.180700000000009,43.370000000000005,0,3,9,4,0,0.8571428571428571,31
CHEMBL1215375,Cc1nc2nc(C(=O)NCCc3cccnc3)cn2c(-c2ccc(Cl)cc2Cl)c1CN,0,O=C(NCCc1cccnc1)c1cn2c(-c3ccccc3)ccnc2n1,455.3490000000002,3.837720000000002,98.2,2,5,6,4,4,0.18181818181818182,31
CHEMBL1097279,CSCCNc1nc(SCCC(F)(F)F)nc2c1ncn2[C@@H]1O[C@H](COP(=O)(O)OP(=O)(O)C(Cl)(Cl)P(=O)(O)O)[C@@H](O)[C@H]1O,1,c1ncc2ncn(C3CCCO3)c2n1,776.3660000000006,2.8505000000000034,255.90999999999994,7,14,15,3,2,0.7058823529411765,44
CHEMBL1752,Cn1c(=O)c2c(ncn2CC(O)CO)n(C)c1=O,1,O=c1[nH]c(=O)c2[nH]cnc2[nH]1,254.24599999999998,-2.213099999999999,102.28,2,5,3,2,2,0.5,18
CHEMBL1183777,CC[N+](C)(C)CCOc1ccc(Br)nc1,0,c1ccncc1,274.182,2.3192000000000004,22.12,0,2,5,1,1,0.5454545454545454,15
CHEMBL1201124,O=C(c1ccccc1)c1ccc2n1CCC2C(=O)O,1,O=C(c1ccccc1)c1ccc2n1CCC2,255.27299999999997,2.291,59.3,1,2,3,3,2,0.2,19
CHEMBL1588576,COc1ccc(N(CC(=O)NC2CCCCC2)S(=O)(=O)c2cccnc2)cc1,0,O=C(CN(c1ccccc1)S(=O)(=O)c1cccnc1)NC1CCCCC1,403.5040000000001,2.734400000000001,88.60000000000001,1,5,7,3,2,0.4,28
CHEMBL3949377,CNC(=O)c1cccc(Nc2ncnc(N3CC(COc4ccc(Cl)c(C(F)(F)F)c4)C3)n2)c1,0,c1ccc(Nc2ncnc(N3CC(COc4ccccc4)C3)n2)cc1,492.8890000000001,4.162200000000003,92.27,2,7,7,4,3,0.2727272727272727,34
CHEMBL370718,Cn1ncnc1COc1cccc(-c2cnnc(-c3ccccc3)c2)c1,0,c1ccc(-c2cc(-c3cccc(OCc4ncn[nH]4)c3)cnn2)cc1,343.39000000000004,3.5181000000000022,65.72,0,5,5,4,4,0.1,26
CHEMBL1428,COCCOC(=O)C1=C(C)NC(C)=C(C(=O)OC(C)C)C1c1cccc([N+](=O)[O-])c1,1,C1=CC(c2ccccc2)C=CN1,418.44600000000014,2.9708000000000014,117.0,1,8,8,2,1,0.42857142857142855,30
CHEMBL3194085,O=C(Cc1ccccc1)N/N=C/c1ccc([N+](=O)[O-])s1,0,O=C(Cc1ccccc1)NN=Cc1cccs1,289.316,2.3491,84.6,1,5,5,2,2,0.07692307692307693,20
CHEMBL2105700,COc1nc2ccc(Br)cc2cc1[C@@H](c1ccccc1)[C@@](O)(CCN(C)C)c1cccc2ccccc12,1,c1ccc(C(Cc2cccc3ccccc23)c2cnc3ccccc3c2)cc1,555.5160000000003,7.1305000000000085,45.59,1,4,8,5,5,0.21875,37
CHEMBL1784472,COC(=O)c1cccc(C(=O)N2CCC(CCN3C4CCC3CC(n3c(C)nc5ccccc53)C4)(c3ccccc3)CC2)c1,0,O=C(c1ccccc1)N1CCC(CCN2C3CCC2CC(n2cnc4ccccc42)C3)(c2ccccc2)CC1,590.7680000000001,6.563520000000008,67.67000000000002,0,5,7,7,4,0.43243243243243246,44
CHEMBL1615487,O=C(CCOCCOCCOCCOCCC(=O)Nc1c(I)cc(I)c(C(=O)O)c1I)Nc1c(I)cc(I)c(C(=O)O)c1I,1,O=C(CCOCCOCCOCCOCCC(=O)Nc1ccccc1)Nc1ccccc1,1287.9219999999998,6.134400000000004,169.71999999999997,4,8,19,2,2,0.38461538461538464,44
CHEMBL2107253,COc1cc(NS(=O)(=O)c2ccc(N)cc2)nc(OC)n1,1,O=S(=O)(Nc1ccncn1)c1ccccc1,310.3350000000001,0.8768,116.43,2,7,5,2,2,0.16666666666666666,21
CHEMBL1909072,NC(=O)C1CCN(CCCN2c3ccccc3Sc3ccc(Cl)cc32)CC1,1,c1ccc2c(c1)Sc1ccccc1N2CCCN1CCCCC1,401.96300000000025,4.530100000000004,49.57000000000001,1,4,5,4,2,0.38095238095238093,27
CHEMBL3989821,COc1cc2c3cc1Oc1cc(ccc1O)C[C@@H]1c4c(cc(OC)c(O)c4Oc4ccc(cc4)C[C@@H]3N(C)CC2)CC[N+]1(C)C,1,c1cc2cc(c1)Oc1ccc3c(c1)C(Cc1ccc(cc1)Oc1cccc4c1C(C2)[NH2+]CC4)NCC3,609.7429999999999,6.701000000000008,80.62,2,7,2,8,4,0.35135135135135137,45
CHEMBL1922119,CC[C@@H](Nc1nc(NCc2cccnc2)c2ncn(C(C)C)c2n1)C(C)O,0,c1cncc(CNc2ncnc3[nH]cnc23)c1,369.4730000000001,2.985600000000002,100.78,3,7,8,3,3,0.47368421052631576,27
CHEMBL1200813,CCCC(=O)Nc1ccc(OCC(O)CNC(C)C)c(C(C)=O)c1,1,c1ccccc1,336.4320000000001,2.3655,87.66,3,5,10,1,1,0.5555555555555556,24
CHEMBL1213251,CC(Cc1ccccc1)NCc1ccccc1Cl,1,c1ccc(CCNCc2ccccc2)cc1,259.78,4.060800000000003,12.03,1,1,5,2,2,0.25,18
CHEMBL1257073,O=C(NN1C(=O)[C@@H]2[C@@H]3C=C[C@@H]([C@H]4C[C@@H]34)[C@@H]2C1=O)c1ccc(C(F)(F)F)cc1,1,O=C(NN1C(=O)C2C3C=CC(C4CC34)C2C1=O)c1ccccc1,376.334,2.4033000000000007,66.48,1,3,2,6,1,0.42105263157894735,27
CHEMBL348349,CC(C)=CCC/C(C)=C/CCCC(P(=O)(O)O)P(=O)(O)O,0,,340.29299999999995,3.5309000000000053,115.06,4,2,9,0,0,0.6923076923076923,21
CHEMBL222132,O=c1cc(-c2ccc(O)c(O)c2)oc2c(O)c(O)c(Cl)cc12,0,O=c1cc(-c2ccccc2)oc2ccccc12,320.684,2.9358000000000004,111.13000000000001,4,6,1,3,3,0.0,22
CHEMBL420546,N=C(N)c1ccc(O)c(CN2CC[C@H](NS(=O)(=O)c3ccc(-c4cccnc4)s3)C2=O)c1,0,O=C1C(NS(=O)(=O)c2ccc(-c3cccnc3)s2)CCN1Cc1ccccc1,471.56400000000014,1.8791700000000002,149.46999999999997,4,7,7,4,3,0.19047619047619047,32
CHEMBL2364637,CC(C)OC(=O)[C@H](C)N[P@](=O)(CO[C@H](C)Cn1cnc2c(N)ncnc21)Oc1ccccc1,1,O=[PH](COCCn1cnc2cncnc21)Oc1ccccc1,476.47400000000016,2.9729,143.48,2,9,11,3,3,0.42857142857142855,33
CHEMBL1527164,CCNC(=O)/C(C#N)=C/c1c(N2CCOCC2)nc2ccccn2c1=O,0,O=c1cc(N2CCOCC2)nc2ccccn12,353.382,0.5741799999999999,99.72999999999999,1,6,4,3,2,0.3333333333333333,26
CHEMBL130410,CS(=O)(=O)Nc1ccc2c(c1)C(=O)CC1(CCN(CCc3ccc(C#N)cc3)CC1)O2,0,O=C1CC2(CCN(CCc3ccccc3)CC2)Oc2ccccc21,439.53700000000026,2.9722800000000014,99.50000000000001,1,6,5,4,2,0.391304347826087,31
CHEMBL1710393,O=C(NNC(=O)c1cc(C(F)(F)F)cc(C(F)(F)F)c1)c1ccc(Cl)cc1,0,O=C(NNC(=O)c1ccccc1)c1ccccc1,410.701,4.452400000000002,58.2,2,2,2,2,2,0.125,27
CHEMBL14233,O=C(O)c1ccc(Oc2nccc(-c3c(-c4ccc(F)cc4)ncn3C3CCNCC3)n2)cc1,0,c1ccc(Oc2nccc(-c3c(-c4ccccc4)ncn3C3CCNCC3)n2)cc1,459.48100000000017,4.561200000000004,102.16000000000001,2,6,6,5,4,0.2,34
CHEMBL2355333,CN(C)C/C=C(/c1ccc(Br)cc1)c1cccnc1,1,C=C(c1ccccc1)c1cccnc1,317.22999999999996,3.8374000000000024,16.130000000000003,0,2,4,2,2,0.1875,19
CHEMBL1573483,Cc1ccc(NS(=O)(=O)c2ccc3oc(=O)ccc3c2)cc1Cl,0,O=c1ccc2cc(S(=O)(=O)Nc3ccccc3)ccc2o1,349.7950000000001,3.555620000000002,76.38,1,4,3,3,3,0.0625,23
CHEMBL1193496,C/N=C(\N)SCCC(=O)O,0,,162.214,0.13879999999999998,75.67999999999999,2,3,3,0,0,0.6,10
CHEMBL752,Nc1ncnc2c1ncn2[C@@H]1O[C@H](COP(=O)(O)O)[C@@H](O)[C@H]1O,1,c1ncc2ncn(C3CCCO3)c2n1,347.224,-1.8630000000000009,186.07,5,9,4,3,2,0.5,23
CHEMBL3647067,C[C@H]1CC[C@H](Cn2c(N3CCOC[C@H]3c3ccccc3)nc3cc(C(=O)O)nc(-c4cncc(Cl)c4)c32)CC1,0,c1ccc(C2COCCN2c2nc3ccnc(-c4cccnc4)c3n2CC2CCCCC2)cc1,546.071,6.249100000000006,93.37,1,6,6,6,4,0.4,39
CHEMBL1201342,CN1CCCC(CC2c3ccccc3Sc3ccccc32)C1,1,c1ccc2c(c1)Sc1ccccc1C2CC1CCCNC1,309.47800000000007,5.015000000000005,3.24,0,2,2,4,2,0.4,22
CHEMBL245008,CC(C)C(=O)Nc1cccc(C2CCN(Cc3cccc(Oc4cc(Cl)cc(Cl)c4)c3)CC2)c1,0,c1ccc(Oc2cccc(CN3CCC(c4ccccc4)CC3)c2)cc1,497.46600000000024,7.7598000000000065,41.57000000000001,1,3,7,4,3,0.32142857142857145,34
CHEMBL1958347,CCNC(=O)C[C@@H]1N=C(c2ccc(Cl)cc2)c2ccc(OC)cc2-n2c(C)nnc21,0,c1ccc(C2=NCc3nncn3-c3ccccc32)cc1,423.90400000000017,3.6560200000000025,81.39999999999999,1,5,5,4,3,0.2727272727272727,30
CHEMBL3987061,COc1ccccc1Oc1ccc(C(=O)N(CCC(F)(F)F)Cc2ccc(C(=O)O)cc2)cc1,0,O=C(NCc1ccccc1)c1ccc(Oc2ccccc2)cc1,473.4470000000001,5.780500000000005,76.07000000000001,1,4,9,3,3,0.2,34
CHEMBL1201075,CC(=O)N(CC(O)CO)c1c(I)c(C(=O)NCCO)c(I)c(C(=O)NCC(O)CO)c1I,1,c1ccccc1,791.1150000000001,-0.9884,179.66,7,8,11,1,1,0.5,32
CHEMBL1408676,Cc1cc(C(=O)Nc2sc3c(c2C#N)CCC3)no1,0,O=C(Nc1cc2c(s1)CCC2)c1ccon1,273.31699999999995,2.6572000000000005,78.92,1,5,2,3,2,0.3076923076923077,19
CHEMBL3989551,CCC[C@@H]1C[C@@H](C(=O)N[C@@H]([C@H]2O[C@H](SC)[C@H](O)[C@@H](O)[C@H]2O)[C@@H](C)O)N(C)C1,1,O=C(NCC1CCCCO1)C1CCCN1,406.54500000000013,-0.856999999999998,122.49000000000001,5,8,7,2,0,0.9444444444444444,27
CHEMBL490895,COc1cc2c(=O)c(C(=O)O)cn(C)c2cc1N1CCN(c2ccccn2)CC1,0,O=c1cc[nH]c2cc(N3CCN(c4ccccn4)CC3)ccc12,394.4310000000002,1.9669,87.89999999999999,1,6,4,4,3,0.2857142857142857,29
CHEMBL4174837,Cn1c(COc2cccc(C(=O)O)c2)nc2cnc(Oc3ccc4c(c3)OCC4)cc21,0,c1ccc(OCc2nc3cnc(Oc4ccc5c(c4)OCC5)cc3[nH]2)cc1,417.4210000000002,3.9727000000000023,95.7,1,6,6,5,4,0.17391304347826086,31
CHEMBL2000142,NNC(=O)N/N=C1\C(=O)N(c2nccs2)C(=O)C(=O)C1c1nc2ccccc2s1,0,N=C1C(=O)N(c2nccs2)C(=O)C(=O)C1c1nc2ccccc2s1,429.44300000000015,0.5078000000000007,159.73999999999995,3,10,3,4,3,0.0625,29
CHEMBL27,CC(C)NCC(O)COc1cccc2ccccc12,1,c1ccc2ccccc2c1,259.34900000000005,2.5775000000000006,41.489999999999995,2,3,6,2,2,0.375,19
CHEMBL2105749,NC(=O)c1ccc2c(c1O)[C@]13CCN(CC4CC4)[C@H](C2)[C@]1(O)CCC(=O)C3,1,O=C1CCC2C3Cc4ccccc4C2(CCN3CC2CC2)C1,370.4490000000002,1.2533999999999996,103.86000000000001,3,5,3,5,1,0.6190476190476191,27
CHEMBL1858247,CCN1CCN(Cc2coc(-c3ccc(OC(F)(F)F)cc3)n2)CC1,0,c1ccc(-c2nc(CN3CCNCC3)co2)cc1,355.36000000000007,3.3777000000000017,41.74,0,5,5,3,2,0.47058823529411764,25
CHEMBL457662,O=C(CCC1CCCCC1)c1ccc(OC(F)F)c(OC2CCOC2)c1,0,O=C(CCC1CCCCC1)c1cccc(OC2CCOC2)c1,368.4200000000002,4.998900000000005,44.760000000000005,0,4,8,3,1,0.65,26
CHEMBL4802240,C[C@@](Cc1ccc(OP(=O)(O)O)c(O)c1)(NN)C(=O)O,1,c1ccccc1,306.21100000000007,-0.2872000000000004,162.34,6,6,6,1,1,0.3,20
CHEMBL3588919,Clc1cccc(N2CCN(CCCCc3cn(-c4ccc5[nH]ccc5c4)nn3)CC2)c1Cl,0,c1ccc(N2CCN(CCCCc3cn(-c4ccc5[nH]ccc5c4)nn3)CC2)cc1,469.4200000000002,5.200300000000005,52.980000000000004,1,4,7,5,4,0.3333333333333333,32
CHEMBL1722209,Cc1ccc(O)c([C@H](CCN(C(C)C)C(C)C)c2ccccc2)c1,1,c1ccc(Cc2ccccc2)cc1,325.496,5.341420000000006,23.47,1,2,7,2,2,0.45454545454545453,24
CHEMBL3263187,O=C(c1ccccc1)c1ccn(-c2ccc3c(c2)C(O)OC3)c1,0,O=C(c1ccccc1)c1ccn(-c2ccc3c(c2)COC3)c1,305.3330000000001,3.229400000000002,51.46000000000001,1,3,3,4,3,0.10526315789473684,23
CHEMBL3590343,O=C(CN1CCN(c2cc3c(cc2F)c(=O)c(C(=O)O)cn3C2CC2)CC1)c1cc2ccc(O)cc2oc1=O,0,O=C(CN1CCN(c2ccc3c(=O)ccn(C4CC4)c3c2)CC1)c1cc2ccccc2oc1=O,533.5120000000003,2.9906000000000015,133.29,2,8,6,6,4,0.2857142857142857,39
CHEMBL607710,NC(=O)OCC(O)COc1ccc(Cl)cc1,1,c1ccccc1,245.662,1.1750000000000003,81.78000000000002,2,4,5,1,1,0.3,16
CHEMBL1887804,COc1ccc(CC(N)c2csc(NC(=O)NCCc3ccccc3)n2)cc1,0,O=C(NCCc1ccccc1)Nc1nc(CCc2ccccc2)cs1,396.5160000000002,3.7584000000000017,89.27,3,5,8,3,3,0.23809523809523808,28
CHEMBL3487895,O=C(CCN1CCOC(CNc2cccnn2)C1)NC1CCCCC1,0,O=C(CCN1CCOC(CNc2cccnn2)C1)NC1CCCCC1,347.4630000000002,1.428299999999999,79.38,2,6,7,3,1,0.7222222222222222,25
CHEMBL2139376,CN(N=Cc1ccccc1O)c1ccc2ccccc2n1,0,C(=NNc1ccc2ccccc2n1)c1ccccc1,277.327,3.410700000000002,48.72,1,4,3,3,3,0.058823529411764705,21
CHEMBL3679357,CCC(=O)c1cnc2ccc(-c3cc(Cl)c(O)c(Cl)c3)cc2c1Nc1ccc(N2CCN(C)CC2)nc1,0,c1ccc(-c2ccc3nccc(Nc4ccc(N5CCNCC5)nc4)c3c2)cc1,536.4630000000003,6.397300000000007,81.58999999999999,2,7,6,5,4,0.25,37
CHEMBL476018,CC1CCN(CCCOCCCOc2ccc(Cl)cc2)CC1,0,c1ccc(OCCCOCCCN2CCCCC2)cc1,325.88000000000005,4.247500000000004,21.700000000000003,0,3,9,2,1,0.6666666666666666,22
CHEMBL270190,C[C@H]1CN(C[C@H](Cc2ccccc2)C(=O)NCC(=O)O)CC[C@@]1(C)c1cccc(O)c1,1,c1ccc(CCCN2CCC(c3ccccc3)CC2)cc1,424.5410000000002,3.051400000000001,89.87,3,4,8,3,2,0.44,31
CHEMBL4289029,O=C(c1ccc(-c2ccccc2)cc1)C(Cl)Cl,0,c1ccc(-c2ccccc2)cc1,265.139,4.340000000000002,17.07,0,1,3,2,2,0.07142857142857142,17
CHEMBL2035187,C1=N/C2=N/c3ccc(OCCN4CCCC4)c(c3)COC/C=C/COCc3cccc(c3)C(=C1)N2,1,C1=CCOCc2cc(ccc2OCCN2CCCC2)N=C2N=CC=C(N2)c2cccc(c2)COC1,472.58900000000017,4.466800000000004,67.68,1,7,4,5,2,0.35714285714285715,35
CHEMBL4128787,COc1cccc(CNc2nc(N)c3nc(C)sc3n2)c1,0,c1ccc(CNc2ncc3ncsc3n2)cc1,301.375,2.59762,85.95,2,7,4,3,3,0.21428571428571427,21
CHEMBL1200550,c1ccc(CN(CC2=NCCN2)c2ccccc2)cc1,1,c1ccc(CN(CC2=NCCN2)c2ccccc2)cc1,265.36,2.6949000000000014,27.63,1,3,5,3,2,0.23529411764705882,20
CHEMBL2105737,Cc1c(C(=O)Nc2ccc(N3C[C@@H](C)O[C@@H](C)C3)nc2)cccc1-c1ccc(OC(F)(F)F)cc1,1,O=C(Nc1ccc(N2CCOCC2)nc1)c1cccc(-c2ccccc2)c1,485.5060000000001,5.821520000000005,63.69000000000001,1,5,5,4,3,0.3076923076923077,35
CHEMBL3741388,CCOC(=O)C1C(c2ccc(OC)cc2)NC(c2ccc(OC)cc2)C(C(=O)OCC)S1(=O)=O,0,O=S1(=O)CC(c2ccccc2)NC(c2ccccc2)C1,491.5620000000003,2.3676000000000004,117.23000000000002,1,9,8,3,2,0.4166666666666667,34
CHEMBL116605,CCc1cc(CC(NC(C)=O)C(=O)NCCCCOc2cccc(O)c2C(=O)OC)ccc1N(C(=O)C(=O)O)c1ccccc1C(=O)O,0,O=C(CCc1ccc(Nc2ccccc2)cc1)NCCCCOc1ccccc1,663.6800000000003,3.2112999999999996,208.86999999999998,5,9,15,3,3,0.29411764705882354,48
CHEMBL395489,O=c1[nH]c(=S)ccn1[C@@H]1O[C@H](CO)[C@@H](O)[C@H]1F,0,O=c1[nH]c(=S)ccn1C1CCCO1,262.262,-0.5054100000000002,87.48,3,5,2,2,1,0.5555555555555556,17
CHEMBL1200881,CN(C)c1ccc(O)c2c1C[C@H]1C[C@H]3[C@H](N(C)C)C(O)=C(C(N)=O)C(=O)[C@@]3(O)C(O)=C1C2=O,1,O=C1C2=CC3C(=O)C=CCC3CC2Cc2ccccc21,457.48300000000023,0.1866000000000017,164.63,5,9,3,4,1,0.43478260869565216,33
CHEMBL1565703,CCc1ccccc1N(CC(=O)OC)S(C)(=O)=O,0,c1ccccc1,271.33799999999997,1.188,63.68,0,4,5,1,1,0.4166666666666667,18
CHEMBL867,CCC(Cc1c(I)cc(I)c(N)c1I)C(=O)O,1,c1ccccc1,570.9340000000001,3.7359000000000018,63.32000000000001,2,2,4,1,1,0.36363636363636365,17
CHEMBL2218861,CCCN1CC(NS(=O)(=O)N(CC)CC)CC2Cc3c(O)cccc3CC21,1,c1ccc2c(c1)CC1CCCNC1C2,395.56900000000013,2.136099999999999,72.88000000000001,2,4,7,3,1,0.7,27
CHEMBL291657,C#CCN(c1nc(-c2cc(C)c(OC)cc2Cl)c(C)s1)[C@@H](CC1CC1)c1ccc(C)c(F)c1,1,c1ccc(-c2csc(NC(CC3CC3)c3ccccc3)n2)cc1,483.05200000000025,7.517460000000006,25.360000000000003,0,4,8,4,3,0.37037037037037035,33
CHEMBL588719,O=C(Nc1ccc(Cn2ncc(N3CCCNCC3)c(Cl)c2=O)cc1)Nc1ccc(F)cc1[N+](=O)[O-],0,O=C(Nc1ccccc1)Nc1ccc(Cn2ncc(N3CCCNCC3)cc2=O)cc1,515.9330000000002,3.4360000000000017,134.43,3,7,6,4,3,0.2608695652173913,36
CHEMBL436,COc1ccc2c(C(=S)N(C)CC(=O)O)cccc2c1C(F)(F)F,1,c1ccc2ccccc2c1,357.353,3.5591000000000026,49.769999999999996,1,3,4,2,2,0.25,24
CHEMBL1454376,CC(C)(C)NCCOCCOc1ccccc1-c1ccccc1,0,c1ccc(-c2ccccc2)cc1,313.441,4.137100000000003,30.49,1,3,8,2,2,0.4,23
CHEMBL85231,CN(C)CC(Oc1ccccc1)Oc1ccccc1,1,c1ccc(OCOc2ccccc2)cc1,257.33299999999997,3.0321000000000016,21.700000000000003,0,3,6,2,2,0.25,19
CHEMBL2425836,Cc1cccc(C[n+]2ccc(C3C(C#N)=C(N)Oc4c3c(=O)oc3ccccc43)cc2)c1,0,O=c1oc2ccccc2c2c1C(c1cc[n+](Cc3ccccc3)cc1)C=CO2,422.46400000000017,3.655400000000002,93.13000000000001,1,5,3,5,4,0.11538461538461539,32
CHEMBL2376530,COc1cc(/C=C/c2cc(O)cc(OC)c2CC=C(C)C)ccc1O,0,C(=Cc1ccccc1)c1ccccc1,340.41900000000004,4.794100000000005,58.92,2,4,6,2,2,0.23809523809523808,25
CHEMBL108,NC(=O)N1c2ccccc2C=Cc2ccccc21,1,C1=Cc2ccccc2Nc2ccccc21,236.274,3.3872000000000018,46.330000000000005,1,1,0,3,2,0.0,18
CHEMBL1201203,CN1[C@@H]2CC[C@H]1C[C@@H](OC(c1ccccc1)c1ccccc1)C2,1,c1ccc(C(OC2CC3CCC(C2)N3)c2ccccc2)cc1,307.43700000000007,4.417800000000004,12.47,0,2,4,4,2,0.42857142857142855,23
CHEMBL1531,C#C[C@]1(O)CC[C@H]2[C@@H]3CCC4=CC(=O)CC[C@@H]4[C@H]3C(=C)C[C@@]21CC,1,C=C1CC2CCCC2C2CCC3=CC(=O)CCC3C12,324.4640000000001,4.048700000000004,37.3,1,2,1,4,0,0.6818181818181818,24
CHEMBL2105743,COc1ccc(CC(C)(C)NC[C@H](O)c2cc(O)cc3c2OCC(=O)N3)cc1,1,O=C1COc2c(CCNCCc3ccccc3)cccc2N1,386.44800000000015,2.3760000000000003,100.05000000000001,4,6,7,3,2,0.38095238095238093,28
CHEMBL568637,COc1ccc([C@@H](CCCNS(=O)(=O)c2cccs2)N2Cc3c(cccc3N3CCN(C(C)C)CC3)C2=O)cc1OC,0,O=C1c2cccc(N3CCNCC3)c2CN1C(CCCNS(=O)(=O)c1cccs1)c1ccccc1,612.8180000000001,4.7515000000000045,91.42,1,8,12,5,3,0.45161290322580644,42
CHEMBL549752,CCCCCNC(=O)[C@H](Cc1ccc(N(C(=O)C(=O)O)c2ccccc2C(=O)O)c(/C=C/C(N)=O)c1)NS(C)(=O)=O,0,c1ccc(Nc2ccccc2)cc1,588.6390000000002,1.399300000000002,213.26999999999998,5,7,14,2,2,0.2962962962962963,41
CHEMBL3661060,CCOc1cc([C@H]2NC(=O)N=C(c3ccccc3)C2c2ccsc2)cc([N+](=O)[O-])c1O,0,O=C1N=C(c2ccccc2)C(c2ccsc2)C(c2ccccc2)N1,437.47700000000015,4.7980000000000045,114.06,2,6,6,4,3,0.18181818181818182,31
CHEMBL3991065,C[C@@H]1[C@H](c2c(F)ccc(F)c2F)C[C@H](NC(=O)c2cnc3c(c2)C[C@@]2(C3)C(=O)Nc3ncccc32)C(=O)N1CC(F)(F)F,1,O=C(NC1CC(c2ccccc2)CNC1=O)c1cnc2c(c1)CC1(C2)C(=O)Nc2ncccc21,603.5230000000003,3.9479000000000015,104.29,2,5,4,6,3,0.3448275862068966,43
CHEMBL1473,CCC(=O)O[C@]1(C(=O)SCF)[C@H](C)C[C@H]2[C@@H]3C[C@H](F)C4=CC(=O)C=C[C@]4(C)[C@@]3(F)[C@@H](O)C[C@@]21C,1,O=C1C=CC2C(=C1)CCC1C3CCCC3CCC21,500.57900000000024,4.430000000000004,80.67,1,6,4,4,0,0.72,34
CHEMBL1591795,COC(=O)C1=C(c2c(C)noc2C)C[C@@H]2CC[C@H]1N2C(=O)NCCOc1ccccc1,0,O=C(NCCOc1ccccc1)N1C2C=C(c3cnoc3)CC1CC2,425.4850000000001,3.2433400000000017,93.9,1,6,6,4,2,0.43478260869565216,31
CHEMBL329522,O=C(c1cc(O)c(O)c(O)c1)c1ccc(O)c(O)c1O,1,O=C(c1ccccc1)c1ccccc1,278.216,1.1511999999999996,138.45000000000002,6,7,2,2,2,0.0,20
CHEMBL320598,CC(C)Cc1ccc([C@@H](C)C(=O)N[C@@H](C)C(=O)N[C@@H](CC(C)C)C(=O)N[C@@H](Cc2c[nH]c3ccccc23)C(=O)N[C@@H](CC(=O)O)C(N)=O)cc1,0,O=C(CNC(=O)CNC(=O)Cc1ccccc1)NCCc1c[nH]c2ccccc12,690.8420000000001,2.677800000000004,212.57999999999998,7,6,18,3,3,0.4594594594594595,50
CHEMBL1201154,CN1CCN(CCCN2c3ccccc3Sc3ccc(Cl)cc32)CC1,1,c1ccc2c(c1)Sc1ccccc1N2CCCN1CCNCC1,373.95300000000015,4.580200000000004,9.72,0,4,4,4,2,0.4,25
CHEMBL214732,CCSc1c(C#N)c(-c2ccc(-c3ccccc3)cc2)c(C(=O)O)n1C,0,c1ccc(-c2ccc(-c3cc[nH]c3)cc2)cc1,362.4540000000001,5.040980000000005,66.02000000000001,1,3,5,3,3,0.14285714285714285,26
CHEMBL3448592,Fc1cccc(CN2CCC(c3noc(-c4ccccn4)n3)CC2)c1F,0,c1ccc(CN2CCC(c3noc(-c4ccccn4)n3)CC2)cc1,356.3760000000001,3.7894000000000023,55.050000000000004,0,5,4,4,3,0.3157894736842105,26
CHEMBL2134496,COc1cc(N2CCN(C(=S)Nc3cc(C)cc(C)n3)CC2)cc(C(F)(F)F)c1,0,S=C(Nc1ccccn1)N1CCN(c2ccccc2)CC1,424.4920000000002,4.2448400000000035,40.63,1,4,3,3,2,0.4,29
CHEMBL1956722,Cc1cc(C)c2cccc(OCc3c(Cl)ccc(S(=O)(=O)NC4(C(=O)N5CCN(C(=O)CCCC[N+](C)(C)C)CC5)CCOCC4)c3Cl)c2n1,0,O=C(N1CCNCC1)C1(NS(=O)(=O)c2cccc(COc3cccc4cccnc34)c2)CCOCC1,749.7819999999996,5.112240000000005,118.13999999999999,1,7,12,5,3,0.5277777777777778,50
CHEMBL1652606,Cc1oc(=O)oc1COC(=O)N1CC[C@@H](N2CC/C(=C\C3=C(C(=O)O)N4C(=O)[C@@H](NC(=O)/C(=N/O)c5nsc(N)n5)[C@H]4SC3)C2=O)C1,1,N=C(C(=O)NC1C(=O)N2C=C(C=C3CCN(C4CCN(C(=O)OCc5coc(=O)o5)C4)C3=O)CSC12)c1ncsn1,690.6729999999999,-0.5383799999999959,264.3,4,16,8,6,2,0.4230769230769231,47
CHEMBL1201162,CCN[C@H]1C[C@H](C)S(=O)(=O)c2sc(S(N)(=O)=O)cc21,1,O=S1(=O)CCCc2ccsc21,324.44900000000007,0.612,106.32999999999998,2,6,3,2,1,0.6,19
CHEMBL468,O=C1CCC(N2C(=O)c3ccccc3C2=O)C(=O)N1,1,O=C1CCC(N2C(=O)c3ccccc3C2=O)C(=O)N1,258.23299999999995,0.08779999999999993,83.55000000000001,1,4,1,3,1,0.23076923076923078,19
CHEMBL61,COc1cc([C@@H]2c3cc4c(cc3[C@H](O)[C@H]3COC(=O)[C@H]23)OCO4)cc(OC)c1OC,1,O=C1OCC2Cc3cc4c(cc3C(c3ccccc3)C12)OCO4,414.41000000000025,2.4092000000000002,92.68,1,8,4,5,2,0.4090909090909091,30
CHEMBL521686,O=C(c1cc(Cc2n[nH]c(=O)c3ccccc23)ccc1F)N1CCN(C(=O)C2CC2)CC1,1,O=C(c1cccc(Cc2n[nH]c(=O)c3ccccc23)c1)N1CCN(C(=O)C2CC2)CC1,434.47100000000034,2.3474000000000004,86.37,1,4,4,5,3,0.3333333333333333,32
CHEMBL1200821,CCCOC(=O)Cn1cc(I)c(=O)c(I)c1,1,O=c1cc[nH]cc1,447.01000000000005,2.0107,48.3,0,3,4,1,1,0.4,16
CHEMBL1200904,C#CCN(C)[C@H](C)Cc1ccccc1,1,c1ccccc1,187.286,2.1826,3.24,0,1,4,1,1,0.38461538461538464,14
CHEMBL1549,C[C@]12CCC(=O)C=C1CC[C@@H]1[C@@H]2[C@@H](O)C[C@@]2(C)[C@H]1CC[C@]2(O)C(=O)COC(=O)CCC1CCCC1,1,O=C1C=C2CCC3C(CCC4C(C(=O)COC(=O)CCC5CCCC5)CCC43)C2CC1,486.6490000000005,4.302900000000004,100.9,2,6,6,5,0,0.8275862068965517,35
CHEMBL1858084,CSc1ccc(Oc2nc(C)ccc2/C(=N/O)N2CCCc3ccccc32)cc1C,0,N=C(c1cccnc1Oc1ccccc1)N1CCCc2ccccc21,419.55000000000024,5.801240000000005,57.95000000000001,1,5,4,4,3,0.25,30
CHEMBL1430246,O=C(Cc1ccc(Cl)cc1)NNC(=O)c1cnccn1,0,O=C(Cc1ccccc1)NNC(=O)c1cnccn1,290.71000000000004,1.1336999999999997,83.98,2,4,3,2,2,0.07692307692307693,20
CHEMBL3967704,O=C(O)Cn1c(=O)c(CCc2ccc(O)cc2)nc2cccnc21,0,O=c1[nH]c2ncccc2nc1CCc1ccccc1,325.32400000000007,1.3668999999999996,105.31,2,5,5,3,3,0.17647058823529413,24
CHEMBL1200774,C[C@]12C=CC(=O)C=C1[C@@H](F)C[C@@H]1[C@@H]2[C@@H](O)C[C@@]2(C)[C@H]1CC[C@]2(O)C(=O)CO,1,O=C1C=CC2C(=C1)CCC1C3CCCC3CCC21,378.44000000000017,1.5056,94.83,3,5,2,4,0,0.7142857142857143,27
CHEMBL2165326,NS(=O)(=O)Nc1ncnc(OCCOc2ncc(Br)cn2)c1-c1ccc(Br)cc1,1,c1ccc(-c2cncnc2OCCOc2ncccn2)cc1,546.201,2.5318000000000005,142.20999999999998,2,8,8,3,3,0.125,29
CHEMBL3221176,COc1cc(C)cc(Oc2c(C)cc(OC)cc2OC)c1,0,c1ccc(Oc2ccccc2)cc1,288.343,4.121540000000003,36.92,0,4,5,2,2,0.29411764705882354,21
CHEMBL3456701,Cc1cc(NC(=O)CCNC(C)(C)c2nc(C)c(C)s2)no1,0,O=C(CCNCc1nccs1)Nc1ccon1,322.434,2.909860000000001,80.05,2,6,6,2,2,0.5333333333333333,22
CHEMBL498847,Cc1ncc([N+](=O)[O-])n1CC(C)O,1,c1c[nH]cn1,185.183,0.4805199999999999,81.19,1,4,3,1,1,0.5714285714285714,13
CHEMBL3475824,Cc1cc(C(=O)N2CCC3(CCNCC3)CC2)c2cccc(C)c2n1,0,O=C(c1ccnc2ccccc12)N1CCC2(CCNCC2)CC1,337.46700000000004,3.4574400000000027,45.230000000000004,1,3,1,4,2,0.5238095238095238,25
CHEMBL353302,Cc1nc(O)c2cc(CN(C)c3ccc(C(=O)N[C@@H](CCC(=O)N[C@@H](CCC(=O)O)C(=O)O)C(=O)O)s3)ccc2n1,0,c1csc(NCc2ccc3ncncc3c2)c1,587.6110000000002,1.7391200000000007,219.34999999999997,6,10,14,3,3,0.34615384615384615,41
CHEMBL3447091,CC(C)CNc1cc(-c2c[nH]nc2C2CCN(C(=O)C3CC3)C2)ccn1,0,O=C(C1CC1)N1CCC(c2n[nH]cc2-c2ccncc2)C1,353.47000000000014,3.265500000000002,73.91,2,4,6,4,2,0.55,26
CHEMBL1822508,O=C1[C@@H]2[C@H](C(=O)N1[C@H]1CCCC[C@@H]1OP(=O)(OCC(Cl)(Cl)Cl)OCC(Cl)(Cl)Cl)[C@H]1CC[C@@H]2O1,0,O=C1C2C3CCC(O3)C2C(=O)N1C1CCCCC1,608.0659999999999,5.358300000000003,91.37,0,7,7,4,0,0.8888888888888888,33
CHEMBL514788,O=P(O)(O)C(CCCc1cccc(Oc2ccc(Cc3ccccc3)cc2)c1)S(=O)(=O)O,0,c1ccc(Cc2ccc(Oc3ccccc3)cc2)cc1,476.4870000000002,4.784000000000005,121.13000000000001,3,4,10,3,3,0.21739130434782608,32
CHEMBL2017546,Cc1cccc(C)c1-c1noc(C(C)C)c1COc1ccc(C(=O)N(Cc2ccccc2)c2cccc(C(=O)O)c2)c(Cl)c1,0,O=C(c1ccc(OCc2conc2-c2ccccc2)cc1)N(Cc1ccccc1)c1ccccc1,609.1220000000003,8.859440000000005,92.87000000000002,1,5,10,5,5,0.19444444444444445,44
CHEMBL1200413,c1ccc2c(c1)CCCC2C1=NCCN1,1,c1ccc2c(c1)CCCC2C1=NCCN1,200.285,2.1082,24.39,1,2,1,3,1,0.46153846153846156,15
CHEMBL3487921,Cc1nn(C)c(C)c1C1CCCN1C(=O)CCNS(C)(=O)=O,0,c1n[nH]cc1C1CCCN1,328.438,0.6397400000000006,84.30000000000001,1,4,5,2,1,0.7142857142857143,22
CHEMBL1104,CC[N+](C)(C)c1cccc(O)c1,1,c1ccccc1,166.24399999999997,1.9790000000000003,20.23,1,1,2,1,1,0.4,12
CHEMBL3555095,Cn1ccnc1CN1CC[C@@H](NS(C)(=O)=O)[C@@H]1Cc1ccccc1,0,c1ccc(CC2CCCN2Cc2ncc[nH]2)cc1,348.4720000000001,1.1549000000000005,67.23,1,4,6,3,2,0.47058823529411764,24
CHEMBL1376700,CC1(C)CC(N=C(S)NC2CC2)CC(C)(C)N1,0,C(=NC1CCNCC1)NC1CC1,255.43099999999998,2.3334,36.42,3,2,2,2,0,0.9230769230769231,17
CHEMBL4297334,O=C(O)CC[C@H](NC(=O)N[C@@H](CCCCNC(=O)c1ccc([18F])nc1)C(=O)O)C(=O)O,1,c1ccncc1,441.4029380000002,0.19120000000000015,195.01999999999998,6,6,13,1,1,0.4444444444444444,31
CHEMBL226797,Cc1n[nH]c2ccc(-c3cncc(OC[C@@H](N)Cc4cccc(OCC5CCN(C)CC5)c4)c3)cc12,0,c1cc(CCCOc2cncc(-c3ccc4[nH]ncc4c3)c2)cc(OCC2CCNCC2)c1,485.6320000000003,4.602720000000004,89.28999999999999,2,6,9,5,4,0.3793103448275862,36
CHEMBL38168,CCOC(=O)/C(C#N)=C/c1ccc(O)c(O)c1,0,c1ccccc1,233.223,1.5678799999999997,90.55000000000001,2,5,3,1,1,0.16666666666666666,17
CHEMBL1200935,NC(=O)C(c1ccccc1)(c1ccccc1)[C@@H]1CCN(CCc2ccc3c(c2)CCO3)C1,1,c1ccc(C(c2ccccc2)C2CCN(CCc3ccc4c(c3)CCO4)C2)cc1,426.5600000000003,3.957500000000003,55.56,1,3,7,5,3,0.32142857142857145,32
CHEMBL541767,O=c1c2cc(I)ccc2nc(-c2cccs2)n1O,0,O=c1[nH]c(-c2cccs2)nc2ccccc12,370.17100000000005,2.9669000000000008,55.120000000000005,1,4,1,3,3,0.0,18
CHEMBL1445456,Cn1c(CNc2nc3ccccc3n2C)nc2ccccc21,0,c1ccc2[nH]c(CNc3nc4ccccc4[nH]3)nc2c1,291.358,3.0721000000000016,47.67,1,3,3,4,4,0.17647058823529413,22
CHEMBL550495,CN(C)c1ccc2nc3ccc(=[N+](C)C)cc-3sc2c1,1,[N+]=c1ccc2nc3ccccc3sc-2c1,284.408,2.498900000000001,19.14,0,3,1,3,1,0.25,20
CHEMBL1697760,CC(c1ccc(Cl)c(Cl)c1)N1N=C(N)CC1=O,1,O=C1CC=NN1Cc1ccccc1,272.13500000000005,2.5589000000000013,58.69,1,3,2,2,1,0.2727272727272727,17
CHEMBL590,CC1=CC(=O)c2ccccc2C1=O,1,O=C1C=CC(=O)c2ccccc21,172.18299999999996,2.0119000000000002,34.14,0,2,0,2,1,0.09090909090909091,13
CHEMBL3673798,CC(=O)n1cc(NC(=O)N2CCC[C@H]2C(=O)Nc2cccc(OC(F)(F)F)c2)c2ccc(C#N)cc21,0,O=C(Nc1ccccc1)C1CCCN1C(=O)Nc1c[nH]c2ccccc12,499.4490000000001,4.706680000000004,116.46000000000001,2,5,4,4,3,0.25,36
CHEMBL463,Nc1ccc(C(=O)NCC(=O)O)cc1,1,c1ccccc1,194.19000000000003,0.08319999999999966,92.42,3,3,3,1,1,0.1111111111111111,14
CHEMBL3910608,Cc1cc(C)c(N(C)c2nc(Nc3cc(N4CCOCC4)cc(S(C)(=O)=O)c3)ncc2F)cc1CO,0,c1ccc(Nc2ccnc(Nc3cccc(N4CCOCC4)c3)n2)cc1,515.6110000000003,3.4764400000000024,107.89000000000001,2,9,7,4,3,0.36,36
CHEMBL203321,CCCCCCCCCCCCCCCCOCCCOP(=O)(O)CO[C@H](CO)Cn1ccc(N)nc1=O,1,O=c1nccc[nH]1,561.7010000000001,5.250500000000005,146.13,3,8,26,1,1,0.8518518518518519,38
CHEMBL4280539,O=P(O)(O)C(O)(CCNc1nc(-c2ccccc2)nc2ccccc12)P(=O)(O)O,0,c1ccc(-c2ncc3ccccc3n2)cc1,439.3010000000001,2.1003000000000007,173.1,6,6,7,3,3,0.17647058823529413,29
CHEMBL607400,CCC[C@@H]1CC(=O)N([C@@H](CC)C(N)=O)C1,1,O=C1CCCN1,212.29299999999995,0.8988999999999999,63.4,1,2,5,1,0,0.8181818181818182,15
CHEMBL1200885,Cc1[nH]cnc1CN1CCc2c(c3ccccc3n2C)C1=O,1,O=C1c2c([nH]c3ccccc23)CCN1Cc1c[nH]cn1,294.35800000000006,2.4083200000000007,53.92,1,2,2,4,3,0.29411764705882354,22
CHEMBL215237,CC(C)C(=O)N(CCN(Cc1cncn1C)c1ccc(C#N)cc1)Cc1ccccc1,0,c1ccc(CNCCN(Cc2cnc[nH]2)c2ccccc2)cc1,415.54100000000017,3.9831800000000026,65.16,0,4,9,3,3,0.32,31
CHEMBL3746374,O=C(O)C(=O)c1c(O)cc(O)cc1O,0,c1ccccc1,198.13,0.07069999999999993,115.06,4,5,2,1,1,0.0,14
CHEMBL3488508,CCc1cnc(CN(C(C)=O)C2CCN(CC3(O)CCCCC3)C2)o1,0,c1coc(CNC2CCN(CC3CCCCC3)C2)n1,349.47500000000025,2.3549999999999995,69.81,1,5,6,3,1,0.7894736842105263,25
CHEMBL1537373,CCc1cccc2c1NC(=O)C21N2CCCC2C(C(=O)c2ccc3ccccc3c2)C12C(=O)Nc1ccccc12,0,O=C(c1ccc2ccccc2c1)C1C2CCCN2C2(C(=O)Nc3ccccc32)C12C(=O)Nc1ccccc12,527.6240000000001,5.416800000000005,78.51,2,4,3,8,4,0.2647058823529412,40
CHEMBL254857,O=C(COc1ccc(Cl)cc1)N1CCN(Cc2ccc3c(c2)OCO3)CC1,1,O=C(COc1ccccc1)N1CCN(Cc2ccc3c(c2)OCO3)CC1,388.85100000000017,2.791900000000001,51.24000000000001,0,5,5,4,2,0.35,27
CHEMBL1736336,CC1(C)CCc2cc(S(=O)(=O)N3CCN(S(=O)(=O)c4c(F)cccc4F)CC3)ccc2O1,0,O=S(=O)(c1ccccc1)N1CCN(S(=O)(=O)c2ccc3c(c2)CCCO3)CC1,486.56200000000024,2.763600000000002,83.99000000000001,0,5,4,4,2,0.42857142857142855,32
CHEMBL1200497,CN1CCN(C(c2ccccc2)c2ccccc2)CC1,1,c1ccc(C(c2ccccc2)N2CCNCC2)cc1,266.38800000000003,3.0234000000000014,6.48,0,2,3,3,2,0.3333333333333333,20
CHEMBL1324,Cc1ccc(C(=O)c2cc(O)c(O)c([N+](=O)[O-])c2)cc1,1,O=C(c1ccccc1)c1ccccc1,273.24399999999997,2.545420000000002,100.67,2,5,3,2,2,0.07142857142857142,20
CHEMBL1571,C[C@]12C=CC(=O)C=C1CC[C@@H]1[C@@H]2CC[C@]2(C)OC(=O)CC[C@@H]12,1,O=C1C=CC2C(=C1)CCC1C3CCC(=O)OC3CCC21,300.3980000000001,3.5899000000000028,43.370000000000005,0,3,0,4,0,0.6842105263157895,22
CHEMBL3964154,CCCCCCCCCCCCc1ccc(NC(=O)C2(/C(N)=N/O)CC2)cc1,0,O=C(Nc1ccccc1)C1CC1,387.56800000000015,5.6151000000000035,87.71000000000001,3,3,14,2,1,0.6521739130434783,28
CHEMBL371216,FC(F)(F)c1cccc(/C=N/Oc2cc(Cl)cc(Cl)c2)c1,0,C(=NOc1ccccc1)c1ccccc1,334.124,5.425100000000002,21.59,0,2,3,2,2,0.07142857142857142,21
CHEMBL1201236,C[C@@](Cc1ccc(O)c(O)c1)(NN)C(=O)O,1,c1ccccc1,226.232,-0.05310000000000015,115.81000000000002,5,5,4,1,1,0.3,16
CHEMBL635,C[C@]12C=CC(=O)C=C1CC[C@@H]1[C@@H]2C(=O)C[C@@]2(C)[C@H]1CC[C@]2(O)C(=O)CO,1,O=C1C=CC2C(=C1)CCC1C3CCCC3CC(=O)C21,358.43400000000014,1.7658,91.67,2,5,2,4,0,0.6666666666666666,26
CHEMBL1395,C[C@]12CCC(=O)C=C1CC[C@@H]1[C@@H]2CC[C@@]2(C)[C@H]1CC[C@]2(C)O,1,O=C1C=C2CCC3C4CCCC4CCC3C2CC1,302.458,4.269300000000005,37.3,1,2,0,4,0,0.85,22
CHEMBL56564,CN1[C@@H]2CC[C@H]1C[C@@H](OC(=O)c1c[nH]c3ccccc13)C2,1,O=C(OC1CC2CCC(C1)N2)c1c[nH]c2ccccc12,284.3590000000001,2.9499000000000013,45.33,1,3,2,4,2,0.47058823529411764,21
CHEMBL2418266,COc1ccc2c(c1)C(=O)/C(=N/Nc1ccccc1)C(=O)N2,0,O=C1Nc2ccccc2C(=O)C1=NNc1ccccc1,295.29800000000006,2.2981,79.78999999999999,2,5,3,3,2,0.0625,22
CHEMBL592799,CS(=O)(=O)N(Cc1ccccc1)c1ccccc1C(=O)Nc1cc(Cl)ccc1Cl,0,O=C(Nc1ccccc1)c1ccccc1NCc1ccccc1,449.35900000000026,5.2119000000000035,66.48,1,3,6,3,3,0.09523809523809523,29
CHEMBL1381226,CC(C)CC(=O)Nc1ccc2nn(-c3ccccc3)nc2c1,0,c1ccc(-n2nc3ccccc3n2)cc1,294.35800000000006,3.405100000000002,59.81,1,3,4,3,3,0.23529411764705882,22
CHEMBL1350792,COc1ccc2[nH]cc(CCNC(=O)Cc3ccc(Br)cc3)c2c1,0,O=C(Cc1ccccc1)NCCc1c[nH]c2ccccc12,387.277,3.8404000000000025,54.12,2,2,6,3,3,0.21052631578947367,24
CHEMBL3989555,Cc1cccc(CN2CCN(C(c3ccccc3)c3ccc(Cl)cc3)CC2)c1,1,c1ccc(CN2CCN(C(c3ccccc3)c3ccccc3)CC2)cc1,390.9580000000002,5.555620000000006,6.48,0,2,5,4,3,0.28,28
CHEMBL1766,C[C@@H]1C[C@H]2[C@@H]3CCC4=CC(=O)C=C[C@]4(C)[C@@]3(F)[C@@H](O)C[C@]2(C)[C@H]1C(=O)CO,1,O=C1C=CC2C(=C1)CCC1C3CCCC3CCC21,376.4680000000002,2.7808000000000015,74.6,2,4,2,4,0,0.7272727272727273,27
CHEMBL432427,C/C(=N\N)c1c(C)n[nH]c1Nc1ccc(C(F)(F)F)cc1,0,c1ccc(Nc2ccn[nH]2)cc1,297.284,3.163220000000001,79.09,3,4,3,2,2,0.23076923076923078,21
CHEMBL2007808,COC(=O)C1Cc2c([nH]c3ccccc23)C=N1,0,C1=NCCc2c1[nH]c1ccccc21,228.25100000000003,1.6844999999999999,54.45,1,3,1,3,2,0.23076923076923078,17
CHEMBL1349278,CCc1cc(O)n2nc(C)c(-c3ccccc3OC)c2n1,0,c1ccc(-c2cnn3cccnc23)cc1,283.331,2.981320000000001,59.650000000000006,1,4,3,3,3,0.25,21
CHEMBL1615372,O=C1[C@@H]2[C@H]3CC[C@H](C3)[C@@H]2C(=O)N1C[C@@H]1CCCC[C@H]1CN1CCN(c2nsc3ccccc23)CC1,1,O=C1C2C3CCC(C3)C2C(=O)N1CC1CCCCC1CN1CCN(c2nsc3ccccc23)CC1,492.68900000000025,4.255800000000003,56.75000000000001,0,6,5,7,2,0.6785714285714286,35
CHEMBL2107239,CC(=O)Nc1c(I)c(C(=O)O)c(I)c(C(=O)NCCO)c1I,1,c1ccccc1,643.9410000000001,1.8790999999999998,115.73,4,4,5,1,1,0.25,22
CHEMBL1915092,O=C(CCc1ccc(F)cc1)c1ccccc1OCC(O)CN1CCC(O)(c2ccc(Cl)cc2)CC1,0,O=C(CCc1ccccc1)c1ccccc1OCCCN1CCC(c2ccccc2)CC1,512.0210000000003,5.017900000000005,70.0,2,5,10,4,3,0.3448275862068966,36
CHEMBL1200859,CCN(CC)c1ccc(C(=C2C=CC(=[N+](CC)CC)C=C2)c2cc(S(=O)(=O)O)ccc2S(=O)(=O)[O-])cc1,1,[N+]=C1C=CC(=C(c2ccccc2)c2ccccc2)C=C1,544.6950000000002,4.104800000000004,117.82,1,6,9,3,2,0.2962962962962963,37
CHEMBL4112894,Cc1nn(C)c(C)c1NS(=O)(=O)c1ccc(CN2CCCCC2)cc1,0,O=S(=O)(Nc1cn[nH]c1)c1ccc(CN2CCCCC2)cc1,362.4990000000002,2.823640000000001,67.23,1,4,5,3,2,0.5,25
CHEMBL2407883,CCN(CC)c1ncc(N(C(C)C)S(C)(=O)=O)c(N[C@@H](Cc2ccc(OC(=O)N3CCCC3)cc2)C(=O)O)n1,0,O=C(Oc1ccc(CCNc2ccncn2)cc1)N1CCCC1,562.6930000000004,3.199600000000001,145.26999999999998,2,9,12,3,2,0.5384615384615384,39
CHEMBL324299,C=CCOC(=O)[C@H]1[C@H]2CC[C@H]3C[C@@]4(CCC=C[C@H](CC)O4)NC(=[N+]32)N[C@@]12CCC[C@@H](C)O2,0,C1=CCOC2(CC1)CC1CCC3CC4(CCCCO4)NC(=[N+]13)N2,444.59600000000023,2.954600000000001,71.83,2,6,4,5,0,0.76,32
CHEMBL1448,O=C(Nc1ccc([N+](=O)[O-])cc1Cl)c1cc(Cl)ccc1O,1,O=C(Nc1ccccc1)c1ccccc1,327.12300000000005,3.859500000000001,92.47,2,4,3,2,2,0.0,21
CHEMBL3303055,CC1C2Cc3ccc(O)cc3C1(c1ccccc1)CCN2CC(=O)c1ccccc1,0,O=C(CN1CCC2(c3ccccc3)CC1Cc1ccccc12)c1ccccc1,397.51800000000014,4.827700000000004,40.54,1,3,4,5,3,0.2962962962962963,30
CHEMBL1627367,C[C@]12CC[C@@H]3c4ccc(O)cc4CC[C@H]3[C@@H]1C[C@@H](F)[C@@H]2O,1,c1ccc2c(c1)CCC1C2CCC2CCCC21,290.378,3.557200000000002,40.46,2,2,0,4,1,0.6666666666666666,21
CHEMBL3740998,CCOC(=O)N1CCN(S(=O)(=O)c2ccc(OC[C@@]3(C)Cn4cc([N+](=O)[O-])nc4O3)cc2)CC1,0,O=S(=O)(c1ccc(OCC2Cn3ccnc3O2)cc1)N1CCNCC1,495.5140000000004,1.484199999999999,146.34,0,9,7,4,2,0.5,34
CHEMBL3338653,CCN(CC)C(=O)/C=C/c1cc2c(c(C(F)(F)F)c1)OCO2,0,c1ccc2c(c1)OCO2,315.29100000000005,3.3157000000000023,38.77,0,3,4,2,1,0.4,22
CHEMBL1397077,COc1ccc(C(CNc2ccc(S(=O)(=O)N3CCN(C)CC3)cc2[N+](=O)[O-])N(C)C)cc1,0,O=S(=O)(c1ccc(NCCc2ccccc2)cc1)N1CCNCC1,477.58700000000033,2.2543000000000006,108.26,1,8,9,3,2,0.45454545454545453,33
CHEMBL1236315,O=C(O)[C@H](O)[C@@H](O)C(=O)O,1,,150.08599999999998,-2.1226,115.06000000000002,4,4,3,0,0,0.5,10
CHEMBL3707266,CN(C)C(=O)c1cc2cnc(Nc3ccc(N4CCNCC4)cn3)nc2n1C1CCCC1,1,c1cc(Nc2ncc3ccn(C4CCCC4)c3n2)ncc1N1CCNCC1,434.54800000000023,2.7964,91.21000000000001,2,7,5,5,3,0.4782608695652174,32
CHEMBL1200770,CC(=O)N(CC(C)C(=O)O)c1c(I)cc(I)c(N)c1I,1,c1ccccc1,613.9590000000001,3.156200000000001,83.63,2,3,4,1,1,0.3333333333333333,20
CHEMBL1201116,CC1(C)S[C@@H]2[C@H](N3C(=O)[C@@H](c4ccccc4)NC3(C)C)C(=O)N2[C@H]1C(=O)O,1,O=C1C(N2CNC(c3ccccc3)C2=O)C2SCCN12,389.4770000000002,1.4111,89.95,2,5,3,4,1,0.5263157894736842,27
CHEMBL3910693,CCN(c1cc(Cl)cc(C(=O)NCc2c(C)cc(C)[nH]c2=O)c1C)[C@H]1CC[C@H](N(C)CC(F)F)CC1,0,O=C(NCc1ccc[nH]c1=O)c1cccc(NC2CCCCC2)c1,523.0680000000002,5.217960000000005,68.44,2,4,9,3,2,0.5555555555555556,36
CHEMBL1593906,CCC(=O)O[C@@](Cc1ccccc1)(c1ccccc1)[C@@H](C)CN(C)C,1,c1ccc(CCc2ccccc2)cc1,339.47900000000016,4.275500000000004,29.54,0,3,8,2,2,0.4090909090909091,25
CHEMBL3632742,Cc1c(C(=O)O)sc2ncnc(Nc3ccc(F)cc3OC(C)C)c12,0,c1ccc(Nc2ncnc3sccc23)cc1,361.39800000000014,4.367820000000003,84.34,2,6,5,3,3,0.23529411764705882,25
CHEMBL5314934,CC1(C)C[C@@H]2CCCNc3cccc(n3)S(=O)(=O)NC(=O)c3ccc(-n4ccc(OCCC5C6(CC6)C56CC6)n4)nc3N1C2,1,O=C1NS(=O)(=O)c2cccc(n2)NCCCC2CCN(C2)c2nc(-n3ccc(OCCC4C5(CC5)C45CC5)n3)ccc21,617.776,4.5507000000000035,131.34000000000003,2,9,5,8,3,0.5625,44
CHEMBL2442796,COc1cc([C@@H]2c3cc4c(cc3[C@@H](Nc3ccccc3OCCCCC(=O)NO)[C@H]3COC(=O)[C@H]23)OCO4)cc(OC)c1O,0,O=C1OCC2C(Nc3ccccc3)c3cc4c(cc3C(c3ccccc3)C12)OCO4,606.6280000000005,4.2805000000000035,154.04,4,11,11,6,3,0.375,44
CHEMBL464,CCOC(=O)/C=C(C)/C=C/C=C(C)/C=C/c1c(C)cc(OC)c(C)c1C,1,c1ccccc1,354.4900000000001,5.645560000000007,35.53,0,3,7,1,1,0.34782608695652173,26
CHEMBL452231,COc1cc([C@@H]2c3cc4c(cc3[C@@H](O[C@@H]3O[C@@H]5CO[C@@H](c6cccs6)O[C@H]5[C@H](O)[C@H]3O)[C@H]3COC(=O)[C@H]23)OCO4)cc(OC)c1O,1,O=C1OCC2C(OC3CCC4OC(c5cccs5)OCC4O3)c3cc4c(cc3C(c3ccccc3)C12)OCO4,656.6620000000001,2.752900000000001,160.83,3,14,6,8,3,0.46875,46
CHEMBL271227,CC(=O)O[C@H]1CC[C@@]2(C)C(=CC[C@@H]3[C@@H]2CC[C@]2(C)C(c4cccnc4)=CC[C@@H]32)C1,1,C1=C2CCCCC2C2CCC3C(c4cccnc4)=CCC3C2C1,391.5550000000001,5.9694000000000065,39.19,0,3,2,5,1,0.6153846153846154,29
CHEMBL3677873,CC(C)N1CCN(C(=O)[C@H]2CC2c2ccccc2)CC1,0,O=C(C1CC1c1ccccc1)N1CCNCC1,272.3920000000001,2.3427000000000007,23.55,0,2,3,3,1,0.5882352941176471,20
CHEMBL256997,O=C(O)c1cccc(-c2noc(-c3ccccc3F)n2)c1,1,c1ccc(-c2noc(-c3ccccc3)n2)cc1,284.246,3.240900000000001,76.22,1,4,3,3,3,0.0,21
CHEMBL1607535,CC(CN1CCOCC1)OC(=O)c1ccc(Cl)cc1,0,O=C(OCCN1CCOCC1)c1ccccc1,283.755,2.2175000000000002,38.77,0,4,4,2,1,0.5,19
CHEMBL2159122,COc1ccc(CN(C(=O)[C@@H](N)Cc2c(C)cc(C(N)=O)cc2C)[C@@H](C)c2ncc(-c3ccccc3)[nH]2)cc1C(=O)O,1,O=C(CCc1ccccc1)N(Cc1ccccc1)Cc1ncc(-c2ccccc2)[nH]1,569.6620000000003,4.159040000000003,164.63,4,6,11,4,4,0.25,42
CHEMBL524004,C[N+]1(C)CCCC(OC(=O)C(O)(c2ccccc2)c2ccccc2)C1,1,O=C(OC1CCC[NH2+]C1)C(c1ccccc1)c1ccccc1,340.4430000000001,2.7045000000000012,46.53,1,3,4,3,2,0.38095238095238093,25
CHEMBL1516172,Cc1ccc(-n2c(=O)c3sc4ccccc4c3n(CC(=O)NC3CCCC3)c2=O)cc1C,0,O=C(Cn1c(=O)n(-c2ccccc2)c(=O)c2sc3ccccc3c21)NC1CCCC1,447.56000000000034,4.042740000000002,73.1,1,4,4,5,4,0.32,32
CHEMBL2253417,COP(=O)(O)C(OC(=O)COc1ccc(Cl)cc1Cl)c1ccc(Cl)cc1,0,O=C(COc1ccccc1)OCc1ccccc1,439.615,5.099400000000003,82.06000000000002,1,5,7,2,2,0.1875,26
CHEMBL4090160,CCCCn1cc(CO)[n+](CCC)n1,0,c1c[nH+]n[nH]1,198.28999999999994,0.8729999999999998,41.93,1,2,6,1,1,0.8,14
CHEMBL1095097,COC(=O)[C@@H]1CC2=CC(=O)CC[C@]2(C)[C@@]23O[C@@H]2C[C@@]2(C)[C@@H](CC[C@@]24CCC(=O)O4)[C@H]13,1,O=C1C=C2CCC3C4CCC5(CCC(=O)O5)C4CC4OC43C2CC1,414.4980000000003,3.124500000000002,82.2,0,6,1,6,0,0.7916666666666666,30
CHEMBL4208954,NCC[C@H](O)C(=O)N[C@@H]1C[C@H](N)[C@@H](O[C@H]2O[C@H](CN)[C@@H](O)[C@H](O)[C@H]2O)[C@H](O)[C@H]1O[C@H]1O[C@H](CO)[C@@H](O)[C@H](N)[C@H]1O,1,C1CCC(OC2CCCC(OC3CCCCO3)C2)OC1,585.6080000000002,-8.424200000000015,331.93999999999994,13,17,10,3,0,0.9545454545454546,40
CHEMBL16073,CCOc1ccc(NC(C)=O)cc1,1,c1ccccc1,179.219,2.0437,38.33,1,2,3,1,1,0.3,13
CHEMBL149851,CCC1(O)CC(=O)OCc2c1cc1n(c2=O)Cc2cc3cc(OC)c(F)cc3nc2-1,0,O=C1CCc2cc3n(c(=O)c2CO1)Cc1cc2ccccc2nc1-3,410.4010000000001,2.617400000000001,90.65,1,6,2,5,3,0.3181818181818182,30
CHEMBL1200890,COc1ccc2c3c1O[C@H]1C(=O)CC[C@@]4(O)[C@@H](C2)N(C)CC[C@]314,1,O=C1CCC2C3Cc4cccc5c4C2(CCN3)C1O5,315.3690000000001,1.0481999999999998,59.00000000000001,1,5,1,5,1,0.6111111111111112,23
CHEMBL1201264,CC[N+](C)(CC)CCOC(=O)C1c2ccccc2Oc2ccccc21,1,c1ccc2c(c1)Cc1ccccc1O2,340.4430000000001,3.953800000000003,35.53,0,3,6,3,2,0.38095238095238093,25
CHEMBL3933478,N#Cc1cc(Oc2ccc(-n3cc(C(=O)C(=O)NC[C@H](O)CO)c4ccccc43)cc2)ccc1C(F)(F)F,0,c1ccc(Oc2ccc(-n3ccc4ccccc43)cc2)cc1,523.4670000000001,3.9653800000000023,124.58000000000001,3,6,8,4,4,0.14814814814814814,38
CHEMBL3989887,C=CC[C@@H]1/C=C(\C)C[C@H](C)C[C@H](OC)[C@H]2O[C@@](O)(C(=O)C(=O)N3CCCC[C@H]3C(=O)O[C@H](/C(C)=C/[C@@H]3CC[C@@H](O)[C@H](OC)C3)[C@H](C)[C@@H](O)CC1=O)[C@H](C)C[C@@H]2OC,1,O=C1CC=CCCCCC2CCCC(O2)C(=O)C(=O)N2CCCCC2C(=O)OC(C=CC2CCCCC2)CCC1,804.0310000000001,4.639000000000004,178.35999999999996,3,12,7,4,0,0.7727272727272727,57
CHEMBL1568670,COc1ccc(OCC(=O)NNC(=O)Nc2cccc(Cl)c2)cc1,0,O=C(COc1ccccc1)NNC(=O)Nc1ccccc1,349.7740000000001,2.5803000000000003,88.69,3,4,5,2,2,0.125,24
CHEMBL108565,O=C(NO)C1COC(c2cccnc2)=N1,0,c1cncc(C2=NCCO2)c1,207.18900000000002,-0.2676000000000007,83.81,2,5,2,2,1,0.2222222222222222,15
CHEMBL2385568,O=C(O)Cc1ccc(Nc2nc(-c3ccccc3)nc3c2CCCCC3)cc1,0,c1ccc(Nc2nc(-c3ccccc3)nc3c2CCCCC3)cc1,373.4560000000003,4.783200000000004,75.11,2,4,5,4,3,0.2608695652173913,28
CHEMBL608,CC(C)(Sc1cc(C(C)(C)C)c(O)c(C(C)(C)C)c1)Sc1cc(C(C)(C)C)c(O)c(C(C)(C)C)c1,1,c1ccc(SCSc2ccccc2)cc1,516.8570000000003,9.908299999999995,40.46,2,4,4,2,2,0.6129032258064516,35
CHEMBL1862265,Cc1cn(Cc2coc(-c3ccccc3Br)n2)c(C)n1,0,c1ccc(-c2nc(Cn3ccnc3)co2)cc1,332.201,3.965740000000002,43.85,0,3,3,3,3,0.2,20
CHEMBL4176957,COc1cccc([C@H](O)COC(=O)/C=C/c2ccccc2)c1,0,O=C(C=Cc1ccccc1)OCCc1ccccc1,298.33799999999997,2.9852000000000016,55.76,1,4,6,2,2,0.16666666666666666,22
CHEMBL203481,Cc1ccccc1-c1cccnc1N(C)C(=O)C(C)(C)c1cc(C(F)(F)F)cc(C(F)(F)F)c1,0,O=C(Cc1ccccc1)Nc1ncccc1-c1ccccc1,480.45200000000006,7.035220000000005,33.2,0,2,4,3,3,0.28,34
CHEMBL1301575,Cc1cc(N2CCN(c3nnnn3-c3ccccc3)CC2)n2ncnc2n1,0,c1ccc(-n2nnnc2N2CCN(c3ccnc4ncnn34)CC2)cc1,362.4010000000002,0.7350199999999996,93.16000000000001,0,8,3,5,4,0.29411764705882354,27
CHEMBL1054,NS(=O)(=O)c1cc2c(cc1Cl)NC(C(Cl)Cl)NS2(=O)=O,1,O=S1(=O)NCNc2ccccc21,380.66200000000003,0.8210000000000004,118.35999999999999,3,5,2,2,1,0.25,20
CHEMBL2070281,CCCCCCn1cc(COc2ccc3c(c2)OC(c2ccc(OC)cc2)CC3=O)nn1,0,O=C1CC(c2ccccc2)Oc2cc(OCc3c[nH]nn3)ccc21,435.52400000000017,5.152500000000005,75.47,0,6,10,4,3,0.4,32
CHEMBL3462040,Cc1ncccc1C(=O)Nc1cccc2c1C(=O)NC2,0,O=C(Nc1cccc2c1C(=O)NC2)c1cccnc1,267.288,1.88572,71.09,2,3,2,3,2,0.13333333333333333,20
CHEMBL268869,COc1ccc(NS(=O)(=O)c2ccc(N)cc2)nn1,1,O=S(=O)(Nc1cccnn1)c1ccccc1,280.30899999999997,0.8681999999999999,107.2,2,6,4,2,2,0.09090909090909091,19
CHEMBL365795,CC(C(=O)O)c1ccc(C(=O)c2ccccc2)s1,1,O=C(c1ccccc1)c1cccs1,260.31399999999996,3.167200000000001,54.37,1,3,4,2,2,0.14285714285714285,18
CHEMBL2106643,COc1c(C)c2c(c(O)c1C/C=C(\C)CCC(=O)O)C(=O)OC2,1,O=C1OCc2ccccc21,320.341,2.73322,93.06000000000002,2,5,6,2,1,0.4117647058823529,23
CHEMBL130063,CCN(CC)CCCCNc1ncc(C)c2c1c1cc(O)ccc1n2C,0,c1ccc2c(c1)[nH]c1ccncc12,354.4980000000001,4.274420000000004,53.32,2,4,8,3,3,0.47619047619047616,26
CHEMBL4107095,Cc1cc(CN(C)C)cc(-c2ccc(S(=O)(=O)Nc3c(CC(C)C)nn(C)c3C)cc2)c1,0,O=S(=O)(Nc1cn[nH]c1)c1ccc(-c2ccccc2)cc1,454.6400000000002,4.764840000000004,67.23,1,4,8,3,3,0.4,32
CHEMBL4110468,CNC[C@@H](NC(=O)c1ccc(-c2nc(C3CCOCC3)cnc2N)cc1F)c1cc(F)cc(Br)c1,0,O=C(NCc1ccccc1)c1ccc(-c2cncc(C3CCOCC3)n2)cc1,546.4160000000002,4.3510000000000035,102.16,3,6,7,4,3,0.32,35
CHEMBL585,Nc1nc(N)c2nc(-c3ccccc3)c(N)nc2n1,1,c1ccc(-c2cnc3ncncc3n2)cc1,253.26900000000003,0.8334000000000001,129.62,3,7,1,3,3,0.0,19
CHEMBL1935610,CCC/C=C/C(=O)N1Cc2cc(OCCc3nc(/C=C/CCC(C)C)oc3C)ccc2C[C@H]1C(=O)O,0,c1nc(CCOc2ccc3c(c2)CNCC3)co1,494.6320000000003,5.7481200000000054,92.87000000000002,1,5,12,3,2,0.4827586206896552,36
CHEMBL3935962,Cc1ccc2cnccc2c1N1CCOc2cc(S(=O)(=O)Nc3nccs3)ccc21,0,O=S(=O)(Nc1nccs1)c1ccc2c(c1)OCCN2c1cccc2cnccc12,438.53400000000005,4.331020000000003,84.42,1,7,4,5,4,0.14285714285714285,30
CHEMBL1444,N#Cc1ccc(C(c2ccc(C#N)cc2)n2cncn2)cc1,1,c1ccc(C(c2ccccc2)n2cncn2)cc1,285.31,2.65916,78.29,0,4,3,3,3,0.058823529411764705,22
CHEMBL3989564,NC[C@H]1O[C@H](O[C@H]2[C@H](O)[C@@H](O[C@H]3O[C@H](CO)[C@@H](O)[C@H](N)[C@H]3O)[C@H](N)C[C@@H]2N)[C@H](N)C[C@@H]1O,1,C1CCC(OC2CCCC(OC3CCCCO3)C2)OC1,467.5200000000002,-6.295800000000006,268.1700000000001,10,14,6,3,0,1.0,32
CHEMBL3989406,C[C@H](N[C@@H](CCc1ccccc1)C(=O)O)C(=O)N1CCC[C@H]1C(=O)O,1,O=C(CNCCCc1ccccc1)N1CCCC1,348.39900000000017,1.1261000000000003,106.94000000000001,3,4,8,2,1,0.5,25
CHEMBL717,CC(=O)O[C@]1(C(C)=O)CC[C@H]2[C@@H]3C[C@H](C)C4=CC(=O)CC[C@]4(C)[C@H]3CC[C@@]21C,1,O=C1C=C2CCC3C4CCCC4CCC3C2CC1,386.53200000000027,4.655200000000004,60.440000000000005,0,4,2,4,0,0.7916666666666666,28
CHEMBL148181,CN/C(=C/[N+](=O)[O-])NCCSCc1[nH]cnc1C,0,c1c[nH]cn1,271.346,0.8359199999999993,95.88000000000001,3,6,8,1,1,0.5,18
CHEMBL161396,CCCc1cc(C(C)=O)ccc1OCCCCCC(=O)O,0,c1ccccc1,292.37499999999994,3.8655000000000026,63.60000000000001,1,3,10,1,1,0.5294117647058824,21
CHEMBL1454910,O=[N+]([O-])c1ccc(O)c2ncccc12,1,c1ccc2ncccc2c1,190.158,1.8485999999999996,76.26,1,4,1,2,2,0.0,14
CHEMBL3707395,CSc1ccc(C(=O)/C=C/c2cc(C)c(OC(C)(C)C(=O)O)c(C)c2)cc1,1,O=C(C=Cc1ccccc1)c1ccccc1,384.49700000000007,5.163440000000004,63.60000000000001,1,4,7,2,2,0.2727272727272727,27
CHEMBL45,COc1ccc2[nH]cc(CCNC(C)=O)c2c1,1,c1ccc2[nH]ccc2c1,232.28299999999996,1.8550999999999997,54.12,2,2,4,2,2,0.3076923076923077,17
CHEMBL18,CCOc1ccc2nc(S(N)(=O)=O)sc2c1,1,c1ccc2scnc2c1,258.32399999999996,1.3424,82.28,1,5,3,2,2,0.2222222222222222,16
CHEMBL3989754,CC(C(=O)O)c1ccc(-c2ccccc2)c(F)c1,1,c1ccc(-c2ccccc2)cc1,244.265,3.6808000000000023,37.3,1,1,3,2,2,0.13333333333333333,18
CHEMBL1437017,CSc1ccc(CNC(=O)C2CCCN(S(=O)(=O)N(C)c3ccc(F)cc3)C2)cc1,0,O=C(NCc1ccccc1)C1CCCN(S(=O)(=O)Nc2ccccc2)C1,451.5890000000001,3.2570000000000023,69.72,1,4,7,3,2,0.38095238095238093,30
CHEMBL32479,Cc1nnc2n1-c1sc(Br)cc1C(c1ccccc1Cl)=NC2,1,c1ccc(C2=NCc3nncn3-c3sccc32)cc1,393.69700000000006,4.404120000000002,43.07,0,4,1,4,3,0.13333333333333333,22
CHEMBL1200380,Nc1nc(O)c2ncn(COCCO)c2n1,1,c1ncc2nc[nH]c2n1,225.20799999999994,-0.9195,119.31000000000002,3,7,4,2,2,0.375,16
CHEMBL2105629,CC[C@]12C=CCN3CC[C@@]4(c5cc([C@@]6(C(=O)OC)C[C@@H]7C[C@@H](C(C)(F)F)CN(Cc8c6[nH]c6ccccc86)C7)c(OC)cc5N(C)[C@H]4[C@@](O)(C(=O)OC)[C@@H]1OC(C)=O)[C@@H]32,1,C1=CC2CCC3Nc4ccc(C5CC6CCCN(Cc7c5[nH]c5ccccc75)C6)cc4C34CCN(C1)C24,816.943,5.078700000000006,133.87,2,11,7,9,3,0.5777777777777777,59
CHEMBL1974930,CCOC(=O)c1cc(-c2ccc([N+](=O)[O-])cc2)c([N+](=O)[O-])[nH]1,0,c1ccc(-c2cc[nH]c2)cc1,305.24600000000004,2.6748000000000003,128.37,1,6,5,2,2,0.15384615384615385,22
CHEMBL301749,COc1cc2nc(N3CCN(c4ccnc(N5CCOCC5)n4)CC3)nc(N)c2cc1OC,0,c1ccc2nc(N3CCN(c4ccnc(N5CCOCC5)n4)CC3)ncc2c1,452.51900000000035,1.1824000000000006,114.99000000000001,1,11,5,5,3,0.45454545454545453,33
CHEMBL421701,CCN1/C(=C/C=C/C=C/c2sc3ccccc3[n+]2CC)Sc2ccccc21,1,C(=CC=C1Nc2ccccc2S1)C=Cc1[nH+]c2ccccc2s1,391.5850000000001,6.251700000000006,7.12,0,3,5,4,3,0.17391304347826086,27
CHEMBL1009,N[C@@H](Cc1ccc(O)c(O)c1)C(=O)O,1,c1ccccc1,197.18999999999997,0.052200000000000135,103.78000000000002,4,4,3,1,1,0.2222222222222222,14
CHEMBL973,C/C(O)=C(\C#N)C(=O)Nc1ccc(C(F)(F)F)cc1,1,c1ccccc1,270.21,2.99948,73.11999999999999,2,3,2,1,1,0.16666666666666666,19
CHEMBL1431766,Cc1cccc(NC(=O)Nc2ccccn2)c1C,0,O=C(Nc1ccccc1)Nc1ccccn1,241.294,3.3424400000000007,54.02,2,2,2,2,2,0.14285714285714285,18
CHEMBL3211876,C/C(=N\NC(=O)CC1(C)OCCO1)c1cccs1,0,O=C(CC1OCCO1)NN=Cc1cccs1,268.33799999999997,1.7413999999999998,59.92,1,5,4,2,1,0.5,18
CHEMBL1333576,COC(=O)c1ccc(OC(=O)CCc2cc(OC)c(OC)c(OC)c2)cc1,0,O=C(CCc1ccccc1)Oc1ccccc1,374.38900000000007,3.0372000000000012,80.29,0,7,8,2,2,0.3,27
CHEMBL11,CN(C)CCCN1c2ccccc2CCc2ccccc21,1,c1ccc2c(c1)CCc1ccccc1N2,280.415,3.8750000000000027,6.48,0,2,4,3,2,0.3684210526315789,21
CHEMBL4213089,O=C(O)CCc1ccc(NC(=O)c2nnc(CC(c3ccccc3)c3ccc4c(c3)OCO4)s2)cc1,0,O=C(Nc1ccccc1)c1nnc(CC(c2ccccc2)c2ccc3c(c2)OCO3)s1,501.5640000000002,4.910900000000004,110.64000000000001,2,7,9,5,4,0.18518518518518517,36
CHEMBL1873489,CC1(C(=O)Nc2ccc(F)c(Cl)c2)Cc2c(-c3cccc(C(F)(F)F)c3)ccnc2O1,0,O=C(Nc1ccccc1)C1Cc2c(-c3ccccc3)ccnc2O1,450.819,5.892200000000003,51.22,1,3,3,4,3,0.18181818181818182,31
CHEMBL101,CCCCC1C(=O)N(c2ccccc2)N(c2ccccc2)C1=O,1,O=C1CC(=O)N(c2ccccc2)N1c1ccccc1,308.3810000000001,3.7878000000000025,40.620000000000005,0,2,5,3,2,0.2631578947368421,23
CHEMBL476960,OCC(CO)N[C@H]1C[C@](O)(CO)[C@@H](O)[C@H](O)[C@H]1O,1,C1CCCCC1,267.278,-4.492399999999994,153.64,8,8,5,1,0,1.0,18
CHEMBL74632,CO[C@@]1(NC(=O)C(C(=O)O)c2ccc(O)cc2)C(=O)N2C(C(=O)O)=C(CSc3nnnn3C)CO[C@@H]21,1,O=C(Cc1ccccc1)NC1C(=O)N2C=C(CSc3nnn[nH]3)COC12,520.4800000000004,-1.127699999999999,206.29999999999998,4,11,9,4,2,0.35,36
CHEMBL195825,Cc1ccc2c(c1F)CSc1c(C(F)(F)F)nn(-c3ccc(S(N)(=O)=O)cc3)c1-2,0,c1ccc(-n2ncc3c2-c2ccccc2CS3)cc1,443.4470000000001,4.258720000000003,77.98,1,4,2,4,3,0.16666666666666666,29
CHEMBL506047,CC(C)(C)c1cc(C(C)(C)C)c2[nH]c(C(C)(C)C)c(C[C@H](NC(=O)[C@@H](N)CCCNC(=N)N)C(=O)N[C@@H](CCCNC(=N)N)C(N)=O)c2c1,0,c1ccc2[nH]ccc2c1,683.9469999999998,1.9116400000000071,266.90000000000003,11,6,15,2,2,0.6285714285714286,49
CHEMBL3906613,CNC(=O)c1ccc(F)c(Nc2ncnc(N3CC(Oc4ccc(F)cc4)C3)n2)c1,0,c1ccc(Nc2ncnc(N3CC(Oc4ccccc4)C3)n2)cc1,412.40000000000015,2.520600000000001,92.27,2,7,6,4,3,0.2,30
CHEMBL1644,CC1=C(C(=O)O)N2C(=O)[C@@H](NC(=O)[C@H](N)c3ccc(O)cc3)[C@H]2SC1,1,O=C(Cc1ccccc1)NC1C(=O)N2C=CCSC12,363.3950000000001,0.15050000000000108,132.96,4,6,4,3,1,0.3125,25
CHEMBL3185958,CCN(CC)CCOc1ccc(C(=C(Cl)c2ccccc2)c2ccccc2)cc1,1,C(=C(c1ccccc1)c1ccccc1)c1ccccc1,405.96900000000005,6.562600000000006,12.47,0,2,9,3,3,0.23076923076923078,29
CHEMBL4802130,CC(C)NC(=O)COc1cccc(-c2nc(Nc3ccc4[nH]ncc4c3)c3ccccc3n2)c1,1,c1ccc(-c2nc(Nc3ccc4[nH]ncc4c3)c3ccccc3n2)cc1,452.51800000000014,4.820100000000003,104.82,3,6,7,5,5,0.15384615384615385,34
CHEMBL419428,COCCOc1cc2ncc(C#N)c(Nc3cc(OC)c(OC)c(OC)c3)c2cc1OCCOC,0,c1ccc(Nc2ccnc3ccccc23)cc1,483.5210000000004,3.926280000000003,113.32000000000002,1,10,13,3,3,0.36,35
CHEMBL1504536,COc1ccc2c(C(F)(F)F)cc(=O)oc2c1C,0,O=c1ccc2ccccc2o1,258.19499999999994,3.128820000000002,39.44,0,3,1,2,2,0.25,18
CHEMBL534,CN1CCC(=C2c3ccccc3CC(=O)c3sccc32)CC1,1,O=C1Cc2ccccc2C(=C2CCNCC2)c2ccsc21,309.4340000000001,4.014400000000004,20.310000000000002,0,3,0,4,2,0.3157894736842105,22
CHEMBL2219980,Clc1cccc(Sc2ccccc2N2CCNCC2)c1Cl,0,c1ccc(Sc2ccccc2N2CCNCC2)cc1,339.29100000000005,4.554200000000003,15.27,1,3,3,3,2,0.25,21
CHEMBL1990874,CC1(C)CC[C@]2(C)CC=C3[C@]4(C)CC[C@H]5C(C)(C)C(=O)CC[C@]5(C)[C@H]4CC[C@@]3(C)[C@H]2C1,0,O=C1CCC2C(CCC3C4=CCC5CCCCC5C4CCC32)C1,424.7130000000003,8.377100000000006,17.07,0,1,0,5,0,0.9,31
CHEMBL139448,C[N+]1(Cc2ccccc2)CCN(C(=O)CCCCCCC(=O)N2CC[N+](C)(Cc3ccccc3)CC2)CC1,0,O=C(CCCCCCC(=O)N1CC[NH+](Cc2ccccc2)CC1)N1CC[NH+](Cc2ccccc2)CC1,520.7620000000003,4.305000000000003,40.620000000000005,0,2,11,4,2,0.5625,38
CHEMBL249856,CSc1ccc(C(=O)c2[nH]c(=O)[nH]c2C)cc1,1,O=C(c1ccccc1)c1c[nH]c(=O)[nH]1,248.307,1.9643199999999998,65.72,2,3,3,2,2,0.16666666666666666,17
CHEMBL4070642,C=C1C(=O)Oc2c(OC)cccc2C1CC(C)=O,0,C=C1Cc2ccccc2OC1=O,246.26199999999997,2.2331000000000003,52.6,0,4,3,2,1,0.2857142857142857,18
CHEMBL3903271,O=c1[nH]nc(CCc2ccccc2)c2c1CCCC2,0,O=c1[nH]nc(CCc2ccccc2)c2c1CCCC2,254.33299999999994,2.4339000000000004,45.75,1,2,3,3,2,0.375,19
CHEMBL1589,CC(=O)c1ccc(S(=O)(=O)NC(=O)NC2CCCCC2)cc1,1,O=C(NC1CCCCC1)NS(=O)(=O)c1ccccc1,324.4020000000001,2.2098000000000004,92.34,2,4,4,2,1,0.4666666666666667,22
CHEMBL856,CCC1(c2ccccc2)C(=O)NCNC1=O,1,O=C1NCNC(=O)C1c1ccccc1,218.25599999999994,0.5378999999999999,58.2,2,2,2,2,1,0.3333333333333333,16
CHEMBL198627,COc1cccc(/C=C(\C#N)C(=O)NCCNC(=O)/C(C#N)=C/c2cccc(OC)c2)c1,0,O=C(C=Cc1ccccc1)NCCNC(=O)C=Cc1ccccc1,430.46400000000017,2.45036,124.24,2,6,9,2,2,0.16666666666666666,32
CHEMBL2364635,COc1cc(C)c2c(Oc3cccc(C(F)(F)F)c3)c(OC)cc(NC(C)CCCN)c2n1,1,c1ccc(Oc2cccc3ncccc23)cc1,463.5000000000003,5.910820000000005,78.63,2,6,9,3,3,0.375,33
CHEMBL1201064,CC(=O)O[C@]1(C(C)=O)CC[C@H]2[C@@H]3C[C@H](C)C4=CC(=O)C=C[C@]4(C)[C@@]3(F)[C@@H](O)C[C@@]21C,1,O=C1C=CC2C(=C1)CCC1C3CCCC3CCC21,418.50500000000017,3.494100000000002,80.67,1,5,2,4,0,0.7083333333333334,30
CHEMBL356692,C[C@@H](O)c1nccc(N2CCN(c3nc4cnccc4o3)CC2)n1,0,c1cc(N2CCN(c3nc4cnccc4o3)CC2)ncn1,326.3600000000001,1.3926999999999998,91.41000000000001,1,8,3,4,3,0.375,24
CHEMBL450449,COc1cc2c(cc1O)CCN[C@]21CS[C@@H]2c3c(OC(C)=O)c(C)c4c(c3[C@H](COC1=O)N1[C@@H]2[C@H]2c3c(cc(C)c(OC)c3O)C[C@@H]([C@@H]1O)N2C)OCO4,1,O=C1OCC2c3c(ccc4c3OCO4)C(SCC13NCCc1ccccc13)C1C3NC(Cc4ccccc43)CN21,761.8500000000001,3.413240000000002,168.72,4,15,3,10,3,0.48717948717948717,54
CHEMBL1381896,Cc1ccc(C)n1CCN1CCN(CC(=O)Nc2cc(C(F)(F)F)ccc2Cl)CC1,0,O=C(CN1CCN(CCn2cccc2)CC1)Nc1ccccc1,442.9130000000001,4.033440000000003,40.51,1,3,6,3,2,0.47619047619047616,30
CHEMBL1300341,Cc1ccnc2nc(C(=O)NC3CCCc4ccccc43)nn12,0,O=C(NC1CCCc2ccccc21)c1nc2ncccn2n1,307.357,2.24012,72.18,1,4,2,4,3,0.29411764705882354,23
CHEMBL1165029,Cc1ccc(NC(=O)c2ccc(C(=O)Nc3ccc(C)c(Cl)c3)cc2)cc1Cl,0,O=C(Nc1ccccc1)c1ccc(C(=O)Nc2ccccc2)cc1,413.3040000000001,6.114840000000004,58.2,2,2,4,3,3,0.09090909090909091,28
CHEMBL120107,COc1cccc(OC)c1C(=O)N(O)C(C)c1ccc2oc(-c3ccccc3)cc2c1,0,O=C(NCc1ccc2oc(-c3ccccc3)cc2c1)c1ccccc1,417.4610000000001,5.7096000000000044,72.14,1,5,6,4,4,0.16,31
CHEMBL1098285,CN(CCCCCCN(C)C(=O)Oc1ccc[n+](C)c1)C(=O)Oc1ccc[n+](C)c1,1,O=C(NCCCCCCNC(=O)Oc1ccc[nH+]c1)Oc1ccc[nH+]c1,416.52200000000016,2.4574000000000007,66.84,0,4,9,2,2,0.45454545454545453,30
CHEMBL1481,CCC1=C(C)CN(C(=O)NCCc2ccc(S(=O)(=O)NC(=O)N[C@H]3CC[C@H](C)CC3)cc2)C1=O,1,O=C(NC1CCCCC1)NS(=O)(=O)c1ccc(CCNC(=O)N2CC=CC2=O)cc1,490.6260000000003,3.0740000000000016,124.68,3,5,7,3,1,0.5416666666666666,34
CHEMBL1201151,C#C[C@]1(O)CC[C@H]2[C@@H]3CCc4cc(OC)ccc4[C@H]3CC[C@@]21C,1,c1ccc2c(c1)CCC1C2CCC2CCCC21,310.4370000000001,3.915600000000003,29.46,1,2,1,4,1,0.6190476190476191,23
CHEMBL1908360,CO[C@H]1C[C@@H]2CC[C@@H](C)[C@@](O)(O2)C(=O)C(=O)N2CCCC[C@H]2C(=O)O[C@H]([C@H](C)C[C@@H]2CC[C@@H](OCCO)[C@H](OC)C2)CC(=O)[C@H](C)/C=C(\C)[C@@H](O)[C@@H](OC)C(=O)[C@H](C)C[C@H](C)/C=C/C=C/C=C/1C,1,O=C1CCC=CCC(=O)CC(CCC2CCCCC2)OC(=O)C2CCCCN2C(=O)C(=O)C2CCCC(CCC=CC=CC=CCCC1)O2,958.2400000000001,6.197200000000008,204.65999999999994,3,14,9,4,0,0.7547169811320755,68
CHEMBL1201051,CN/C(=N\CCSCc1nc[nH]c1C)NC#N,1,c1c[nH]cn1,252.347,0.5974,88.88999999999999,3,4,5,1,1,0.5,17
CHEMBL4116206,NCc1cc(Oc2cccc(C(=O)N3CC[C@@H](N)C3)c2)nc(C(F)(F)F)c1,0,O=C(c1cccc(Oc2ccccn2)c1)N1CCCC1,380.37,2.5246000000000004,94.47,2,5,4,3,2,0.3333333333333333,27
CHEMBL4175435,CC(=O)OCc1c2ccc(N(C)c3ccnc(Nc4ccc(C)c(S(N)(=O)=O)c4)n3)cc2nn1C,0,c1ccc(Nc2nccc(Nc3ccc4c[nH]nc4c3)n2)cc1,495.5650000000002,2.893720000000001,145.33,2,9,7,4,4,0.21739130434782608,35
CHEMBL4297185,CC(O)c1cc(C(=O)N[C@@H](C)Cn2ccc(-c3ccc(C#N)c(Cl)c3)n2)n[nH]1,1,O=C(NCCn1ccc(-c2ccccc2)n1)c1cc[nH]n1,398.85400000000004,2.6700799999999996,119.62,3,5,6,3,3,0.2631578947368421,28
CHEMBL573685,O=C(Nc1ccc(-n2ccc3c(NC(=O)c4ccccc4)ncnc32)cc1)Nc1cc(C(F)(F)F)cc(C(F)(F)F)c1,0,O=C(Nc1ccccc1)Nc1ccc(-n2ccc3c(NC(=O)c4ccccc4)ncnc32)cc1,584.4800000000002,7.354400000000003,100.94000000000001,3,4,5,5,5,0.07142857142857142,42
CHEMBL3733254,Cn1nc(-c2ccccc2F)cc1-c1ccc(C(=O)Nc2ccncc2F)s1,0,O=C(Nc1ccncc1)c1ccc(-c2cc(-c3ccccc3)n[nH]2)s1,396.42199999999997,4.741100000000002,59.81,1,4,4,4,4,0.05,28
CHEMBL421,O=C(O)c1cc(/N=N/c2ccc(S(=O)(=O)Nc3ccccn3)cc2)ccc1O,1,O=S(=O)(Nc1ccccn1)c1ccc(N=Nc2ccccc2)cc1,398.4000000000001,3.7016000000000013,141.31,3,7,6,3,3,0.0,28
CHEMBL2220802,CC1(C)C2CC[C@]3(C)[C@H](C(=O)C=C4[C@@H]5C[C@@](C)(C(=O)O)CC[C@]5(C)CC[C@]43C)[C@@]2(C)CC[C@@H]1O[C@H]1O[C@H](C(=O)O)[C@@H](O)[C@H](O)[C@H]1O[C@@H]1O[C@H](C(=O)O)[C@@H](O)[C@H](O)[C@H]1O,0,O=C1C=C2C3CCCCC3CCC2C2CCC3CC(OC4OCCCC4OC4CCCCO4)CCC3C12,822.942000000001,2.2456000000000027,267.03999999999996,8,13,7,7,0,0.8571428571428571,58
CHEMBL3918764,Cc1ccc(-c2ccc(O[C@H]3C[C@@H](C(=O)N[C@@H](Cc4ccc(OCc5ccc([N+](=O)[O-])cc5)cc4)C(=O)NS(=O)(=O)c4ccc(Cl)c([N+](=O)[O-])c4)N(C(=O)OC(C)(C)C)C3)cc2)cc1,0,O=C(NC(Cc1ccc(OCc2ccccc2)cc1)C(=O)NS(=O)(=O)c1ccccc1)C1CC(Oc2ccc(-c3ccccc3)cc2)CN1,914.39,7.700220000000008,226.61999999999998,2,12,15,6,5,0.26666666666666666,64
CHEMBL1148,Cc1cccc(Nc2ccncc2S(=O)(=O)NC(=O)NC(C)C)c1,1,c1ccc(Nc2ccncc2)cc1,348.4280000000001,2.5299199999999997,100.19,3,5,5,2,2,0.25,24
CHEMBL1998966,C/C(=N\O)c1ccc(OCC(=O)N2CCCCC2)cc1,1,O=C(COc1ccccc1)N1CCCCC1,276.3359999999999,2.2761000000000005,62.13000000000001,1,4,4,2,1,0.4666666666666667,20
CHEMBL1516474,CCCCCNC(=N)N/N=C/c1c[nH]c2ccc(OC)cc12,1,c1ccc2[nH]ccc2c1,301.3940000000001,2.8145700000000007,85.29,4,3,7,2,2,0.375,22
CHEMBL1200758,CC1(C)S[C@@H]2[C@H](NC(=O)[C@H](N)c3ccccc3)C(=O)N2[C@H]1C(=O)O,1,O=C(Cc1ccccc1)NC1C(=O)N2CCSC12,349.4120000000001,0.3181000000000002,112.73,3,5,4,3,1,0.4375,24
CHEMBL1529218,NC(=O)c1ccc(NC(=O)COC(=O)CNC(=O)c2sc3ccccc3c2Cl)cc1,0,O=C(COC(=O)CNC(=O)c1cc2ccccc2s1)Nc1ccccc1,445.884,2.5652999999999997,127.59,3,6,7,3,3,0.1,30
CHEMBL3989922,NC(=O)c1cccc2cn(-c3ccc([C@@H]4CCCNC4)cc3)nc12,1,c1ccc2nn(-c3ccc(C4CCCNC4)cc3)cc2c1,320.396,2.591400000000001,72.94,2,3,3,4,3,0.2631578947368421,24
CHEMBL1200764,CC(=O)OC(C)C[N+](C)(C)C,1,,160.237,0.6441999999999999,26.3,0,2,3,0,0,0.875,11
CHEMBL1445206,COc1ccc(C(=O)NC(=S)N(C)C2CCCCC2)cc1Br,0,O=C(NC(=S)NC1CCCCC1)c1ccccc1,385.32700000000006,3.736900000000003,41.57,1,3,3,2,1,0.5,22
CHEMBL3542319,C[C@]12C=CC(=O)C=C1CC[C@@H]1[C@@H]2[C@@H](O)C[C@@]2(C)[C@H]1C[C@@H](O)[C@]2(O)C(=O)CO,0,O=C1C=CC2C(=C1)CCC1C3CCCC3CCC21,376.4490000000002,0.5284,115.06000000000002,4,6,2,4,0,0.7142857142857143,27
CHEMBL127752,CCOc1ccccc1N1CCN(Cc2nc3ccccc3[nH]2)CC1,0,c1ccc(N2CCN(Cc3nc4ccccc4[nH]3)CC2)cc1,336.439,3.283800000000001,44.39,1,4,5,4,3,0.35,25
CHEMBL2068884,O=C(O)[C@H]1O[C@H](O)[C@H](O)[C@@H](O)[C@@H]1O,1,C1CCOCC1,194.139,-3.1291000000000007,127.45000000000002,5,6,1,1,0,0.8333333333333334,13
CHEMBL3688058,N#Cc1cc(N2CCN(C(=N)N)CC2)cc(-c2ccc(Oc3ccc(F)cc3)cc2)n1,0,c1ccc(Oc2ccc(-c3cc(N4CCNCC4)ccn3)cc2)cc1,416.4600000000001,3.5671500000000025,102.26,2,5,4,4,3,0.17391304347826086,31
CHEMBL1915697,O=C1Nc2ccccc2/C1=N/NC(=S)Nc1ccc([N+](=O)[O-])cc1,0,O=C1Nc2ccccc2C1=NNC(=S)Nc1ccccc1,341.3520000000001,2.2375999999999996,108.66,3,5,3,3,2,0.0,24
CHEMBL6466,O=c1ccc2ccccc2o1,1,O=c1ccc2ccccc2o1,146.14499999999998,1.793,30.21,0,2,0,2,2,0.0,11
CHEMBL3978403,Cc1ccc(C(=O)N2CCC(c3ccc(C#N)cc3)CC2)cc1-c1[nH]c(C2CC2)nc1C#N,0,O=C(c1cccc(-c2cnc(C3CC3)[nH]2)c1)N1CCC(c2ccccc2)CC1,435.5310000000003,5.025680000000005,96.57,1,4,4,5,3,0.3333333333333333,33
CHEMBL29088,CCOc1ccc(Nc2nc(NCCN(CC)CC)c3cc(Cl)ccc3n2)cc1CN1CCCC1,0,c1cc(CN2CCCC2)cc(Nc2ncc3ccccc3n2)c1,497.08700000000033,5.775000000000006,65.55,2,7,12,4,3,0.48148148148148145,35
CHEMBL2105755,CC(C)(NC(=O)C1=C(O)[C@@H]2Oc3c(O)ccc4c3[C@@]23CCN(CC2CC2)[C@H](C4)[C@]3(O)C1)c1nc(-c2ccccc2)no1,1,O=C(NCc1nc(-c2ccccc2)no1)C1=CC2Oc3cccc4c3C23CCN(CC2CC2)C(C4)C3C1,570.6460000000004,3.4798000000000027,141.18,4,9,6,8,3,0.46875,42
CHEMBL681,CCOC(=O)c1cncn1[C@H](C)c1ccccc1,1,c1ccc(Cn2ccnc2)cc1,244.294,2.669100000000001,44.12,0,3,4,2,2,0.2857142857142857,18
CHEMBL121430,COc1cc2c(c(C)c1OC)CCC(=O)C2C,0,O=C1CCc2ccccc2C1,234.29499999999996,2.6310200000000012,35.53,0,3,2,2,1,0.5,17
CHEMBL135400,CN1CCN(C(=O)OC2c3nccnc3C(=O)N2c2ccc(Cl)cn2)CC1,1,O=C(OC1c2nccnc2C(=O)N1c1ccccn1)N1CCNCC1,388.8150000000001,1.5679999999999998,91.75999999999999,0,7,2,4,2,0.35294117647058826,27
CHEMBL3678712,O=C(c1nn(-c2ccc(CN3CCC(O)C3)cc2)c2c1CS(=O)(=O)c1ccccc1-2)N1CCOCC1,0,O=C(c1nn(-c2ccc(CN3CCCC3)cc2)c2c1CS(=O)(=O)c1ccccc1-2)N1CCOCC1,508.60000000000036,1.8656000000000004,104.97,1,7,4,6,3,0.38461538461538464,36
CHEMBL3589594,COc1cc(CCNCc2c(OC)cccc2OC)c(OC)cc1Br,0,c1ccc(CCNCc2ccccc2)cc1,410.3080000000001,3.815800000000003,48.95,1,5,9,2,2,0.3684210526315789,25
CHEMBL5314362,C=C1[C@H](CO)[C@@H](O)C[C@@H]1n1cnc2c(=O)[nH]c(N)nc21,1,C=C1CCCC1n1cnc2c(=O)[nH]cnc21,277.284,-0.8278000000000001,130.04999999999998,4,6,2,3,2,0.4166666666666667,20
CHEMBL1082607,OCc1cc(C(O)CNCCCCCCOCCCCc2ccccc2)ccc1O,1,c1ccc(CCCCOCCCCCCNCCc2ccccc2)cc1,415.57400000000007,4.107400000000005,81.95,4,5,16,2,2,0.52,30
CHEMBL2017741,Cc1nc(N2CCC(N3CCOCC3)CC2)nc2ccc(NC(=O)/C=C/c3ccc(OC(F)(F)F)cc3)cc12,0,O=C(C=Cc1ccccc1)Nc1ccc2nc(N3CCC(N4CCOCC4)CC3)ncc2c1,541.5740000000001,4.7897200000000035,79.82000000000001,1,7,6,5,3,0.39285714285714285,39
CHEMBL3125854,CCOP(=O)(OCC)C1C(C#N)=C(N)Oc2c1cccc2C(C)(C)C,0,C1=COc2ccccc2C1,364.3820000000001,4.377580000000004,94.57000000000001,1,6,5,2,1,0.5,25
CHEMBL1200986,CCCCCCCCCC(=O)OC1(c2ccc(Cl)cc2)CCN(CCCC(=O)c2ccc(F)cc2)CC1,1,O=C(CCCN1CCC(c2ccccc2)CC1)c1ccccc1,530.1240000000003,8.11720000000001,46.61,0,4,15,3,2,0.5483870967741935,37
CHEMBL2414747,O=C(NC[C@@H]1O[C@H](CO)[C@@H](O)[C@H](O)[C@H]1O)c1ccccc1O,0,O=C(NCC1CCCCO1)c1ccccc1,313.30600000000004,-2.0355999999999987,139.48000000000002,6,7,4,2,1,0.5,22
CHEMBL83024,CCc1nc(NN2C(=O)C=C(C)C2=O)ncc1C(=O)c1ccccc1,0,O=C(c1ccccc1)c1cnc(NN2C(=O)C=CC2=O)nc1,336.35100000000006,1.9119999999999997,92.25999999999999,1,6,5,3,2,0.16666666666666666,25
CHEMBL561625,CC(C)CN(CC(=O)NO)S(=O)(=O)c1ccc(-c2ccccc2)cc1,0,c1ccc(-c2ccccc2)cc1,362.4510000000001,2.505700000000001,86.71000000000001,2,4,7,2,2,0.2777777777777778,25
CHEMBL3545252,CC(=O)O[C@@]12CO[C@@H]1C[C@H](O)[C@@]1(C)C(=O)[C@H](O)C3=C(C)[C@@H](OC(=O)[C@H](O)[C@@H](NC(=O)OC(C)(C)C)c4ccccc4)C[C@@](O)([C@@H](OC(=O)c4ccccc4)[C@H]21)C3(C)C,1,O=C(CCc1ccccc1)OC1C=C2CC(=O)C3CCC4OCC4C3C(OC(=O)c3ccccc3)C(C2)C1,807.8900000000002,3.2596000000000025,224.44999999999996,5,14,8,6,2,0.5581395348837209,58
CHEMBL142635,COc1ccccc1N1CCN(CC(O)COc2cccc3ccccc23)CC1,1,c1ccc(N2CCN(CCCOc3cccc4ccccc34)CC2)cc1,392.4990000000001,3.410300000000002,45.17,1,5,7,4,3,0.3333333333333333,29
CHEMBL1601669,C=C1/C(=C\C=C2/CCC[C@]3(C)[C@@H]([C@H](C)CCCC(C)C)CC[C@@H]23)C[C@@H](O)C[C@@H]1O,1,C=C1CCCCC1=CC=C1CCCC2CCCC12,400.64700000000016,6.589800000000009,40.46,2,2,6,3,0,0.7777777777777778,29
CHEMBL1461046,CCCCc1c(C)nc(Nc2ccc(OC)cc2)nc1O,0,c1ccc(Nc2ncccn2)cc1,287.363,3.5854200000000023,67.27000000000001,2,5,6,2,2,0.375,21
CHEMBL31839,COc1cc([C@@H]2c3cc4c(cc3[C@@H](Sc3ccc(O)cc3)[C@H]3COC(=O)[C@H]23)OCO4)cc(OC)c1O,0,O=C1OCC2C(Sc3ccccc3)c3cc4c(cc3C(c3ccccc3)C12)OCO4,508.54800000000034,4.611800000000004,103.68,2,9,5,6,3,0.2962962962962963,36
CHEMBL3943578,N[C@@H](Cc1c[nH]c2ccccc12)C(=O)NCCCC[C@H](N)C(=O)Nc1ccc(C#Cc2c(F)c(F)nc(F)c2F)cc1,0,O=C(CCc1c[nH]c2ccccc12)NCCCCCC(=O)Nc1ccc(C#Cc2ccncc2)cc1,580.5860000000002,3.6414000000000026,138.92000000000002,5,5,10,4,4,0.23333333333333334,42
CHEMBL3909365,Nc1nnc(-c2ccc3[nH]cc(-c4nccc(C(F)(F)F)n4)c3c2)o1,0,c1cnc(-c2c[nH]c3ccc(-c4nnco4)cc23)nc1,346.27200000000005,3.275900000000001,106.51,2,6,2,4,4,0.06666666666666667,25
CHEMBL1334649,CCOc1ccccc1N(CC(=O)Nc1ccc(S(=O)(=O)N2CCCC2)cc1)S(C)(=O)=O,0,O=C(CNc1ccccc1)Nc1ccc(S(=O)(=O)N2CCCC2)cc1,481.5960000000003,2.2745000000000006,113.09,1,6,9,3,2,0.38095238095238093,32
CHEMBL4101450,CC(=O)C(C)c1ccc(CC(C)C)cc1,0,c1ccccc1,204.313,3.577600000000003,17.07,0,1,4,1,1,0.5,15
CHEMBL1769,CCCOc1cc(N)ccc1C(=O)OCCN(CC)CC,1,c1ccccc1,294.39500000000004,2.5562000000000005,64.78999999999999,1,5,9,1,1,0.5625,21
CHEMBL1200607,FC(F)(F)C(F)(F)C(F)(F)C(F)(F)C(F)(F)C(F)(F)F,1,,338.03799999999995,4.652200000000001,0.0,0,0,3,0,0,1.0,20
CHEMBL1459346,CCC(=O)N(Cc1cc2ccccc2nc1O)c1ccccc1OC,0,c1ccc(NCc2cnc3ccccc3c2)cc1,336.3910000000001,3.8922000000000025,62.66000000000001,1,4,5,3,3,0.2,25
CHEMBL1200733,FC(F)OC(F)C(F)(F)F,1,,168.03599999999997,2.0835,9.23,0,1,2,0,0,1.0,10
CHEMBL1551,C[C@H](CCC(=O)O)[C@H]1CC[C@H]2[C@@H]3[C@@H](O)C[C@@H]4C[C@H](O)CC[C@]4(C)[C@H]3CC[C@]12C,1,C1CCC2C(C1)CCC1C3CCCC3CCC21,392.5800000000002,4.477900000000004,77.76,3,3,4,4,0,0.9583333333333334,28
CHEMBL1200757,CC(=O)O[C@H]1C[C@@H]2CC[C@@H]3[C@H](CC[C@@]4(C)[C@H]3C[C@H]([N+]3(C)CCCCC3)[C@@H]4OC(C)=O)[C@@]2(C)C[C@@H]1[N+]1(C)CCCCC1,1,C1CC[NH+](C2CCC3CCC4C5CC([NH+]6CCCCC6)CC5CCC4C3C2)CC1,572.8750000000001,6.110500000000007,52.6,0,4,4,6,0,0.9428571428571428,41
CHEMBL3099925,C[C@H](c1cc(F)cc(F)c1)N(C/C=C/c1cnc2c(c1)C[C@@]1(C2)C(=O)Nc2ncccc21)C(=O)C1(C(F)(F)F)CC1,0,O=C(C1CC1)N(CC=Cc1cnc2c(c1)CC1(C2)C(=O)Nc2ncccc21)Cc1ccccc1,568.5460000000003,5.689000000000004,75.19,1,4,6,6,3,0.3333333333333333,41
CHEMBL6995,CC(=O)Nc1ccc(OCC(O)CNC(C)C)cc1,1,c1ccccc1,266.34099999999995,1.3826999999999992,70.59,3,4,7,1,1,0.5,19
CHEMBL2218917,CC1OC2(CS1)CN1CCC2CC1,1,C1OC2(CS1)CN1CCC2CC1,199.31899999999993,1.5602,12.47,0,3,0,4,0,1.0,13
CHEMBL558080,COc1ccc(-c2cc(SC)nc(Nc3nc(NC(C)(C)C)nc(NC(C)(C)C)n3)n2)cc1OC,0,c1ccc(-c2ccnc(Nc3ncncn3)n2)cc1,498.65700000000027,5.2321000000000035,119.00000000000001,3,11,8,3,3,0.4583333333333333,35
CHEMBL6437,CN1CCN2c3ccccc3Cc3ccccc3C2C1,1,c1ccc2c(c1)Cc1ccccc1N1CCNCC21,264.372,3.0839000000000016,6.48,0,2,0,4,2,0.3333333333333333,20
CHEMBL83543,O=C(O)C(Cc1cc([N+](=O)[O-])c(O)c([N+](=O)[O-])c1)c1ccccc1,0,c1ccc(CCc2ccccc2)cc1,332.26800000000003,2.6195000000000004,143.81,2,6,6,2,2,0.13333333333333333,24
CHEMBL576480,N=C1C(=S)N(c2ccc(Br)cc2)C(=O)N1c1cc(Cl)c(Cl)cc1Cl,0,N=C1C(=S)N(c2ccccc2)C(=O)N1c1ccccc1,463.57100000000014,6.160570000000001,47.400000000000006,1,3,2,3,2,0.0,24
CHEMBL2147777,Cc1cc(N2CCN([C@@H]3CN[C@H](C(=O)N4CCSC4)C3)CC2)n(-c2ccccc2)n1,1,O=C(C1CC(N2CCN(c3ccnn3-c3ccccc3)CC2)CN1)N1CCSC1,426.5900000000002,1.5661200000000006,56.64,1,6,4,5,2,0.5454545454545454,30
CHEMBL962,CCCCC[C@H](O)/C=C/[C@@H]1[C@H]2C/C(=C/CCCC(=O)O)O[C@H]2C[C@H]1O,1,C=C1CC2CCCC2O1,352.471,3.4085000000000023,86.99000000000001,3,4,10,2,0,0.75,25
CHEMBL305060,CS(=O)(=O)c1ccc(-c2ccsc2-c2ccc(F)cc2)cc1,0,c1ccc(-c2ccsc2-c2ccccc2)cc1,332.42100000000005,4.624700000000003,34.14,0,3,3,3,3,0.058823529411764705,22
CHEMBL1204187,CC1(C)CC(=O)N(CCCCN2CCN(c3ncccn3)CC2)C(=O)C1,1,O=C1CCCC(=O)N1CCCCN1CCN(c2ncccn2)CC1,359.47400000000016,1.5539999999999996,69.64000000000001,0,6,6,3,1,0.6842105263157895,26
CHEMBL1963309,O=C(CCc1ccc(F)cc1)c1cc(F)ccc1OCC(O)CN1CCC(O)CC1,0,O=C(CCc1ccccc1)c1ccccc1OCCCN1CCCCC1,419.4680000000003,2.976700000000001,70.0,2,5,9,3,2,0.43478260869565216,30
CHEMBL3680756,CN1CCc2nc(NC(=O)c3cccc(CNC(=O)c4ccc(-c5cnco5)s4)c3)sc2C1,0,O=C(Nc1nc2c(s1)CNCC2)c1cccc(CNC(=O)c2ccc(-c3cnco3)s2)c1,479.5870000000002,4.0298000000000025,100.36000000000001,2,8,6,5,4,0.21739130434782608,33
CHEMBL853,Nc1ccn([C@H]2CC[C@@H](CO)O2)c(=O)n1,1,O=c1ncccn1C1CCCO1,211.22099999999998,-0.5046000000000002,90.36999999999999,2,5,2,2,1,0.5555555555555556,15
CHEMBL1544591,COc1ccc2c(c1)c(CC(=O)Nc1ccccc1OC)c(C)n2C(=O)c1ccc(Cl)cc1,0,O=C(Cc1cn(C(=O)c2ccccc2)c2ccccc12)Nc1ccccc1,462.9330000000002,5.490020000000005,69.56,1,4,6,4,4,0.15384615384615385,33
CHEMBL1200515,COC(=O)[C@H]1[C@H]2C[C@@H]3c4[nH]c5ccccc5c4CCN3C[C@H]2C[C@@H](OC(=O)c2cc(OC)c(OC)c(OC)c2)[C@@H]1OC,1,O=C(OC1CCC2CC3c4[nH]c5ccccc5c4CCN3CC2C1)c1ccccc1,578.6620000000004,4.162500000000003,108.55000000000001,1,9,7,6,3,0.5,42
CHEMBL1200609,Fc1ccc([C@@H]2CCNC[C@H]2COc2ccc3c(c2)OCO3)cc1,1,c1ccc(C2CCNCC2COc2ccc3c(c2)OCO3)cc1,329.3710000000001,3.326500000000002,39.72,1,4,4,4,2,0.3684210526315789,24
CHEMBL1558119,COc1ccc(-c2nc3ccccn3c2NCc2ccc3c(c2)OCO3)cc1,0,c1ccc(-c2nc3ccccn3c2NCc2ccc3c(c2)OCO3)cc1,373.41200000000015,4.3507000000000025,57.02000000000001,1,5,5,5,4,0.13636363636363635,28
CHEMBL3707223,CCOC(=O)C[N+]1(C)CC[C@@H](OC(=O)[C@](O)(c2ccccc2)C2CCCC2)C1,1,O=C(OC1CC[NH2+]C1)C(c1ccccc1)C1CCCC1,390.5000000000002,2.3896000000000006,72.83,1,5,7,3,1,0.6363636363636364,28
CHEMBL3138181,C[C@]12CC[C@@H](O)C[C@@H]1CC[C@@H]1[C@@H]2CC[C@]2(C)/C(=N\O)CC[C@@H]12,0,N=C1CCC2C1CCC1C3CCCCC3CCC21,305.46200000000005,4.220200000000003,52.82000000000001,2,3,0,4,0,0.9473684210526315,22
CHEMBL3989919,Cc1ccccc1-c1cc(N2CC[N+](C)(COP(=O)(O)O)CC2)ncc1N(C)C(=O)C(C)(C)c1cc(C(F)(F)F)cc(C(F)(F)F)c1,1,O=C(Cc1ccccc1)Nc1cnc(N2CC[NH2+]CC2)cc1-c1ccccc1,689.6140000000005,6.368620000000008,103.19999999999999,2,5,8,4,3,0.41935483870967744,47
CHEMBL2361370,CC(C)(C)NC[C@H](O)COc1ccccc1C1CCCC1,1,c1ccc(C2CCCC2)cc1,291.4350000000001,3.472000000000002,41.489999999999995,2,3,6,2,1,0.6666666666666666,21
CHEMBL4065616,CCC(CC)COC(=O)[C@H](C)N[P@](=O)(OC[C@H]1O[C@@](C#N)(c2ccc3c(N)ncnn23)[C@H](O)[C@@H]1O)Oc1ccccc1,1,O=[PH](OCC1CCC(c2ccc3cncnn23)O1)Oc1ccccc1,602.5850000000002,2.3121799999999997,203.54999999999995,4,12,13,4,3,0.48148148148148145,42
CHEMBL1334033,C1CCC(C(CC2CCCCN2)C2CCCCC2)CC1,1,C1CCC(C(CC2CCCCN2)C2CCCCC2)CC1,277.496,5.295400000000005,12.03,1,1,4,3,0,1.0,20
CHEMBL1186852,CNCc1ccc(NC(=O)c2cc(C)n(Cc3cc(Cl)ccc3OCc3ccccc3)n2)cc1,0,O=C(Nc1ccccc1)c1ccn(Cc2ccccc2OCc2ccccc2)n1,474.99200000000013,5.443920000000004,68.17999999999999,2,4,9,4,4,0.18518518518518517,34
CHEMBL2407191,CC(=O)Oc1cccc(C(=O)N(O)CCC(c2ccc(Cl)c(Cl)c2)P(=O)(O)O)c1,0,O=C(NCCCc1ccccc1)c1ccccc1,462.22200000000004,4.059200000000003,124.37,3,5,7,2,2,0.2222222222222222,29
CHEMBL3233378,Cn1c2ccccc2c2c(NCCCN)nc3ccc(Br)cc3c21,0,c1ccc2c(c1)ncc1c3ccccc3[nH]c21,383.293,4.4029000000000025,55.870000000000005,2,3,4,4,4,0.21052631578947367,24
CHEMBL145434,OCCCCCCn1nnc(-c2ccc(-c3ccccc3)cc2)n1,0,c1ccc(-c2ccc(-c3nn[nH]n3)cc2)cc1,322.41200000000003,3.559800000000002,63.83,1,4,8,3,3,0.3157894736842105,24
CHEMBL4281826,CCNc1cc(-c2ccc(NC(=O)Nc3ccc(C(F)(F)F)cc3)cc2F)ccn1,0,O=C(Nc1ccccc1)Nc1ccc(-c2ccncc2)cc1,418.394,5.982300000000003,66.05,3,3,5,3,3,0.14285714285714285,30
CHEMBL1889140,CCCN1CCCC[C@H]1C(=O)Nc1c(C)cccc1C,1,O=C(Nc1ccccc1)C1CCCCN1,274.408,3.5064400000000013,32.34,1,2,4,2,1,0.5882352941176471,20
CHEMBL148,C[C@@H](O)[C@H]1C(=O)N2C(C(=O)O)=C(SCCNC=N)C[C@H]12,1,O=C1CC2CC=CN12,299.35200000000003,-0.17602999999999924,113.72,4,5,7,2,0,0.5833333333333334,20
CHEMBL2012178,Cc1c(C)n(Cc2ccccc2)c2ncnc(OC3CCN(Cc4cscn4)CC3)c12,0,c1ccc(Cn2ccc3c(OC4CCN(Cc5cscn5)CC4)ncnc32)cc1,433.5810000000003,4.596340000000004,56.07,0,6,6,5,4,0.375,31
CHEMBL481464,CCCCCCCCCCCC1=C(O)C(=O)c2c(oc3cc(OC)c(O)c(CCCCCCCCCCC)c23)C1=O,0,O=C1C=CC(=O)c2c1oc1ccccc21,568.7950000000004,10.332299999999993,96.97,2,6,21,3,2,0.6571428571428571,41
CHEMBL1200420,Cc1ncc2n1-c1ccc(Cl)cc1C(c1ccccc1F)=NC2,1,c1ccc(C2=NCc3cncn3-c3ccccc32)cc1,325.77400000000006,4.324220000000002,30.18,0,2,1,4,3,0.1111111111111111,23
CHEMBL1989988,O=C(O)/C(=C\c1ccccc1Cl)S(=O)(=O)c1ccccc1,0,O=S(=O)(C=Cc1ccccc1)c1ccccc1,322.769,3.2394000000000016,71.44,1,3,4,2,2,0.0,21
CHEMBL4594350,C=C(F)C(=O)N1CCN(c2nc(OC[C@@H]3CCCN3C)nc3c2CCN(c2cccc4cccc(Cl)c24)C3)C[C@@H]1CC#N,1,c1ccc2c(N3CCc4c(nc(OCC5CCCN5)nc4N4CCNCC4)C3)cccc2c1,604.1299999999999,4.732980000000004,88.83000000000001,0,8,7,6,3,0.4375,43
CHEMBL1353604,O=C(Nc1ccccc1C(=O)N1CCCCCC1)c1ccccc1Cl,0,O=C(Nc1ccccc1C(=O)N1CCCCCC1)c1ccccc1,356.85299999999995,4.608500000000005,49.410000000000004,1,2,3,3,2,0.3,25
CHEMBL1909285,Cc1nc([N+](=O)[O-])cn1-c1ccc([N+](=O)[O-])cc1,1,c1ccc(-n2ccnc2)cc1,248.198,1.9971199999999998,104.1,0,5,3,2,2,0.1,18
CHEMBL193482,C[C@]12CC[C@@H]3c4ccc(O)cc4CC[C@H]3[C@@H]1C[C@@H](O)[C@@H]2O,1,c1ccc2c(c1)CCC1C2CCC2CCCC21,288.38699999999994,2.5800000000000005,60.69,3,3,0,4,1,0.6666666666666666,21
CHEMBL1599768,O=C(O)c1cc2ccccc2c(Cc2c(O)c(C(=O)O)cc3ccccc23)c1O,1,c1ccc2c(Cc3cccc4ccccc34)cccc2c1,388.37500000000006,4.391400000000003,115.06,4,4,4,4,4,0.043478260869565216,29
CHEMBL1201190,O=C(O)COCCN1CCN([C@H](c2ccccc2)c2ccc(Cl)cc2)CC1,1,c1ccc(C(c2ccccc2)N2CCNCC2)cc1,388.8950000000002,3.148200000000002,53.010000000000005,1,4,8,3,2,0.38095238095238093,27
CHEMBL668,CNCCCC1c2ccccc2C=Cc2ccccc21,1,C1=Cc2ccccc2Cc2ccccc21,263.384,4.301900000000003,12.03,1,1,4,3,2,0.2631578947368421,20
CHEMBL2354582,COC(=O)C[C@H]1c2cc(F)ccc2S(=O)(=O)N1C1CC1,0,O=S1(=O)c2ccccc2CN1C1CC1,299.3230000000001,1.5966,63.68000000000001,0,4,3,3,1,0.46153846153846156,20
CHEMBL1864341,O=[N+]([O-])c1cc(-c2nc(-c3ccccn3)no2)ccc1NCc1ccccc1,0,c1ccc(CNc2ccc(-c3nc(-c4ccccn4)no3)cc2)cc1,373.3720000000001,4.318900000000002,106.98,1,7,6,4,4,0.05,28
CHEMBL3989715,C/C(=C\C(=O)OCCCCCCCCC(=O)O)C[C@@H]1OC[C@H](C[C@@H]2O[C@H]2[C@@H](C)[C@H](C)O)[C@@H](O)[C@H]1O,1,C1COCC(CC2CO2)C1,500.62900000000013,2.5925000000000016,146.05,4,8,16,2,0,0.8461538461538461,35
CHEMBL409,CC(O)(CS(=O)(=O)c1ccc(F)cc1)C(=O)Nc1ccc(C#N)c(C(F)(F)F)c1,1,O=C(CCS(=O)(=O)c1ccccc1)Nc1ccccc1,430.3790000000001,2.8795800000000007,107.25999999999999,2,5,5,2,2,0.2222222222222222,29
CHEMBL474733,C[C@H](CO)NC(=O)CCC/C=C\C/C=C\C/C=C\C/C=C\CCCCc1ccccc1Br,0,c1ccccc1,502.53700000000026,7.2243000000000075,49.33,2,2,17,1,1,0.4642857142857143,32
CHEMBL1571280,O=C(c1cccc(F)c1)N1CCC(N2CCCCCC2)CC1,0,O=C(c1ccccc1)N1CCC(N2CCCCCC2)CC1,304.40900000000005,3.306300000000002,23.550000000000004,0,2,2,3,1,0.6111111111111112,22
CHEMBL2107834,COC(=O)N(C)c1c(N)nc(-c2nn(Cc3ccccc3F)c3ncccc23)nc1N,1,c1ccc(Cn2nc(-c3ncccn3)c3cccnc32)cc1,422.42400000000015,2.4426999999999994,138.07000000000002,2,8,4,4,4,0.15,31
CHEMBL1086721,CCc1ccc2c(C)nc(NC3=NC(C)(C)C=C(C)N3)nc2c1,0,C1=CNC(Nc2ncc3ccccc3n2)=NC1,309.417,3.554120000000002,62.2,2,5,2,3,2,0.3888888888888889,23
CHEMBL3481263,O=C1CCC2(CCN(CC[C@@H](O)c3ccccc3)CC2)CN1CC1CC1,0,O=C1CCC2(CCN(CCCc3ccccc3)CC2)CN1CC1CC1,356.5100000000003,3.224700000000002,43.78000000000001,1,3,6,4,1,0.6818181818181818,26
CHEMBL1977579,CN(N=O)C(=O)N[C@@H](C=O)[C@@H](O)[C@H](O)[C@H](O)CO,1,,265.222,-3.048299999999999,159.76,5,8,7,0,0,0.75,18
CHEMBL298559,OCc1ccc(Nc2cc(O)nc(O)n2)cc1,0,c1ccc(Nc2ccncn2)cc1,233.227,1.1236999999999995,98.5,4,6,3,2,2,0.09090909090909091,17
CHEMBL1922423,C[C@H](N)P(=O)(O)NCC(=O)O,0,,182.11599999999999,-0.8492999999999999,112.65000000000002,4,3,4,0,0,0.75,11
CHEMBL111,Cc1c(C(=O)NN2CCCCC2)nn(-c2ccc(Cl)cc2Cl)c1-c1ccc(Cl)cc1,1,O=C(NN1CCCCC1)c1cc(-c2ccccc2)n(-c2ccccc2)n1,463.79600000000016,5.938620000000005,50.160000000000004,1,3,4,4,3,0.2727272727272727,30
CHEMBL398435,CCCSc1nc(N[C@@H]2C[C@H]2c2ccc(F)c(F)c2)c2nnn([C@@H]3C[C@H](OCCO)[C@@H](O)[C@H]3O)c2n1,1,c1ccc(C2CC2Nc2ncnc3c2nnn3C2CCCC2)cc1,522.5780000000002,2.0136999999999996,138.44,4,10,10,5,3,0.5652173913043478,36
CHEMBL1561250,COCc1nnc(NS(=O)(=O)c2ccccc2)s1,0,O=S(=O)(Nc1nncs1)c1ccccc1,285.35,1.4853,81.18,1,6,5,2,2,0.2,18
CHEMBL1376137,CCCCOC(=O)CSc1nc2ccccc2o1,0,c1ccc2ocnc2c1,265.334,3.263200000000002,52.33,0,5,6,2,2,0.38461538461538464,18
CHEMBL1201281,O=C(O)CCC(=O)OC[C@@H](NC(=O)C(Cl)Cl)[C@H](O)c1ccc([N+](=O)[O-])cc1,1,c1ccccc1,423.20500000000015,1.3247,156.07,3,7,10,1,1,0.4,27
CHEMBL3545311,COc1cc(N2CCC(N3CCN(C)CC3)CC2)ccc1Nc1ncc(Cl)c(Nc2ccccc2P(C)(C)=O)n1,1,c1ccc(Nc2ccnc(Nc3ccc(N4CCC(N5CCNCC5)CC4)cc3)n2)cc1,584.105,5.090000000000003,85.86,2,9,8,5,3,0.4482758620689655,40
CHEMBL1900721,CCC(=O)Nc1ccc(C(=O)CSc2nc(N)cc(N)n2)cc1,0,O=C(CSc1ncccn1)c1ccccc1,331.401,1.9645,123.99,3,7,6,2,2,0.2,23
CHEMBL3357928,CC(=O)OC[C@@H]1O[C@@H](n2c(=O)n(C)c(=O)c3c2no[n+]3[O-])[C@H](OC(C)=O)[C@H]1OC(C)=O,0,O=c1[nH]c(=O)n(C2CCCO2)c2no[nH+]c12,442.3370000000002,-2.3544999999999945,185.09999999999997,0,12,5,3,2,0.5625,31
CHEMBL17,NS(=O)(=O)c1cc(Cl)c(Cl)c(S(N)(=O)=O)c1,1,c1ccccc1,305.16400000000004,0.2882000000000006,120.32,2,4,2,1,1,0.0,16
CHEMBL1185370,C[n+]1ccc(CCC(=O)OCCCC2=C/Nc3ccccc3/N=C/C(CCCOC(=O)CCc3cc[n+](C)cc3)=C\Nc3ccccc3\N=C\2)cc1,0,O=C(CCc1cc[nH+]cc1)OCCCC1=CNc2ccccc2N=CC(CCCOC(=O)CCc2cc[nH+]cc2)=CNc2ccccc2N=C1,700.8840000000002,6.958000000000007,109.14,2,8,14,5,4,0.2857142857142857,52
CHEMBL70046,O=c1[nH]c(=O)n([C@@H]2O[C@H](CO)[C@@H](O)[C@@H]2O)cc1/C=C/Br,1,O=c1ccn(C2CCCO2)c(=O)[nH]1,349.137,-1.4862999999999988,124.78000000000002,4,6,3,2,1,0.45454545454545453,20
CHEMBL1966617,CCc1cccc(CC)c1NC(=O)CC1SC(N)=NC1=O,0,O=C(CC1SC=NC1=O)Nc1ccccc1,305.403,2.0967,84.55000000000001,2,4,5,2,1,0.4,21
CHEMBL956,CC(C(=O)O)c1ccc(C(=O)c2cccs2)cc1,1,O=C(c1ccccc1)c1cccs1,260.31399999999996,3.167200000000001,54.37,1,3,4,2,2,0.14285714285714285,18
CHEMBL326734,NC(=O)NCCc1ccc(NC(=O)/C=C/c2c(C(=O)O)[nH]c3cc(Cl)cc(Cl)c23)cc1,0,O=C(C=Cc1c[nH]c2ccccc12)Nc1ccccc1,461.3050000000001,4.035600000000001,137.31,5,3,7,3,3,0.09523809523809523,31
CHEMBL1419508,CC(C)(C)c1cc(O)n2c(n1)nc1ccccc12,0,c1ccc2c(c1)nc1ncccn12,241.294,2.885600000000002,50.42,1,3,0,3,3,0.2857142857142857,18
CHEMBL391232,CN1C(=O)c2c(n3ccnc3c3[nH]c4ncccc4c23)C1=O,0,O=C1NC(=O)c2c1c1c3cccnc3[nH]c1c1nccn21,291.27000000000004,1.5895999999999997,83.35999999999999,1,4,0,5,4,0.06666666666666667,22
CHEMBL181846,CCOC(=O)[C@H](CCSC)NC(=O)[C@H](C)N,0,,248.34799999999998,0.1346000000000006,81.42,2,5,7,0,0,0.8,16
CHEMBL3470566,Cc1nc(N2CCCC2)nc2c1CCN(C(=O)c1ccoc1C)CC2,0,O=C(c1ccoc1)N1CCc2cnc(N3CCCC3)nc2CC1,340.42700000000013,2.5276400000000008,62.470000000000006,0,5,2,4,2,0.5263157894736842,25
CHEMBL1788385,Cc1cc(Br)c(O)c2ncccc12,1,c1ccc2ncccc2c1,238.08400000000003,3.0113200000000004,33.120000000000005,1,2,0,2,2,0.1,13
CHEMBL1649696,C[C@H](CCC(=O)N1CCN(Cc2ccccc2)CC1)[C@H]1CC[C@H]2[C@@H]3[C@H](O)C[C@@H]4C[C@H](O)CC[C@]4(C)[C@H]3CC[C@]12C,0,O=C(CCCC1CCC2C1CCC1C3CCCCC3CCC21)N1CCN(Cc2ccccc2)CC1,550.8280000000003,5.7377000000000065,64.01,2,4,6,6,1,0.8,40
CHEMBL1183833,COC(=O)CN(CCOc1ccc(-c2ccccc2S(N)(=O)=O)cc1)c1cccc(C(=N)N)c1,0,c1ccc(NCCOc2ccc(-c3ccccc3)cc2)cc1,482.56200000000024,2.34347,148.79999999999998,3,7,10,3,3,0.16666666666666666,34
CHEMBL1200803,O=C(O[C@H]1CN2CCC1CC2)N1CCc2ccccc2[C@@H]1c1ccccc1,1,O=C(OC1CN2CCC1CC2)N1CCc2ccccc2C1c1ccccc1,362.47300000000007,3.864900000000003,32.78,0,3,2,6,2,0.43478260869565216,27
CHEMBL2158855,NS(=O)(=O)c1cccc(Nc2nccc(-c3ccnc(N4CC5CCC(C4)O5)c3)n2)c1,0,c1ccc(Nc2nccc(-c3ccnc(N4CC5CCC(C4)O5)c3)n2)cc1,438.51300000000026,2.2972,123.33,2,8,5,5,3,0.2857142857142857,31
CHEMBL1068,NC(=O)N1c2ccccc2CC(=O)c2ccccc21,1,O=C1Cc2ccccc2Nc2ccccc21,252.27299999999997,2.6422000000000008,63.400000000000006,1,2,0,3,2,0.06666666666666667,19
CHEMBL182727,CCCN1CCC(NC(=O)c2cc3ccccc3n2Cc2cc(-c3ccc(Cl)s3)on2)CC1,0,O=C(NC1CCNCC1)c1cc2ccccc2n1Cc1cc(-c2cccs2)on1,483.0370000000003,5.663700000000006,63.300000000000004,1,5,7,5,4,0.36,33
CHEMBL1472169,O=S(=O)(c1cccs1)N1CCN(Cc2cccc(F)c2)CC1,0,O=S(=O)(c1cccs1)N1CCN(Cc2ccccc2)CC1,340.44500000000005,2.393700000000001,40.620000000000005,0,4,4,3,2,0.3333333333333333,22
CHEMBL3500473,c1csc(NCc2n[nH]c3c2CCN(CC2CC2)C3)n1,0,c1csc(NCc2n[nH]c3c2CCN(CC2CC2)C3)n1,289.408,2.2464000000000004,56.84,2,5,5,4,2,0.5714285714285714,20
CHEMBL1789941,N#CC[C@H](C1CCCC1)n1cc(-c2ncnc3[nH]ccc23)cn1,1,c1nc(-c2cnn(CC3CCCC3)c2)c2cc[nH]c2n1,306.37300000000005,3.466380000000001,83.17999999999999,1,4,4,4,3,0.4117647058823529,23
CHEMBL99104,Cc1cccc(N/C(S)=N/c2ccc(NC(=O)c3ccco3)cc2)c1,0,O=C(Nc1ccc(N=CNc2ccccc2)cc1)c1ccco1,351.4310000000001,4.869720000000003,66.63,3,3,4,3,3,0.05263157894736842,25
CHEMBL3774573,Cn1nccc1CNc1ccc(O)c(-c2cc(C(=O)O)ccn2)c1,0,c1ccc(-c2cccc(NCc3ccn[nH]3)c2)nc1,324.34000000000003,2.498,100.27000000000001,3,5,5,3,3,0.11764705882352941,24
CHEMBL1813790,Nc1c2c(=O)[nH]c(-c3ccccc3)cc2nn1-c1ccccc1,0,O=c1[nH]c(-c2ccccc2)cc2nn(-c3ccccc3)cc12,302.33700000000005,2.963000000000001,76.70000000000002,2,3,2,4,4,0.0,23
CHEMBL437,Nc1ccc(S(=O)(=O)Nc2nccs2)cc1,1,O=S(=O)(Nc1nccs1)c1ccccc1,255.32400000000004,1.5261,85.08,2,5,3,2,2,0.0,16
CHEMBL4061148,NS(=O)(=O)c1ccc(CCN2C(=O)c3cccc4cc([N+](=O)[O-])cc(c34)C2=O)cc1,0,O=C1c2cccc3cccc(c23)C(=O)N1CCc1ccccc1,425.42200000000014,2.2340999999999998,140.68,1,6,5,4,3,0.1,30
CHEMBL807,CC12CC3CC(C)(C1)CC(N)(C3)C2,1,C1C2CC3CC1CC(C2)C3,179.307,2.6941000000000006,26.02,1,1,0,4,0,1.0,13
CHEMBL215503,Cc1nnc(NCc2ccccc2)c2nc(C)n3nc(-c4ccccc4)cc3c12,0,c1ccc(CNc2nncc3c2ncn2nc(-c4ccccc4)cc32)cc1,380.45500000000015,4.568440000000003,68.0,1,5,4,5,5,0.13043478260869565,29
CHEMBL1233,CCCC(C)(COC(N)=O)COC(=O)NC(C)C,1,,260.334,2.0227,90.65,2,4,7,0,0,0.8333333333333334,18
CHEMBL1201041,CC1(C)S[C@@H]2[C@H](NC(=O)[C@H](NC(=O)N3CCNC3=O)c3ccccc3)C(=O)N2[C@H]1C(=O)O,1,O=C(NC1C(=O)N2CCSC12)C(NC(=O)N1CCNC1=O)c1ccccc1,461.50000000000017,0.0942000000000009,148.14999999999998,4,6,5,4,1,0.45,32
CHEMBL105957,C[n+]1c(-c2ccc(/C=N/NC(=N)N)cc2)cn2cc(Cl)ccc21,0,c1ccc(-c2cn3ccccc3[nH+]2)cc1,327.79900000000004,1.9011699999999991,82.55,3,2,3,3,3,0.0625,23
CHEMBL416989,CSc1cccc(-c2nc(C(F)(F)F)cn2-c2ccc(S(C)(=O)=O)cc2)c1,0,c1ccc(-c2nccn2-c2ccccc2)cc1,412.4580000000001,4.683500000000004,51.96,0,4,4,3,3,0.16666666666666666,27
CHEMBL2234530,CCOC(=O)C1=C(C)Nc2nc3c(c(N)c2[C@H]1c1ccc(C)cc1)CCCC3,0,C1=CC(c2ccccc2)c2cc3c(nc2N1)CCCC3,377.4880000000002,4.2455200000000035,77.24,2,5,3,4,2,0.391304347826087,28
CHEMBL1615439,C[C@H]1[C@H](c2ccccc2)OCCN1C,1,c1ccc(C2CNCCO2)cc1,191.27399999999994,2.0782,12.47,0,2,1,2,1,0.5,14
CHEMBL1741,CC[C@H]1OC(=O)[C@H](C)[C@@H](O[C@H]2C[C@@](C)(OC)[C@@H](O)[C@H](C)O2)[C@H](C)[C@@H](O[C@@H]2O[C@H](C)C[C@H](N(C)C)[C@H]2O)[C@](C)(OC)C[C@@H](C)C(=O)[C@H](C)[C@@H](O)[C@]1(C)O,1,O=C1CCCCOC(=O)CC(OC2CCCCO2)CC(OC2CCCCO2)CCC1,747.9640000000002,2.439700000000004,182.91,4,14,8,3,0,0.9473684210526315,52
CHEMBL2105648,CC1(C)CCC(C)(C)c2cc(Cn3cccn3)c(/C=C/c3ccc(C(=O)O)cc3)cc21,1,C(=Cc1cc2c(cc1Cn1cccn1)CCCC2)c1ccccc1,414.54900000000015,6.149000000000006,55.120000000000005,1,2,5,4,3,0.3333333333333333,31
CHEMBL4096035,COc1ccc(Cc2nn3c([C@@H](CCC(O)c4ccccc4)[C@@H](C)O)nc(C)c3c(=O)[nH]2)cc1O,0,O=c1[nH]c(Cc2ccccc2)nn2c(CCCCc3ccccc3)ncc12,478.54900000000015,3.0092200000000013,132.97,4,7,9,4,4,0.34615384615384615,35
CHEMBL258924,N#Cc1c(N)nc(-c2ccccc2)nc1-c1ccc2c(c1)OCO2,0,c1ccc(-c2nccc(-c3ccc4c(c3)OCO4)n2)cc1,316.3200000000001,2.9931800000000015,94.05000000000001,1,6,2,4,3,0.05555555555555555,24
CHEMBL1580820,O=C(COC(=O)CC1CCCC1)Nc1ccc(OC(F)F)cc1,0,O=C(COC(=O)CC1CCCC1)Nc1ccccc1,327.32699999999994,3.3500000000000023,64.63000000000001,1,4,7,2,1,0.5,23
CHEMBL1999080,CC(=O)C1=C(C)N(c2ccccc2)C2(O)C=CC(O)=C3C(=O)c4ccccc4C(=O)C312,0,O=C1C2=CC=CC3N(c4ccccc4)C=CC23C(=O)c2ccccc21,413.4290000000002,3.505700000000002,94.91,2,6,2,5,2,0.16,31
CHEMBL3908628,O=C1NC(=O)/C(=C/c2cnn3c(NCC4CC4)cc(Nc4cccc(O)c4)nc23)N1,0,O=C1NC(=O)C(=Cc2cnn3c(NCC4CC4)cc(Nc4ccccc4)nc23)N1,405.41800000000006,2.1806999999999994,132.68,5,7,6,5,3,0.2,30
CHEMBL3182733,CCCN[C@H]1CCc2nc(N)sc2C1,1,c1nc2c(s1)CCCC2,211.33399999999997,1.5822,50.94,2,4,3,2,1,0.7,14
CHEMBL1200569,Cn1c(=O)c2c(ncn2C)n(C)c1=O,1,O=c1[nH]c(=O)c2[nH]cnc2[nH]1,194.194,-1.0293,61.82,0,3,0,2,2,0.375,14
CHEMBL1557966,CC(C1CC2CCC1C2)n1c(S)nnc1-c1ccco1,0,c1coc(-c2nncn2CC2CC3CCC2C3)c1,289.40400000000005,3.8240000000000025,43.85,1,4,3,4,2,0.6,20
CHEMBL185195,O=C(N[C@H](Cc1ccc(Cl)cc1)C(=O)N1CCN(c2ccccc2)CC1)C1Cc2ccccc2CN1,0,O=C(NC(Cc1ccccc1)C(=O)N1CCN(c2ccccc2)CC1)C1Cc2ccccc2CN1,503.0460000000003,3.430600000000002,64.68,2,4,6,5,3,0.3103448275862069,36
CHEMBL3301610,CCN1CCN(Cc2ccc(Nc3ncc(F)c(-c4cc(F)c5nc(C)n(C(C)C)c5c4)n3)nc2)CC1,1,c1cc(-c2ccc3nc[nH]c3c2)nc(Nc2ccc(CN3CCNCC3)cn2)n1,506.6050000000003,4.936920000000004,75.0,1,7,7,5,4,0.4074074074074074,37
CHEMBL1464095,CCCC(CCC)C(=O)OC[N+](C)(C)CCOC(=O)C(O)(c1ccccc1)C1CCCC1,0,c1ccc(CC2CCCC2)cc1,448.62400000000025,4.401100000000004,72.83,1,5,13,2,1,0.6923076923076923,32
CHEMBL1201349,C[N+](C)(CCCCCC[N+](C)(C)C1c2ccccc2-c2ccccc21)C1c2ccccc2-c2ccccc21,1,c1ccc2c(c1)-c1ccccc1C2[NH2+]CCCCCC[NH2+]C1c2ccccc2-c2ccccc21,502.74600000000027,8.239600000000008,0.0,0,0,9,6,4,0.3333333333333333,38
CHEMBL2324643,Cc1ccc(C2N(C)c3ccccc3C(=O)N2c2ccccc2Br)s1,0,O=C1c2ccccc2NC(c2cccs2)N1c1ccccc1,413.34000000000003,5.6144200000000035,23.550000000000004,0,3,2,4,3,0.15,25
CHEMBL1200475,COc1cccc2c1C(=O)c1c(O)c3c(c(O)c1C2=O)C[C@@](O)(C(C)=O)C[C@@H]3O[C@H]1C[C@H](N)[C@H](O)[C@H](C)O1,1,O=C1c2ccccc2C(=O)c2cc3c(cc21)CCCC3OC1CCCCO1,527.5260000000003,1.0288999999999997,185.84,5,11,4,5,2,0.4444444444444444,38
CHEMBL857,O=C(O)CCCC[C@@H]1SC[C@@H]2NC(=O)N[C@@H]21,1,O=C1NC2CSCC2N1,244.31600000000003,0.7968000000000001,78.43,3,3,5,2,0,0.8,16
CHEMBL1487352,CC(OC(=O)c1cccc(NS(C)(=O)=O)c1)C(=O)Nc1ccc(N2CCOCC2)cc1,0,O=C(COC(=O)c1ccccc1)Nc1ccc(N2CCOCC2)cc1,447.51300000000026,2.0787,114.03999999999999,2,7,7,3,2,0.3333333333333333,31
CHEMBL2105740,Cc1cc2c(cc1CC(=O)c1sccc1S(=O)(=O)Nc1onc(C)c1Cl)OCO2,1,O=C(Cc1ccc2c(c1)OCO2)c1sccc1S(=O)(=O)Nc1ccno1,454.91300000000024,3.9612400000000028,107.73,1,8,6,4,3,0.2222222222222222,29
CHEMBL891,Cc1onc(-c2ccccc2Cl)c1C(=O)N[C@@H]1C(=O)N2[C@@H]1SC(C)(C)[C@@H]2C(=O)O,1,O=C(NC1C(=O)N2CCSC12)c1conc1-c1ccccc1,435.8890000000002,2.5487200000000003,112.74,2,6,4,4,2,0.3684210526315789,29
CHEMBL3278613,COC(CCNC1=C2NC(=O)/C(C)=C\C(=O)[C@@H]3C[C@@H]3[C@H](O)[C@@H](C)[C@@H](O)[C@@H](C)[C@H](OC(C)=O)[C@H](C)[C@@H](OC)/C=C/O[C@@]3(C)Oc4c(C)c(O)c(c(c4C3=O)C1=O)C2=O)OC,0,O=C1C=CC(=O)C2CC2CCCCCCCC=COC2Oc3ccc4c(c3C2=O)C(=O)C=C(N1)C4=O,826.893,2.5695200000000025,242.54999999999995,5,16,8,6,1,0.5714285714285714,59
CHEMBL3733117,Cc1nc(N[C@H](C)c2cccc(-c3cnn(C)c3)c2)cc(-c2ccc3ncsc3c2)n1,0,c1cc(CNc2cc(-c3ccc4ncsc4c3)ncn2)cc(-c2cn[nH]c2)c1,426.54900000000015,5.6353200000000045,68.52000000000001,1,6,5,5,5,0.16666666666666666,31
CHEMBL1917741,NC(=S)N1CCC(NC(=O)C(=O)Nc2ccc(Cl)cc2)CC1,0,O=C(Nc1ccccc1)C(=O)NC1CCNCC1,340.8360000000001,1.1027000000000005,87.46000000000001,3,3,2,2,1,0.35714285714285715,22
CHEMBL7863,C=CCC1(C(C)C)C(=O)NC(=O)NC1=O,1,O=C1CC(=O)NC(=O)N1,210.23299999999998,0.5709000000000001,75.27000000000001,2,3,3,1,0,0.5,15
CHEMBL3103073,CCCCCCCCCCCCC/C=C\CCCCCCCCCCCCCO,0,,408.75500000000034,9.917199999999996,20.23,1,1,25,0,0,0.9285714285714286,29
CHEMBL3707313,CC(C)(C)c1cc(-c2cc(-c3ccc(C(=O)O)cc3)ccc2OCCO)ccc1N1CCCC1,1,c1ccc(-c2cccc(-c3ccc(N4CCCC4)cc3)c2)cc1,459.58600000000035,5.987600000000008,70.0,2,4,7,4,3,0.3448275862068966,34
CHEMBL217044,O=C1c2ccccc2C(NCCO)(c2ccccc2)N1Cc1ccccc1,0,O=C1c2ccccc2C(c2ccccc2)N1Cc1ccccc1,358.4410000000001,3.1256000000000013,52.57,2,3,6,4,3,0.17391304347826086,27
CHEMBL523299,OC(c1ccccc1)(c1ccccc1)C12CC[N+](CCOCc3ccccc3)(CC1)CC2,1,c1ccc(COCC[N+]23CCC(C(c4ccccc4)c4ccccc4)(CC2)CC3)cc1,428.5960000000003,5.140000000000005,29.46,1,2,8,6,3,0.3793103448275862,32
CHEMBL1201129,Nc1ncn([C@H]2C[C@H](O)[C@@H](CO)O2)c(=O)n1,1,O=c1ncncn1C1CCCO1,228.20799999999997,-2.1388,123.49,3,7,2,2,1,0.625,16
CHEMBL31921,O=NN(CCCl)C(=O)NCCC(n1cc(F)c(=O)[nH]c1=O)n1c(=O)[nH]cc(F)c1=O,0,O=c1ccn(Cn2c(=O)cc[nH]c2=O)c(=O)[nH]1,449.75800000000015,-0.9663999999999995,171.48999999999998,3,7,8,2,2,0.35714285714285715,30
CHEMBL360409,C[C@@H](OP(=O)(O)O)[C@H](NC(=O)OCC1c2ccccc2-c2ccccc21)C(=O)N1CCC[C@H]1C(N)=O,0,O=C(NCC(=O)N1CCCC1)OCC1c2ccccc2-c2ccccc21,517.4750000000004,1.8677999999999997,168.49,4,6,8,4,2,0.375,36
CHEMBL3427574,COC(=O)[C@H](Cc1ccc(-n2nnc(-c3ccc(N(C)C)cc3)n2)cc1)N1C(=O)C=CC1=O,0,O=C1C=CC(=O)N1CCc1ccc(-n2nnc(-c3ccccc3)n2)cc1,446.46700000000016,1.4043999999999996,110.52000000000001,0,8,7,4,3,0.21739130434782608,33
CHEMBL3794381,COc1cc2[nH]cc(Cc3cc(OC)c(OC)c(OC)c3N)c2cc1OC,0,c1ccc(Cc2c[nH]c3ccccc23)cc1,372.42100000000016,3.3839000000000015,87.96000000000001,2,6,7,3,3,0.3,27
CHEMBL1830722,CCN(Cc1ccccc1)C(=O)c1nc(-c2ccccc2)no1,0,O=C(NCc1ccccc1)c1nc(-c2ccccc2)no1,307.353,3.398900000000002,59.230000000000004,0,4,5,3,3,0.16666666666666666,23
CHEMBL413,CO[C@H]1C[C@@H]2CC[C@@H](C)[C@@](O)(O2)C(=O)C(=O)N2CCCC[C@H]2C(=O)O[C@H]([C@H](C)C[C@@H]2CC[C@@H](O)[C@H](OC)C2)CC(=O)[C@H](C)/C=C(\C)[C@@H](O)[C@@H](OC)C(=O)[C@H](C)C[C@H](C)/C=C/C=C/C=C/1C,1,O=C1CCC=CCC(=O)CC(CCC2CCCCC2)OC(=O)C2CCCCN2C(=O)C(=O)C2CCCC(CCC=CC=CC=CCCC1)O2,914.187,6.180600000000006,195.42999999999995,3,13,6,4,0,0.7450980392156863,65
CHEMBL1289601,COc1cc2nccc(Oc3ccc(NC(=O)NC4CC4)c(Cl)c3)c2cc1C(N)=O,1,O=C(Nc1ccc(Oc2ccnc3ccccc23)cc1)NC1CC1,426.8600000000003,4.071900000000002,115.57,3,5,6,4,3,0.19047619047619047,30
CHEMBL30219,C=CCC1(C(C)C#CCC)C(=O)N=C(O)N(C)C1=O,1,O=C1CC(=O)NC=N1,262.30899999999997,1.5110000000000001,69.97,1,2,3,1,0,0.5,19
CHEMBL1200542,CC(=O)OCC(=O)[C@H]1CC[C@H]2[C@@H]3CCC4=CC(=O)CC[C@]4(C)[C@H]3CC[C@]12C,1,O=C1C=C2CCC3C4CCCC4CCC3C2CC1,372.5050000000002,4.266700000000004,60.440000000000005,0,4,3,4,0,0.782608695652174,27
CHEMBL4099896,CC(C(=O)NCc1ccc(C(C)(C)C)nc1SCc1ccccc1Cl)c1ccc(NS(C)(=O)=O)c(F)c1,0,O=C(Cc1ccccc1)NCc1cccnc1SCc1ccccc1,564.1480000000001,6.255300000000006,88.16,2,5,9,3,3,0.3333333333333333,37
CHEMBL518520,Cc1nnc(C(=O)NC(C)(C)c2nc(C(=O)NCc3ccc(F)cc3)c(O)c(=O)n2C)o1,1,O=C(NCc1ccccc1)c1cc(=O)[nH]c(CNC(=O)c2nnco2)n1,444.4230000000002,0.9115199999999997,152.24,3,8,6,3,3,0.3,32
CHEMBL371594,CCCCNC(=O)C(c1ccccc1)N1C(=O)CC1C(=O)NC(Cc1ccccc1)C(=O)OC,0,O=C(NCCc1ccccc1)C1CC(=O)N1Cc1ccccc1,465.5500000000002,2.1453999999999995,104.81000000000002,2,5,11,3,2,0.38461538461538464,34
CHEMBL1556441,CN(C)C(=O)CSc1nnc(NC(=O)CCc2ccccc2)s1,0,O=C(CCc1ccccc1)Nc1nncs1,350.469,2.2897,75.19,1,6,7,2,2,0.3333333333333333,23
CHEMBL3183451,C[C@H]1NCc2cc(-c3ccc4c(=O)c(C(=O)O)cn(C5CC5)c4c3OC(F)F)ccc21,1,O=c1ccn(C2CC2)c2cc(-c3ccc4c(c3)CNC4)ccc12,426.41900000000015,4.467200000000004,80.56000000000002,2,4,5,5,3,0.30434782608695654,31
CHEMBL2106732,COc1ccc2c(c1OC)C(=O)O[C@@H]2[C@H]1c2c(cc3c(c2OC)OCO3)CCN1C,1,O=C1OC(C2NCCc3cc4c(cc32)OCO4)c2ccccc21,413.4260000000003,2.881800000000001,75.69000000000001,0,8,4,5,2,0.4090909090909091,30
CHEMBL1057,O=C1OC2(c3ccc(O)cc3Oc3cc(O)ccc32)c2ccccc21,1,O=C1OC2(c3ccccc3Oc3ccccc32)c2ccccc21,332.31100000000004,3.6658000000000017,75.99000000000001,2,5,0,5,3,0.05,25
CHEMBL4297088,N=C(NCCCCCCNC(=N)NC(=N)Nc1ccc(Cl)cc1)NC(=N)Nc1ccc(Cl)cc1,1,N=C(NCCCCCCNC(=N)NC(=N)Nc1ccccc1)NC(=N)Nc1ccccc1,505.4580000000002,4.175280000000002,167.58,10,4,9,2,2,0.2727272727272727,34
CHEMBL1553055,COc1cccc(Cn2c(SCc3ccc(C(=O)N4CCC(C)CC4)cc3)nc3ccncc32)c1,0,O=C(c1ccc(CSc2nc3ccncc3n2Cc2ccccc2)cc1)N1CCCCC1,486.6410000000003,5.652600000000005,60.25,0,5,7,5,4,0.32142857142857145,35
CHEMBL2238258,CC1CCCC(C)N1CC#CCn1nc(-c2ccc(Cl)cc2)n(-c2ccccc2)c1=O,0,O=c1n(CC#CCN2CCCCC2)nc(-c2ccccc2)n1-c1ccccc1,434.9710000000001,4.620700000000004,43.06,0,3,4,4,3,0.36,31
